order_id,order_date,ship_date,customer,manufactory,product_name,segment,category,subcategory,region,zip,city,state,country,discount,profit,quantity,sales,profit_margin
US-2020-103800,2019-01-03,2019-01-07,Darren Powers,Message Book,"Message Book, Wirebound, Four 5 1/2"" X 4"" Forms/Pg., 200 Dupl. Sets/Book",Consumer,Office Supplies,Paper,Central,77095,Houston,Texas,United States,0.2,5.5512,2,16.448,0.3375
US-2020-112326,2019-01-04,2019-01-08,Phillina Ober,GBC,GBC Standard Plastic Binding Systems Combs,Home Office,Office Supplies,Binders,Central,60540,Naperville,Illinois,United States,0.8,-5.487,2,3.54,-1.55
US-2020-112326,2019-01-04,2019-01-08,Phillina Ober,Avery,Avery 508,Home Office,Office Supplies,Labels,Central,60540,Naperville,Illinois,United States,0.2,4.2717,3,11.784,0.3625
US-2020-112326,2019-01-04,2019-01-08,Phillina Ober,SAFCO,SAFCO Boltless Steel Shelving,Home Office,Office Supplies,Storage,Central,60540,Naperville,Illinois,United States,0.2,-64.7748,3,272.736,-0.2375
US-2020-141817,2019-01-05,2019-01-12,Mick Brown,Avery,"Avery Hi-Liter EverBold Pen Style Fluorescent Highlighters, 4/Pack",Consumer,Office Supplies,Art,East,19143,Philadelphia,Pennsylvania,United States,0.2,4.884,3,19.536,0.25
US-2020-106054,2019-01-06,2019-01-07,Jack O'Briant,Dixon,"Dixon Prang Watercolor Pencils, 10-Color Set with Brush",Corporate,Office Supplies,Art,South,30605,Athens,Georgia,United States,0.0,5.2398,3,12.78,0.41
US-2020-130813,2019-01-06,2019-01-08,Lycoris Saunders,Xerox,Xerox 225,Consumer,Office Supplies,Paper,West,90049,Los Angeles,California,United States,0.0,9.3312,3,19.44,0.48
US-2020-167199,2019-01-06,2019-01-10,Maria Etezadi,Global,Global Deluxe High-Back Manager's Chair,Home Office,Furniture,Chairs,South,42420,Henderson,Kentucky,United States,0.0,746.4078,9,2573.82,0.29
US-2020-167199,2019-01-06,2019-01-10,Maria Etezadi,Rogers,Rogers Handheld Barrel Pencil Sharpener,Home Office,Office Supplies,Art,South,42420,Henderson,Kentucky,United States,0.0,1.4796,2,5.48,0.27
US-2020-167199,2019-01-06,2019-01-10,Maria Etezadi,Ibico,Ibico Hi-Tech Manual Binding System,Home Office,Office Supplies,Binders,South,42420,Henderson,Kentucky,United States,0.0,274.491,2,609.98,0.45
US-2020-167199,2019-01-06,2019-01-10,Maria Etezadi,Alliance,"Alliance Super-Size Bands, Assorted Sizes",Home Office,Office Supplies,Fasteners,South,42420,Henderson,Kentucky,United States,0.0,0.3112,4,31.12,0.01
US-2020-167199,2019-01-06,2019-01-10,Maria Etezadi,Southworth,Southworth 25% Cotton Granite Paper & Envelopes,Home Office,Office Supplies,Paper,South,42420,Henderson,Kentucky,United States,0.0,3.0084,1,6.54,0.46
US-2020-167199,2019-01-06,2019-01-10,Maria Etezadi,Other,Wireless Extenders zBoost YX545 SOHO Signal Booster,Home Office,Technology,Phones,South,42420,Henderson,Kentucky,United States,0.0,204.1092,4,755.96,0.27
US-2020-167199,2019-01-06,2019-01-10,Maria Etezadi,GE,GE 30524EE4,Home Office,Technology,Phones,South,42420,Henderson,Kentucky,United States,0.0,113.6742,2,391.98,0.29
US-2020-105417,2019-01-07,2019-01-12,Vivek Sundaresam,Howard Miller,"Howard Miller 14-1/2"" Diameter Chrome Round Wall Clock",Consumer,Furniture,Furnishings,Central,77340,Huntsville,Texas,United States,0.6,-53.7096,3,76.728,-0.7
US-2020-105417,2019-01-07,2019-01-12,Vivek Sundaresam,Acco,"Acco Four Pocket Poly Ring Binder with Label Holder, Smoke, 1""",Consumer,Office Supplies,Binders,Central,77340,Huntsville,Texas,United States,0.8,-18.2525,7,10.43,-1.75
US-2020-135405,2019-01-09,2019-01-13,Melanie Seite,Newell,Newell 312,Consumer,Office Supplies,Art,Central,78041,Laredo,Texas,United States,0.2,1.168,2,9.344,0.125
US-2020-135405,2019-01-09,2019-01-13,Melanie Seite,Memorex,Memorex Micro Travel Drive 8 GB,Consumer,Technology,Accessories,Central,78041,Laredo,Texas,United States,0.2,9.75,3,31.2,0.3125
US-2020-149020,2019-01-10,2019-01-15,Anthony Jacobs,Howard Miller,"Howard Miller 11-1/2"" Diameter Ridgewood Wall Clock",Corporate,Furniture,Furnishings,South,22153,Springfield,Virginia,United States,0.0,21.2954,1,51.94,0.41
US-2020-149020,2019-01-10,2019-01-15,Anthony Jacobs,Avery,Avery 482,Corporate,Office Supplies,Labels,South,22153,Springfield,Virginia,United States,0.0,1.3583,1,2.89,0.47
US-2020-130092,2019-01-11,2019-01-14,Seth Vernon,DAX,"DAX Value U-Channel Document Frames, Easel Back",Consumer,Furniture,Furnishings,East,19901,Dover,Delaware,United States,0.0,3.0814,2,9.94,0.31
US-2020-109232,2019-01-13,2019-01-16,Natalie DeCherney,Global,Global Highback Leather Tilter in Burgundy,Consumer,Furniture,Chairs,South,29464,Mount Pleasant,South Carolina,United States,0.0,87.3504,6,545.94,0.16
US-2020-118192,2019-01-13,2019-01-18,Michael Moore,Avery,Avery Metallic Poly Binders,Consumer,Office Supplies,Binders,East,43055,Newark,Ohio,United States,0.7,-2.5212,2,3.438,-0.733333333
US-2020-118192,2019-01-13,2019-01-18,Michael Moore,Xerox,Xerox 1923,Consumer,Office Supplies,Paper,East,43055,Newark,Ohio,United States,0.2,13.0928,7,37.408,0.35
US-2020-157147,2019-01-13,2019-01-18,Brian Dahlen,O'Sullivan,"O'Sullivan Elevations Bookcase, Cherry Finish",Consumer,Furniture,Bookcases,West,94109,San Francisco,California,United States,0.15,3.9294,3,333.999,0.011764706
US-2020-157147,2019-01-13,2019-01-18,Brian Dahlen,Other,4009 Highlighters by Sanford,Consumer,Office Supplies,Art,West,94109,San Francisco,California,United States,0.0,6.567,5,19.9,0.33
US-2020-157147,2019-01-13,2019-01-18,Brian Dahlen,Tennsco,Tennsco 6- and 18-Compartment Lockers,Consumer,Office Supplies,Storage,West,94109,San Francisco,California,United States,0.0,238.653,5,1325.85,0.18
US-2020-162775,2019-01-13,2019-01-15,Chris Selesnick,3-ring staple pack,3-ring staple pack,Corporate,Office Supplies,Binders,South,71111,Bossier City,Louisiana,United States,0.0,2.7072,3,5.64,0.48
US-2020-162775,2019-01-13,2019-01-15,Chris Selesnick,Other,Brown Kraft Recycled Envelopes,Corporate,Office Supplies,Envelopes,South,71111,Bossier City,Louisiana,United States,0.0,25.47,3,50.94,0.5
US-2020-162775,2019-01-13,2019-01-15,Chris Selesnick,Staple envelope,Staple envelope,Corporate,Office Supplies,Envelopes,South,71111,Bossier City,Louisiana,United States,0.0,5.3392,2,11.36,0.47
US-2020-162775,2019-01-13,2019-01-15,Chris Selesnick,Fellowes,Fellowes Stor/Drawer Steel Plus Storage Drawers,Corporate,Office Supplies,Storage,South,71111,Bossier City,Louisiana,United States,0.0,34.3548,6,572.58,0.06
US-2020-162775,2019-01-13,2019-01-15,Chris Selesnick,Plantronics,Plantronics S12 Corded Telephone Headset System,Corporate,Technology,Accessories,South,71111,Bossier City,Louisiana,United States,0.0,258.696,6,646.74,0.4
US-2020-149524,2019-01-14,2019-01-15,Brendan Sweed,Sauder,Sauder Cornerstone Collection Library,Corporate,Furniture,Bookcases,East,19140,Philadelphia,Pennsylvania,United States,0.5,-53.2856,4,61.96,-0.86
US-2020-103366,2019-01-15,2019-01-17,Erica Hackney,Logitech,Logitech 910-002974 M325 Wireless Mouse for Web Scrolling,Consumer,Technology,Accessories,South,30076,Roswell,Georgia,United States,0.0,65.978,5,149.95,0.44
US-2020-115791,2019-01-16,2019-01-18,Delfina Latchford,DAX,DAX Black Cherry Wood-Tone Poster Frame,Consumer,Furniture,Furnishings,East,19134,Philadelphia,Pennsylvania,United States,0.2,28.5984,6,127.104,0.225
US-2020-115791,2019-01-16,2019-01-18,Delfina Latchford,GBC,GBC Linen Binding Covers,Consumer,Office Supplies,Binders,East,19134,Philadelphia,Pennsylvania,United States,0.7,-13.6312,2,18.588,-0.733333333
US-2020-115791,2019-01-16,2019-01-18,Delfina Latchford,Other,Round Specialty Laser Printer Labels,Consumer,Office Supplies,Labels,East,19134,Philadelphia,Pennsylvania,United States,0.2,10.1493,3,30.072,0.3375
US-2020-115791,2019-01-16,2019-01-18,Delfina Latchford,AT&T,AT&T 841000 Phone,Consumer,Technology,Phones,East,19134,Philadelphia,Pennsylvania,United States,0.4,-31.05,3,124.2,-0.25
US-2020-123477,2019-01-18,2019-01-21,David Wiener,Fellowes,Fellowes Mighty 8 Compact Surge Protector,Corporate,Office Supplies,Appliances,West,97477,Springfield,Oregon,United States,0.2,6.4864,4,64.864,0.1
US-2020-146591,2019-01-19,2019-01-20,Toby Swindell,O'Sullivan,O'Sullivan 4-Shelf Bookcase in Odessa Pine,Consumer,Furniture,Bookcases,West,85254,Scottsdale,Arizona,United States,0.7,-320.597,5,181.47,-1.766666667
US-2020-146591,2019-01-19,2019-01-20,Toby Swindell,GBC,"GBC Standard Recycled Report Covers, Clear Plastic Sheets",Consumer,Office Supplies,Binders,West,85254,Scottsdale,Arizona,United States,0.7,-23.716,10,32.34,-0.733333333
US-2020-146591,2019-01-19,2019-01-20,Toby Swindell,Tyvek,"Tyvek  Top-Opening Peel & Seel Envelopes, Plain White",Consumer,Office Supplies,Envelopes,West,85254,Scottsdale,Arizona,United States,0.2,36.693,5,108.72,0.3375
US-2020-146591,2019-01-19,2019-01-20,Toby Swindell,TOPS,"TOPS Carbonless Receipt Book, Four 2-3/4 x 7-1/4 Money Receipts per Page",Consumer,Office Supplies,Paper,West,85254,Scottsdale,Arizona,United States,0.2,19.6224,4,56.064,0.35
US-2020-147627,2019-01-20,2019-01-26,Hunter Lopez,Hon,Hon 4700 Series Mobuis Mid-Back Task Chairs with Adjustable Arms,Consumer,Furniture,Chairs,South,72401,Jonesboro,Arkansas,United States,0.0,224.2674,3,1067.94,0.21
US-2020-147627,2019-01-20,2019-01-26,Hunter Lopez,Eldon,"Eldon Expressions Desk Accessory, Wood Pencil Holder, Oak",Consumer,Furniture,Furnishings,South,72401,Jonesboro,Arkansas,United States,0.0,11.58,4,38.6,0.3
US-2020-147627,2019-01-20,2019-01-26,Hunter Lopez,Newell,Newell 351,Consumer,Office Supplies,Art,South,72401,Jonesboro,Arkansas,United States,0.0,6.6584,7,22.96,0.29
US-2020-147627,2019-01-20,2019-01-26,Hunter Lopez,Newell,Newell 327,Consumer,Office Supplies,Art,South,72401,Jonesboro,Arkansas,United States,0.0,1.7901,3,6.63,0.27
US-2020-147627,2019-01-20,2019-01-26,Hunter Lopez,Staple envelope,Staple envelope,Consumer,Office Supplies,Envelopes,South,72401,Jonesboro,Arkansas,United States,0.0,10.9698,3,23.34,0.47
US-2020-147627,2019-01-20,2019-01-26,Hunter Lopez,Apple,Apple iPhone 5C,Consumer,Technology,Phones,South,72401,Jonesboro,Arkansas,United States,0.0,181.9818,7,699.93,0.26
US-2020-147774,2019-01-20,2019-01-26,Muhammed MacIntyre,GBC,GBC DocuBind TL200 Manual Binding Machine,Corporate,Office Supplies,Binders,South,37167,Smyrna,Tennessee,United States,0.7,-51.5154,1,67.194,-0.766666667
US-2020-148614,2019-01-20,2019-01-25,Mark Van Huff,Eldon,"Eldon Expressions Desk Accessory, Wood Pencil Holder, Oak",Consumer,Furniture,Furnishings,West,90049,Los Angeles,California,United States,0.0,5.79,2,19.3,0.3
US-2020-148614,2019-01-20,2019-01-25,Mark Van Huff,Wirebound,"Wirebound Service Call Books, 5 1/2"" x 4""",Consumer,Office Supplies,Paper,West,90049,Los Angeles,California,United States,0.0,9.2928,2,19.36,0.48
US-2020-167927,2019-01-20,2019-01-26,Xylona Preis,Ultra,Ultra Door Push Plate,Consumer,Furniture,Furnishings,Central,48185,Westland,Michigan,United States,0.0,4.8609,3,14.73,0.33
US-2020-167927,2019-01-20,2019-01-26,Xylona Preis,Eldon,Eldon ClusterMat Chair Mat with Cordless Antistatic Protection,Consumer,Furniture,Furnishings,Central,48185,Westland,Michigan,United States,0.0,30.0234,3,272.94,0.11
US-2020-167927,2019-01-20,2019-01-26,Xylona Preis,Holmes,"Holmes Replacement Filter for HEPA Air Cleaner, Very Large Room, HEPA Filter",Consumer,Office Supplies,Appliances,Central,48185,Westland,Michigan,United States,0.1,93.5816,4,247.716,0.377777778
US-2020-167927,2019-01-20,2019-01-26,Xylona Preis,Panasonic,Panasonic KP-4ABK Battery-Operated Pencil Sharpener,Consumer,Office Supplies,Art,Central,48185,Westland,Michigan,United States,0.0,12.7368,3,43.92,0.29
US-2020-167927,2019-01-20,2019-01-26,Xylona Preis,Acco,"Acco Pressboard Covers with Storage Hooks, 9 1/2"" x 11"", Executive Red",Consumer,Office Supplies,Binders,Central,48185,Westland,Michigan,United States,0.0,8.9535,5,19.05,0.47
US-2020-167927,2019-01-20,2019-01-26,Xylona Preis,Storex,Storex Dura Pro Binders,Consumer,Office Supplies,Binders,Central,48185,Westland,Michigan,United States,0.0,13.365,5,29.7,0.45
US-2020-167927,2019-01-20,2019-01-26,Xylona Preis,Eldon,Eldon Fold 'N Roll Cart System,Consumer,Office Supplies,Storage,Central,48185,Westland,Michigan,United States,0.0,4.0542,1,13.98,0.29
US-2020-167927,2019-01-20,2019-01-26,Xylona Preis,Fellowes,Fellowes Bases and Tops For Staxonsteel/High-Stak Systems,Consumer,Office Supplies,Storage,Central,48185,Westland,Michigan,United States,0.0,15.9792,2,66.58,0.24
US-2020-110422,2019-01-21,2019-01-23,Tom Boeckenhauer,Ultra,Ultra Door Pull Handle,Consumer,Furniture,Furnishings,South,33180,Miami,Florida,United States,0.2,4.1028,3,25.248,0.1625
US-2020-102645,2019-01-23,2019-01-28,Ionia McGrath,Xerox,Xerox 195,Consumer,Office Supplies,Paper,West,89115,Las Vegas,Nevada,United States,0.0,19.2384,6,40.08,0.48
US-2020-146997,2019-01-23,2019-01-27,Speros Goranitis,Alliance,"Alliance Big Bands Rubber Bands, 12/Pack",Consumer,Office Supplies,Fasteners,Central,47905,Lafayette,Indiana,United States,0.0,0.0,3,5.94,0.0
US-2020-155502,2019-01-26,2019-01-31,Shirley Daniels,Eldon,Eldon Image Series Black Desk Accessories,Home Office,Furniture,Furnishings,South,22304,Alexandria,Virginia,United States,0.0,4.4712,3,12.42,0.36
US-2020-155502,2019-01-26,2019-01-31,Shirley Daniels,GE,"GE General Use Halogen Bulbs, 100 Watts, 1 Bulb per Pack",Home Office,Furniture,Furnishings,South,22304,Alexandria,Virginia,United States,0.0,30.7818,3,62.82,0.49
US-2020-155502,2019-01-26,2019-01-31,Shirley Daniels,REDIFORM,"REDIFORM Incoming/Outgoing Call Register, 11"" X 8 1/2"", 100 Messages",Home Office,Office Supplies,Paper,South,22304,Alexandria,Virginia,United States,0.0,8.34,2,16.68,0.5
US-2020-155502,2019-01-26,2019-01-31,Shirley Daniels,Eureka,"Eureka Recycled Copy Paper 8 1/2"" x 11"", Ream",Home Office,Office Supplies,Paper,South,22304,Alexandria,Virginia,United States,0.0,9.3312,3,19.44,0.48
US-2020-155502,2019-01-26,2019-01-31,Shirley Daniels,SAFCO,"SAFCO Commercial Wire Shelving, 72h",Home Office,Office Supplies,Storage,South,22304,Alexandria,Virginia,United States,0.0,0.0,8,489.92,0.0
US-2020-155502,2019-01-26,2019-01-31,Shirley Daniels,Jabra,Jabra SPEAK 410,Home Office,Technology,Phones,South,22304,Alexandria,Virginia,United States,0.0,52.6344,2,187.98,0.28
US-2020-155502,2019-01-26,2019-01-31,Shirley Daniels,Other,Macally Suction Cup Mount,Home Office,Technology,Phones,South,22304,Alexandria,Virginia,United States,0.0,0.0,13,155.35,0.0
US-2020-167997,2019-01-26,2019-01-29,Carol Adams,SAFCO,"Safco Value Mate Series Steel Bookcases, Baked Enamel Finish on Steel, Gray",Corporate,Furniture,Bookcases,Central,57701,Rapid City,South Dakota,United States,0.0,39.7488,2,141.96,0.28
US-2020-167997,2019-01-26,2019-01-29,Carol Adams,Wilson Jones,Wilson Jones 14 Line Acrylic Coated Pressboard Data Binders,Corporate,Office Supplies,Binders,Central,57701,Rapid City,South Dakota,United States,0.0,5.0196,2,10.68,0.47
US-2020-117163,2019-01-27,2019-02-02,Ed Jacobs,Balt,Balt Split Level Computer Training Table,Consumer,Furniture,Tables,West,92037,San Diego,California,United States,0.2,-16.65,3,333.0,-0.05
US-2020-117163,2019-01-27,2019-02-02,Ed Jacobs,Dixon,Dixon Ticonderoga Core-Lock Colored Pencils,Consumer,Office Supplies,Art,West,92037,San Diego,California,United States,0.0,12.0252,4,36.44,0.33
US-2020-117163,2019-01-27,2019-02-02,Ed Jacobs,Other,Recycled Steel Personal File for Hanging File Folders,Consumer,Office Supplies,Storage,West,92037,San Diego,California,United States,0.0,14.3075,1,57.23,0.25
US-2020-100328,2019-01-28,2019-02-03,Jasper Cacioppo,Pressboard,"Pressboard Covers with Storage Hooks, 9 1/2"" x 11"", Light Blue",Consumer,Office Supplies,Binders,East,10024,New York City,New York,United States,0.2,1.3257,1,3.928,0.3375
US-2020-134103,2019-01-30,2019-02-04,Mike Vittorini,Xerox,Xerox 1972,Consumer,Office Supplies,Paper,Central,48234,Detroit,Michigan,United States,0.0,4.752,2,10.56,0.45
US-2020-134103,2019-01-30,2019-02-04,Mike Vittorini,Space Solutions,Space Solutions HD Industrial Steel Shelving.,Consumer,Office Supplies,Storage,Central,48234,Detroit,Michigan,United States,0.0,6.8982,2,229.94,0.03
US-2020-115161,2019-01-31,2019-02-02,Liz Carlisle,Sauder,"Sauder Facets Collection Library, Sky Alder Finish",Consumer,Furniture,Bookcases,West,92691,Mission Viejo,California,United States,0.15,3.4196,2,290.666,0.011764706
US-2020-140795,2019-02-01,2019-02-03,Bradley Drucker,Enermax,Enermax Aurora Lite Keyboard,Consumer,Technology,Accessories,Central,54302,Green Bay,Wisconsin,United States,0.0,206.316,6,468.9,0.44
US-2020-123400,2019-02-02,2019-02-09,Eric Barreto,Other,Surelock Post Binders,Consumer,Office Supplies,Binders,South,33710,Saint Petersburg,Florida,United States,0.7,-12.224,2,18.336,-0.666666667
US-2020-123400,2019-02-02,2019-02-09,Eric Barreto,AT&T,AT&T 17929 Lendline Telephone,Consumer,Technology,Phones,South,33710,Saint Petersburg,Florida,United States,0.2,13.572,5,180.96,0.075
US-2020-139857,2019-02-02,2019-02-06,Cynthia Delaney,Other,Staples,Home Office,Office Supplies,Fasteners,West,92037,San Diego,California,United States,0.0,5.8045,5,12.35,0.47
US-2020-111059,2019-02-03,2019-02-06,Tom Boeckenhauer,Avery,Avery Durable Poly Binders,Consumer,Office Supplies,Binders,West,98105,Seattle,Washington,United States,0.2,4.3134,3,13.272,0.325
US-2020-111059,2019-02-03,2019-02-06,Tom Boeckenhauer,Ibico,Ibico Laser Imprintable Binding System Covers,Consumer,Office Supplies,Binders,West,98105,Seattle,Washington,United States,0.2,27.248,2,83.84,0.325
US-2020-104808,2019-02-04,2019-02-08,Mark Haberlin,GBC,"GBC Standard Recycled Report Covers, Clear Plastic Sheets",Corporate,Office Supplies,Binders,West,92025,Escondido,California,United States,0.2,6.0368,2,17.248,0.35
US-2020-107181,2019-02-04,2019-02-08,Deborah Brumfield,GBC,GBC Recycled Grain Textured Covers,Home Office,Office Supplies,Binders,West,92024,San Diego,California,United States,0.2,29.0136,3,82.896,0.35
US-2020-107181,2019-02-04,2019-02-08,Deborah Brumfield,Message Book,"Message Book, Standard Line ""While You Were Out"", 5 1/2"" X 4"", 200 Sets/Book",Home Office,Office Supplies,Paper,West,92024,San Diego,California,United States,0.0,16.0928,4,34.24,0.47
US-2020-108182,2019-02-06,2019-02-10,Delfina Latchford,Avery,"Avery Flip-Chart Easel Binder, Black",Consumer,Office Supplies,Binders,Central,60441,Romeoville,Illinois,United States,0.8,-14.7708,2,8.952,-1.65
US-2020-131905,2019-02-06,2019-02-09,Neil Ducich,Avery,Avery 480,Corporate,Office Supplies,Labels,South,23320,Chesapeake,Virginia,United States,0.0,7.2,4,15.0,0.48
US-2020-131905,2019-02-06,2019-02-09,Neil Ducich,AT&T,AT&T CL82213,Corporate,Technology,Phones,South,23320,Chesapeake,Virginia,United States,0.0,42.0355,5,144.95,0.29
US-2020-131905,2019-02-06,2019-02-09,Neil Ducich,Other,Aastra 57i VoIP phone,Corporate,Technology,Phones,South,23320,Chesapeake,Virginia,United States,0.0,42.0186,1,161.61,0.26
US-2020-107755,2019-02-07,2019-02-12,Cyma Kinney,Maxell,Maxell DVD-RAM Discs,Corporate,Technology,Accessories,East,7036,Linden,New Jersey,United States,0.0,49.6048,7,115.36,0.43
US-2020-169390,2019-02-07,2019-02-10,Chris Selesnick,Acco,Acco Perma 4000 Stacking Storage Drawers,Corporate,Office Supplies,Storage,East,10024,New York City,New York,United States,0.0,9.744,4,64.96,0.15
US-2020-125759,2019-02-08,2019-02-09,Nathan Mautz,Master Caster,"Master Caster Door Stop, Large Brown",Home Office,Furniture,Furnishings,West,89031,North Las Vegas,Nevada,United States,0.0,5.5328,2,14.56,0.38
US-2020-127614,2019-02-11,2019-02-15,Natalie Fritzler,Hon,Hon 2111 Invitation Series Corner Table,Consumer,Furniture,Tables,South,23320,Chesapeake,Virginia,United States,0.0,75.3732,6,1256.22,0.06
US-2020-127614,2019-02-11,2019-02-15,Natalie Fritzler,Wilson Jones,Wilson Jones Leather-Like Binders with DublLock Round Rings,Consumer,Office Supplies,Binders,South,23320,Chesapeake,Virginia,United States,0.0,8.2062,2,17.46,0.47
US-2020-127614,2019-02-11,2019-02-15,Natalie Fritzler,Enermax,Enermax Aurora Lite Keyboard,Consumer,Technology,Accessories,South,23320,Chesapeake,Virginia,United States,0.0,103.158,3,234.45,0.44
US-2020-168368,2019-02-11,2019-02-15,Guy Armstrong,Global,"Global Value Mid-Back Manager's Chair, Gray",Consumer,Furniture,Chairs,Central,65203,Columbia,Missouri,United States,0.0,15.2225,1,60.89,0.25
US-2020-168368,2019-02-11,2019-02-15,Guy Armstrong,Other,"Rubbermaid ClusterMat Chairmats, Mat Size- 66"" x 60"", Lip 20"" x 11"" -90 Degree Angle",Consumer,Furniture,Furnishings,Central,65203,Columbia,Missouri,United States,0.0,53.2704,3,332.94,0.16
US-2020-168368,2019-02-11,2019-02-15,Guy Armstrong,Other,VariCap6 Expandable Binder,Consumer,Office Supplies,Binders,Central,65203,Columbia,Missouri,United States,0.0,24.393,3,51.9,0.47
US-2020-168368,2019-02-11,2019-02-15,Guy Armstrong,Wilson Jones,Wilson Jones Turn Tabs Binder Tool for Ring Binders,Consumer,Office Supplies,Binders,Central,65203,Columbia,Missouri,United States,0.0,4.4344,2,9.64,0.46
US-2020-168368,2019-02-11,2019-02-15,Guy Armstrong,Avery,Avery 483,Consumer,Office Supplies,Labels,Central,65203,Columbia,Missouri,United States,0.0,6.8724,3,14.94,0.46
US-2020-168368,2019-02-11,2019-02-15,Guy Armstrong,Fellowes,Fellowes Neat Ideas Storage Cubes,Consumer,Office Supplies,Storage,Central,65203,Columbia,Missouri,United States,0.0,2.5984,2,64.96,0.04
US-2020-110674,2019-02-12,2019-02-18,Sanjit Chand,Global,"Global Geo Office Task Chair, Gray",Consumer,Furniture,Chairs,West,94521,Concord,California,United States,0.2,-24.294,2,129.568,-0.1875
US-2020-107706,2019-02-14,2019-02-19,Shui Tom,Other,"Memo Book, 100 Message Capacity, 5 3/8” x 11”",Consumer,Office Supplies,Paper,Central,77095,Houston,Texas,United States,0.2,6.066,3,16.176,0.375
US-2020-121762,2019-02-14,2019-02-18,Marina Lichtenstein,Belkin,Belkin 8 Outlet Surge Protector,Corporate,Office Supplies,Appliances,West,98103,Seattle,Washington,United States,0.0,22.9488,2,81.96,0.28
US-2020-121762,2019-02-14,2019-02-18,Marina Lichtenstein,Other,Compact Automatic Electric Letter Opener,Corporate,Office Supplies,Supplies,West,98103,Seattle,Washington,United States,0.0,4.7724,2,238.62,0.02
US-2020-121762,2019-02-14,2019-02-18,Marina Lichtenstein,Logitech,Logitech G600 MMO Gaming Mouse,Corporate,Technology,Accessories,West,98103,Seattle,Washington,United States,0.0,86.3892,3,239.97,0.36
US-2020-165568,2019-02-15,2019-02-19,Barry Französisch,Pressboard,Pressboard Data Binders by Wilson Jones,Corporate,Office Supplies,Binders,West,98105,Seattle,Washington,United States,0.2,7.209,5,21.36,0.3375
US-2020-122567,2019-02-16,2019-02-21,Michael Nguyen,Holmes,"Holmes Cool Mist Humidifier for the Whole House with 8-Gallon Output per Day, Extended Life Filter",Consumer,Office Supplies,Appliances,Central,75220,Dallas,Texas,United States,0.8,-13.93,2,7.96,-1.75
US-2020-122567,2019-02-16,2019-02-21,Michael Nguyen,Wilson Jones,Wilson Jones Easy Flow II Sheet Lifters,Consumer,Office Supplies,Binders,Central,75220,Dallas,Texas,United States,0.8,-1.728,3,1.08,-1.6
US-2020-154165,2019-02-17,2019-02-24,Delfina Latchford,Staples in misc. colors,Staples in misc. colors,Consumer,Office Supplies,Art,Central,60653,Chicago,Illinois,United States,0.2,8.8088,14,54.208,0.1625
US-2020-152905,2019-02-18,2019-02-24,Aaron Bergman,Akro,Akro Stacking Bins,Consumer,Office Supplies,Storage,Central,76017,Arlington,Texas,United States,0.2,-2.5248,2,12.624,-0.2
US-2020-165589,2019-02-18,2019-02-18,Troy Blackwell,DAX,"DAX Copper Panel Document Frame, 5 x 7 Size",Consumer,Furniture,Furnishings,Central,79424,Lubbock,Texas,United States,0.6,-11.322,5,25.16,-0.45
US-2020-109491,2019-02-20,2019-02-26,Linda Cazamias,Master Caster,"Master Caster Door Stop, Brown",Corporate,Furniture,Furnishings,Central,47374,Richmond,Indiana,United States,0.0,6.9088,4,20.32,0.34
US-2020-109491,2019-02-20,2019-02-26,Linda Cazamias,Enermax,Enermax Briskie RF Wireless Keyboard and Mouse Combo,Corporate,Technology,Accessories,Central,47374,Richmond,Indiana,United States,0.0,22.4316,3,62.31,0.36
US-2020-164903,2019-02-20,2019-02-24,Steven Roelle,Xerox,Xerox 204,Home Office,Office Supplies,Paper,West,90049,Los Angeles,California,United States,0.0,6.2208,2,12.96,0.48
US-2020-165540,2019-02-21,2019-02-25,Tamara Manning,GBC,GBC Standard Plastic Binding Systems Combs,Consumer,Office Supplies,Binders,Central,60098,Woodstock,Illinois,United States,0.8,-13.7175,5,8.85,-1.55
US-2020-133354,2019-02-22,2019-02-24,Sue Ann Reed,Xerox,Xerox 220,Consumer,Office Supplies,Paper,West,92553,Moreno Valley,California,United States,0.0,9.3312,3,19.44,0.48
US-2020-103744,2019-02-23,2019-02-27,Michael Grace,GBC,GBC Plastic Binding Combs,Home Office,Office Supplies,Binders,Central,79907,El Paso,Texas,United States,0.8,-6.8634,3,4.428,-1.55
US-2020-103744,2019-02-23,2019-02-27,Michael Grace,Staple-on labels,Staple-on labels,Home Office,Office Supplies,Labels,Central,79907,El Paso,Texas,United States,0.2,2.3409,3,6.936,0.3375
US-2020-137680,2019-02-24,2019-03-02,Jennifer Halladay,TOPS,"TOPS 4 x 6 Fluorescent Color Memo Sheets, 500 Sheets per Pack",Consumer,Office Supplies,Paper,West,97504,Medford,Oregon,United States,0.2,7.6869,3,22.776,0.3375
US-2020-137680,2019-02-24,2019-03-02,Jennifer Halladay,Message Book,"Message Book, Wirebound, Four 5 1/2"" X 4"" Forms/Pg., 200 Dupl. Sets/Book",Consumer,Office Supplies,Paper,West,97504,Medford,Oregon,United States,0.2,11.1024,4,32.896,0.3375
US-2020-156545,2019-02-27,2019-03-03,Joy Smith,Zebra,Zebra Zazzle Fluorescent Highlighters,Consumer,Office Supplies,Art,East,43229,Columbus,Ohio,United States,0.2,3.4048,4,19.456,0.175
US-2020-104269,2019-03-01,2019-03-06,Dave Brooks,Global,Global Deluxe High-Back Manager's Chair,Consumer,Furniture,Chairs,West,98115,Seattle,Washington,United States,0.2,51.4764,2,457.568,0.1125
US-2020-113880,2019-03-01,2019-03-05,Vicky Freymann,Novimex,Novimex Swivel Fabric Task Chair,Home Office,Furniture,Chairs,Central,60126,Elmhurst,Illinois,United States,0.3,-172.1172,6,634.116,-0.271428571
US-2020-113880,2019-03-01,2019-03-05,Vicky Freymann,Other,"Black Print Carbonless 8 1/2"" x 8 1/4"" Rapid Memo Book",Home Office,Office Supplies,Paper,Central,60126,Elmhurst,Illinois,United States,0.2,5.6784,3,17.472,0.325
US-2020-131009,2019-03-01,2019-03-05,Shahid Collister,Other,Harbour Creations Steel Folding Chair,Consumer,Furniture,Chairs,Central,79907,El Paso,Texas,United States,0.3,0.0,6,362.25,0.0
US-2020-131009,2019-03-01,2019-03-05,Shahid Collister,DAX,DAX Black Cherry Wood-Tone Poster Frame,Consumer,Furniture,Furnishings,Central,79907,El Paso,Texas,United States,0.6,-34.9536,6,63.552,-0.55
US-2020-131009,2019-03-01,2019-03-05,Shahid Collister,Other,Plymouth Boxed Rubber Bands by Plymouth,Consumer,Office Supplies,Fasteners,Central,79907,El Paso,Texas,United States,0.2,-3.5325,5,18.84,-0.1875
US-2020-131009,2019-03-01,2019-03-05,Shahid Collister,Fellowes,Fellowes Bankers Box Recycled Super Stor/Drawer,Consumer,Office Supplies,Storage,Central,79907,El Paso,Texas,United States,0.2,-22.6716,3,129.552,-0.175
US-2020-143707,2019-03-01,2019-03-05,Hallie Redmond,Other,Sannysis Cute Owl Design Soft Skin Case Cover for Samsung Galaxy S4,Home Office,Technology,Phones,East,10035,New York City,New York,United States,0.0,1.6038,3,5.94,0.27
US-2020-168312,2019-03-01,2019-03-07,Giulietta Weimer,Bevis,Bevis Round Conference Room Tables and Bases,Consumer,Furniture,Tables,Central,77036,Houston,Texas,United States,0.3,-43.0296,3,376.509,-0.114285714
US-2020-168312,2019-03-01,2019-03-07,Giulietta Weimer,Other,Recycled Steel Personal File for Hanging File Folders,Consumer,Office Supplies,Storage,Central,77036,Houston,Texas,United States,0.2,8.5845,3,137.352,0.0625
US-2020-107524,2019-03-02,2019-03-08,Kristina Nunn,Staple envelope,Staple envelope,Home Office,Office Supplies,Envelopes,East,10009,New York City,New York,United States,0.0,5.3392,2,11.36,0.47
US-2020-107524,2019-03-02,2019-03-08,Kristina Nunn,Array,"Array Parchment Paper, Assorted Colors",Home Office,Office Supplies,Paper,East,10009,New York City,New York,United States,0.0,17.472,5,36.4,0.48
US-2020-111157,2019-03-02,2019-03-06,Nicole Hansen,Xerox 1971,Xerox 1971,Corporate,Office Supplies,Paper,East,19120,Philadelphia,Pennsylvania,United States,0.2,1.07,1,3.424,0.3125
US-2020-111157,2019-03-02,2019-03-06,Nicole Hansen,Other,Hypercom P1300 Pinpad,Corporate,Technology,Accessories,East,19120,Philadelphia,Pennsylvania,United States,0.2,32.13,3,151.2,0.2125
US-2020-105648,2019-03-03,2019-03-07,Eva Jacobs,Bevis,"Bevis Oval Conference Table, Walnut",Consumer,Furniture,Tables,West,92037,San Diego,California,United States,0.2,-23.4882,3,626.352,-0.0375
US-2020-127964,2019-03-03,2019-03-08,Anne Pryor,Cardinal,"Cardinal HOLDit! Binder Insert Strips,Extra Strips",Home Office,Office Supplies,Binders,East,10035,New York City,New York,United States,0.2,9.1785,5,25.32,0.3625
US-2020-127964,2019-03-03,2019-03-08,Anne Pryor,Ibico,Ibico Laser Imprintable Binding System Covers,Home Office,Office Supplies,Binders,East,10035,New York City,New York,United States,0.2,40.872,3,125.76,0.325
US-2020-127964,2019-03-03,2019-03-08,Anne Pryor,Other,PowerGen Dual USB Car Charger,Home Office,Technology,Phones,East,10035,New York City,New York,United States,0.0,4.5954,1,9.99,0.46
US-2020-127978,2019-03-03,2019-03-08,Jill Stevenson,O'Sullivan,O'Sullivan 4-Shelf Bookcase in Odessa Pine,Corporate,Furniture,Bookcases,East,43229,Columbus,Ohio,United States,0.5,-199.617,5,302.45,-0.66
US-2020-127978,2019-03-03,2019-03-08,Jill Stevenson,Avery,Avery 495,Corporate,Office Supplies,Labels,East,43229,Columbus,Ohio,United States,0.2,4.914,3,15.12,0.325
US-2020-127978,2019-03-03,2019-03-08,Jill Stevenson,Eldon,Eldon Shelf Savers Cubes and Bins,Corporate,Office Supplies,Storage,East,43229,Columbus,Ohio,United States,0.2,-10.0512,8,44.672,-0.225
US-2020-130421,2019-03-03,2019-03-07,Sam Craven,Other,3.6 Cubic Foot Counter Height Office Refrigerator,Consumer,Office Supplies,Appliances,Central,77095,Houston,Texas,United States,0.8,-459.6072,3,176.772,-2.6
US-2020-155852,2019-03-03,2019-03-07,Ashley Jarboe,Zebra,Zebra Zazzle Fluorescent Highlighters,Consumer,Office Supplies,Art,South,28403,Wilmington,North Carolina,United States,0.2,3.4048,4,19.456,0.175
US-2020-116239,2019-03-04,2019-03-04,Clay Ludtke,Other,Sensible Storage WireTech Storage Systems,Consumer,Office Supplies,Storage,South,29203,Columbia,South Carolina,United States,0.0,17.745,5,354.9,0.05
US-2020-117016,2019-03-04,2019-03-09,Sanjit Chand,BIC,"BIC Brite Liner Highlighters, Chisel Tip",Consumer,Office Supplies,Art,South,33063,Margate,Florida,United States,0.2,2.3328,3,15.552,0.15
US-2020-169061,2019-03-05,2019-03-08,Aimee Bixby,Newell,Newell 345,Consumer,Office Supplies,Art,East,10701,Yonkers,New York,United States,0.0,15.4752,3,59.52,0.26
US-2020-169061,2019-03-05,2019-03-08,Aimee Bixby,GBC,GBC Wire Binding Combs,Consumer,Office Supplies,Binders,East,10701,Yonkers,New York,United States,0.2,16.7508,6,49.632,0.3375
US-2020-169061,2019-03-05,2019-03-08,Aimee Bixby,Xerox,Xerox 1891,Consumer,Office Supplies,Paper,East,10701,Yonkers,New York,United States,0.0,45.9754,2,97.82,0.47
US-2020-169061,2019-03-05,2019-03-08,Aimee Bixby,Acme,Acme Forged Steel Scissors with Black Enamel Handles,Consumer,Office Supplies,Supplies,East,10701,Yonkers,New York,United States,0.0,5.3998,2,18.62,0.29
US-2020-169061,2019-03-05,2019-03-08,Aimee Bixby,Logitech,Logitech Wireless Gaming Headset G930,Consumer,Technology,Accessories,East,10701,Yonkers,New York,United States,0.0,177.5889,3,479.97,0.37
US-2020-104563,2019-03-07,2019-03-12,Craig Molinari,Office Star,Office Star - Task Chair with Contemporary Loop Arms,Corporate,Furniture,Chairs,West,98103,Seattle,Washington,United States,0.2,21.8352,6,436.704,0.05
US-2020-104563,2019-03-07,2019-03-12,Craig Molinari,Global,"Global Leather and Oak Executive Chair, Black",Corporate,Furniture,Chairs,West,98103,Seattle,Washington,United States,0.2,54.1764,2,481.568,0.1125
US-2020-104563,2019-03-07,2019-03-12,Craig Molinari,Newell,Newell Chalk Holder,Corporate,Office Supplies,Art,West,98103,Seattle,Washington,United States,0.0,9.499,5,20.65,0.46
US-2020-104563,2019-03-07,2019-03-12,Craig Molinari,Other,"Contico 72""H Heavy-Duty Storage System",Corporate,Office Supplies,Storage,West,98103,Seattle,Washington,United States,0.0,0.0,5,204.9,0.0
US-2020-131982,2019-03-07,2019-03-11,Nora Pelletier,Other,Catalog Binders with Expanding Posts,Home Office,Office Supplies,Binders,West,98198,Des Moines,Washington,United States,0.2,33.64,2,107.648,0.3125
US-2020-156587,2019-03-07,2019-03-08,Aaron Bergman,Global,"Global Push Button Manager's Chair, Indigo",Consumer,Furniture,Chairs,West,98103,Seattle,Washington,United States,0.2,5.4801,1,48.712,0.1125
US-2020-156587,2019-03-07,2019-03-08,Aaron Bergman,Newell,Newell 330,Consumer,Office Supplies,Art,West,98103,Seattle,Washington,United States,0.0,4.6644,3,17.94,0.26
US-2020-156587,2019-03-07,2019-03-08,Aaron Bergman,Carina,"Carina 42""Hx23 3/4""W Media Storage Unit",Consumer,Office Supplies,Storage,West,98103,Seattle,Washington,United States,0.0,4.8588,3,242.94,0.02
US-2020-100279,2019-03-10,2019-03-14,Scott Williamson,Other,"Geographics Note Cards, Blank, White, 8 1/2"" x 11""",Consumer,Office Supplies,Paper,Central,48073,Royal Oak,Michigan,United States,0.0,10.7424,2,22.38,0.48
US-2020-140116,2019-03-10,2019-03-17,Kean Thornton,Boston,"BOSTON Ranger #55 Pencil Sharpener, Black",Consumer,Office Supplies,Art,West,80219,Denver,Colorado,United States,0.2,9.3564,4,83.168,0.1125
US-2020-140116,2019-03-10,2019-03-17,Kean Thornton,Tennsco,Tennsco 6- and 18-Compartment Lockers,Consumer,Office Supplies,Storage,West,80219,Denver,Colorado,United States,0.2,-15.9102,3,636.408,-0.025
US-2020-103338,2019-03-11,2019-03-15,Richard Bierner,Other,Economy #2 Pencils,Consumer,Office Supplies,Art,West,95661,Roseville,California,United States,0.0,2.0748,3,7.98,0.26
US-2020-114790,2019-03-11,2019-03-13,Filia McAdams,Fellowes,"Fellowes Premier Superior Surge Suppressor, 10-Outlet, With Phone and Remote",Corporate,Office Supplies,Appliances,South,40475,Richmond,Kentucky,United States,0.0,38.1576,3,146.76,0.26
US-2020-114790,2019-03-11,2019-03-13,Filia McAdams,Xerox,Xerox 198,Corporate,Office Supplies,Paper,South,40475,Richmond,Kentucky,United States,0.0,7.0218,3,14.94,0.47
US-2020-114790,2019-03-11,2019-03-13,Filia McAdams,Maxell,Maxell DVD-RAM Discs,Corporate,Technology,Accessories,South,40475,Richmond,Kentucky,United States,0.0,14.1728,2,32.96,0.43
US-2020-114790,2019-03-11,2019-03-13,Filia McAdams,Panasonic,Panasonic KX-TG9471B,Corporate,Technology,Phones,South,40475,Richmond,Kentucky,United States,0.0,164.6316,3,587.97,0.28
US-2020-158337,2019-03-11,2019-03-14,Kelly Andreada,Southworth,"Southworth 100% Résumé Paper, 24lb.",Consumer,Office Supplies,Paper,East,10024,New York City,New York,United States,0.0,49.014,14,108.92,0.45
US-2020-166884,2019-03-11,2019-03-16,Chloris Kastensmidt,Eldon,Eldon Wave Desk Accessories,Consumer,Furniture,Furnishings,East,43229,Columbus,Ohio,United States,0.2,2.288,5,8.32,0.275
US-2020-166884,2019-03-11,2019-03-16,Chloris Kastensmidt,Stockwell,Stockwell Push Pins,Consumer,Office Supplies,Fasteners,East,43229,Columbus,Ohio,United States,0.2,1.7004,6,10.464,0.1625
US-2020-100293,2019-03-14,2019-03-18,Neil Französisch,Xerox,Xerox 1887,Home Office,Office Supplies,Paper,South,32216,Jacksonville,Florida,United States,0.2,31.8696,6,91.056,0.35
US-2020-114510,2019-03-14,2019-03-19,Jason Fortune-,GBC,GBC Wire Binding Combs,Consumer,Office Supplies,Binders,West,84321,Logan,Utah,United States,0.2,11.1672,4,33.088,0.3375
US-2020-114510,2019-03-14,2019-03-19,Jason Fortune-,Other,"Premium Transparent Presentation Covers, No Pattern/Clear, 8 1/2"" x 11""",Consumer,Office Supplies,Binders,West,84321,Logan,Utah,United States,0.2,20.1656,2,62.048,0.325
US-2020-114510,2019-03-14,2019-03-19,Jason Fortune-,Carina,Carina Double Wide Media Storage Towers in Natural & Black,Consumer,Office Supplies,Storage,West,84321,Logan,Utah,United States,0.0,3.2392,1,80.98,0.04
US-2020-114510,2019-03-14,2019-03-19,Jason Fortune-,Staple magnet,Staple magnet,Consumer,Office Supplies,Storage,West,84321,Logan,Utah,United States,0.0,5.7672,2,21.36,0.27
US-2020-114510,2019-03-14,2019-03-19,Jason Fortune-,Imation,Imation 30456 USB Flash Drive 8GB,Consumer,Technology,Accessories,West,84321,Logan,Utah,United States,0.0,6.624,12,82.8,0.08
US-2020-125521,2019-03-14,2019-03-19,Christine Kargatis,Global,Global Commerce Series High-Back Swivel/Tilt Chairs,Home Office,Furniture,Chairs,South,23320,Chesapeake,Virginia,United States,0.0,284.98,4,1139.92,0.25
US-2020-152618,2019-03-14,2019-03-17,Rick Bensley,Xerox,Xerox 1963,Home Office,Office Supplies,Paper,Central,60653,Chicago,Illinois,United States,0.2,2.64,2,8.448,0.3125
US-2020-152618,2019-03-14,2019-03-17,Rick Bensley,Hewlett-Packard,Hewlett-Packard Deskjet 6540 Color Inkjet Printer,Home Office,Technology,Machines,Central,60653,Chicago,Illinois,United States,0.3,156.047,2,574.91,0.271428571
US-2020-157623,2019-03-14,2019-03-18,Dean Katz,Avery,Avery Hi-Liter Fluorescent Desk Style Markers,Corporate,Office Supplies,Art,West,92646,Huntington Beach,California,United States,0.0,1.2506,1,3.38,0.37
US-2020-157623,2019-03-14,2019-03-18,Dean Katz,Xerox,Xerox 1972,Corporate,Office Supplies,Paper,West,92646,Huntington Beach,California,United States,0.0,4.752,2,10.56,0.45
US-2020-149958,2019-03-15,2019-03-19,Alan Shonely,Eldon,"Eldon Expressions Desk Accessory, Wood Photo Frame, Mahogany",Consumer,Furniture,Furnishings,South,33614,Tampa,Florida,United States,0.2,5.1408,3,45.696,0.1125
US-2020-149958,2019-03-15,2019-03-19,Alan Shonely,Other,Insertable Tab Post Binder Dividers,Consumer,Office Supplies,Binders,South,33614,Tampa,Florida,United States,0.7,-5.5338,3,7.218,-0.766666667
US-2020-149958,2019-03-15,2019-03-19,Alan Shonely,GBC,GBC VeloBinder Manual Binding System,Consumer,Office Supplies,Binders,South,33614,Tampa,Florida,United States,0.7,-31.6712,4,43.188,-0.733333333
US-2020-149958,2019-03-15,2019-03-19,Alan Shonely,Xerox,Xerox 1889,Consumer,Office Supplies,Paper,South,33614,Tampa,Florida,United States,0.2,47.8152,3,131.904,0.3625
US-2020-149958,2019-03-15,2019-03-19,Alan Shonely,Other,"Hot File 7-Pocket, Floor Stand",Consumer,Office Supplies,Storage,South,33614,Tampa,Florida,United States,0.2,17.847,1,142.776,0.125
US-2020-157609,2019-03-16,2019-03-21,Kristina Nunn,Polycom,Polycom VoiceStation 500 Conference phone,Home Office,Technology,Phones,South,27604,Raleigh,North Carolina,United States,0.2,29.495,2,471.92,0.0625
US-2020-118339,2019-03-17,2019-03-24,Bradley Nguyen,Bionaire,Bionaire Personal Warm Mist Humidifier/Vaporizer,Consumer,Office Supplies,Appliances,Central,55044,Lakeville,Minnesota,United States,0.0,36.5742,2,93.78,0.39
US-2020-118339,2019-03-17,2019-03-24,Bradley Nguyen,Newell,Newell 35,Consumer,Office Supplies,Art,Central,55044,Lakeville,Minnesota,United States,0.0,5.7072,6,19.68,0.29
US-2020-118339,2019-03-17,2019-03-24,Bradley Nguyen,Avery,Avery Non-Stick Heavy Duty View Round Locking Ring Binders,Consumer,Office Supplies,Binders,Central,55044,Lakeville,Minnesota,United States,0.0,17.2224,6,35.88,0.48
US-2020-118339,2019-03-17,2019-03-24,Bradley Nguyen,Wilson Jones,Wilson Jones 14 Line Acrylic Coated Pressboard Data Binders,Consumer,Office Supplies,Binders,Central,55044,Lakeville,Minnesota,United States,0.0,25.098,10,53.4,0.47
US-2020-118339,2019-03-17,2019-03-24,Bradley Nguyen,Other,"Memo Book, 100 Message Capacity, 5 3/8” x 11”",Consumer,Office Supplies,Paper,Central,55044,Lakeville,Minnesota,United States,0.0,23.59,7,47.18,0.5
US-2020-127859,2019-03-17,2019-03-20,Quincy Jones,Xerox,Xerox 1909,Corporate,Office Supplies,Paper,East,19134,Philadelphia,Pennsylvania,United States,0.2,41.1528,6,126.624,0.325
US-2020-148838,2019-03-17,2019-03-21,Christine Phan,Balt,Balt Solid Wood Round Tables,Corporate,Furniture,Tables,East,10024,New York City,New York,United States,0.4,-553.6476,4,1071.576,-0.516666667
US-2020-148838,2019-03-17,2019-03-21,Christine Phan,Bretford,Bretford Rectangular Conference Table Tops,Corporate,Furniture,Tables,East,10024,New York City,New York,United States,0.4,-447.5947,7,1579.746,-0.283333333
US-2020-148838,2019-03-17,2019-03-21,Christine Phan,Hon,"Hon 30"" x 60"" Table with Locking Drawer",Corporate,Furniture,Tables,East,10024,New York City,New York,United States,0.4,-122.7816,3,613.908,-0.2
US-2020-148838,2019-03-17,2019-03-21,Christine Phan,Xerox,Xerox 1918,Corporate,Office Supplies,Paper,East,10024,New York City,New York,United States,0.0,75.9696,4,155.04,0.49
US-2020-148838,2019-03-17,2019-03-21,Christine Phan,Xerox,Xerox 1926,Corporate,Office Supplies,Paper,East,10024,New York City,New York,United States,0.0,16.3842,7,34.86,0.47
US-2020-158442,2019-03-17,2019-03-17,Annie Zypern,Newell,Newell 333,Consumer,Office Supplies,Art,Central,75217,Dallas,Texas,United States,0.2,0.3336,2,4.448,0.075
US-2020-158442,2019-03-17,2019-03-17,Annie Zypern,Xerox,Xerox 1966,Consumer,Office Supplies,Paper,Central,75217,Dallas,Texas,United States,0.2,1.8792,1,5.184,0.3625
US-2020-158442,2019-03-17,2019-03-17,Annie Zypern,Xerox,Xerox 1967,Consumer,Office Supplies,Paper,Central,75217,Dallas,Texas,United States,0.2,5.4432,3,15.552,0.35
US-2020-164763,2019-03-17,2019-03-21,Mark Haberlin,Belkin,Belkin 6 Outlet Metallic Surge Strip,Corporate,Office Supplies,Appliances,South,39212,Jackson,Mississippi,United States,0.0,8.4942,3,32.67,0.26
US-2020-164763,2019-03-17,2019-03-21,Mark Haberlin,GBC,"GBC Twin Loop Wire Binding Elements, 9/16"" Spine, Black",Corporate,Office Supplies,Binders,South,39212,Jackson,Mississippi,United States,0.0,14.9156,2,30.44,0.49
US-2020-164763,2019-03-17,2019-03-21,Mark Haberlin,Acco,"Acco Pressboard Covers with Storage Hooks, 9 1/2"" x 11"", Executive Red",Corporate,Office Supplies,Binders,South,39212,Jackson,Mississippi,United States,0.0,5.3721,3,11.43,0.47
US-2020-164763,2019-03-17,2019-03-21,Mark Haberlin,Other,EcoTones Memo Sheets,Corporate,Office Supplies,Paper,South,39212,Jackson,Mississippi,United States,0.0,7.68,4,16.0,0.48
US-2020-164763,2019-03-17,2019-03-21,Mark Haberlin,Xerox,Xerox 1957,Corporate,Office Supplies,Paper,South,39212,Jackson,Mississippi,United States,0.0,6.3504,2,12.96,0.49
US-2020-111871,2019-03-18,2019-03-21,Eileen Kiefer,Bush,"Bush Heritage Pine Collection 5-Shelf Bookcase, Albany Pine Finish, *Special Order",Home Office,Furniture,Bookcases,West,94110,San Francisco,California,United States,0.15,70.49,10,1198.33,0.058823529
US-2020-131275,2019-03-18,2019-03-24,Sample Company A,Eldon,Eldon Cleatmat Chair Mats for Medium Pile Carpets,Home Office,Furniture,Furnishings,West,91505,Burbank,California,United States,0.0,14.43,2,111.0,0.13
US-2020-131275,2019-03-18,2019-03-24,Sample Company A,Tennsco,Tennsco 6- and 18-Compartment Lockers,Home Office,Office Supplies,Storage,West,91505,Burbank,California,United States,0.0,334.1142,7,1856.19,0.18
US-2020-131275,2019-03-18,2019-03-24,Sample Company A,Other,Swingline SM12-08 MicroCut Jam Free Shredder,Home Office,Technology,Machines,West,91505,Burbank,California,United States,0.2,415.9896,4,1279.968,0.325
US-2020-145317,2019-03-18,2019-03-23,Sean Miller,Dana,"Dana Fluorescent Magnifying Lamp, White, 36""",Home Office,Furniture,Furnishings,South,32216,Jacksonville,Florida,United States,0.2,15.294,3,122.352,0.125
US-2020-145317,2019-03-18,2019-03-23,Sean Miller,Executive Impressions,"Executive Impressions 13"" Clairmont Wall Clock",Home Office,Furniture,Furnishings,South,32216,Jacksonville,Florida,United States,0.2,8.0766,2,30.768,0.2625
US-2020-145317,2019-03-18,2019-03-23,Sean Miller,Avery,Avery Fluorescent Highlighter Four-Color Set,Home Office,Office Supplies,Art,South,32216,Jacksonville,Florida,United States,0.2,1.002,3,8.016,0.125
US-2020-145317,2019-03-18,2019-03-23,Sean Miller,Other,Staples,Home Office,Office Supplies,Fasteners,South,32216,Jacksonville,Florida,United States,0.2,5.9175,3,18.936,0.3125
US-2020-145317,2019-03-18,2019-03-23,Sean Miller,Xerox,Xerox 195,Home Office,Office Supplies,Paper,South,32216,Jacksonville,Florida,United States,0.2,7.4816,4,21.376,0.35
US-2020-145317,2019-03-18,2019-03-23,Sean Miller,Cisco,Cisco TelePresence System EX90 Videoconferencing Unit,Home Office,Technology,Machines,South,32216,Jacksonville,Florida,United States,0.5,-1811.0784,6,22638.48,-0.08
US-2020-145317,2019-03-18,2019-03-23,Sean Miller,Hewlett-Packard,Hewlett-Packard Deskjet 6540 Color Inkjet Printer,Home Office,Technology,Machines,South,32216,Jacksonville,Florida,United States,0.5,-16.426,4,821.3,-0.02
US-2020-103989,2019-03-19,2019-03-21,Matt Connell,Other,Document Clip Frames,Corporate,Furniture,Furnishings,South,33801,Lakeland,Florida,United States,0.2,5.5044,3,20.016,0.275
US-2020-103989,2019-03-19,2019-03-21,Matt Connell,Eldon,Eldon Wave Desk Accessories,Corporate,Furniture,Furnishings,South,33801,Lakeland,Florida,United States,0.2,1.3728,3,4.992,0.275
US-2020-103989,2019-03-19,2019-03-21,Matt Connell,Avery,"Avery Flip-Chart Easel Binder, Black",Corporate,Office Supplies,Binders,South,33801,Lakeland,Florida,United States,0.7,-25.737,5,33.57,-0.766666667
US-2020-103989,2019-03-19,2019-03-21,Matt Connell,Avery,Avery 501,Corporate,Office Supplies,Labels,South,33801,Lakeland,Florida,United States,0.2,3.9852,4,11.808,0.3375
US-2020-103989,2019-03-19,2019-03-21,Matt Connell,Other,Crate-A-Files,Corporate,Office Supplies,Storage,South,33801,Lakeland,Florida,United States,0.2,1.962,3,26.16,0.075
US-2020-103989,2019-03-19,2019-03-21,Matt Connell,Logitech,"Logitech Wireless Boombox Speaker - portable - wireless, wired",Corporate,Technology,Accessories,South,33801,Lakeland,Florida,United States,0.2,53.2,2,170.24,0.3125
US-2020-103989,2019-03-19,2019-03-21,Matt Connell,Cisco,Cisco 8x8 Inc. 6753i IP Business Phone System,Corporate,Technology,Phones,South,33801,Lakeland,Florida,United States,0.2,28.3479,3,323.976,0.0875
US-2020-107405,2019-03-21,2019-03-25,Thomas Seio,Tennsco,Tennsco Commercial Shelving,Corporate,Office Supplies,Storage,South,28806,Asheville,North Carolina,United States,0.2,-3.8646,1,16.272,-0.2375
US-2020-140004,2019-03-21,2019-03-25,Cassandra Brandow,Binney & Smith,"Binney & Smith inkTank Erasable Desk Highlighter, Chisel Tip, Yellow, 12/Box",Consumer,Office Supplies,Art,East,45011,Hamilton,Ohio,United States,0.2,1.5876,3,6.048,0.2625
US-2020-140004,2019-03-21,2019-03-25,Cassandra Brandow,Binney & Smith,"Binney & Smith Crayola Metallic Colored Pencils, 8-Color Set",Consumer,Office Supplies,Art,East,45011,Hamilton,Ohio,United States,0.2,1.2038,2,7.408,0.1625
US-2020-155544,2019-03-21,2019-03-25,Gary McGarr,Global,Global Highback Leather Tilter in Burgundy,Consumer,Furniture,Chairs,South,37918,Knoxville,Tennessee,United States,0.2,-10.9188,3,218.376,-0.05
US-2020-155544,2019-03-21,2019-03-25,Gary McGarr,DAX,DAX Wood Document Frame,Consumer,Furniture,Furnishings,South,37918,Knoxville,Tennessee,United States,0.2,6.5904,3,32.952,0.2
US-2020-155544,2019-03-21,2019-03-25,Gary McGarr,Avery,Avery 505,Consumer,Office Supplies,Labels,South,37918,Knoxville,Tennessee,United States,0.2,22.2,5,59.2,0.375
US-2020-163223,2019-03-21,2019-03-25,Kristen Hastings,Other,American Pencil,Corporate,Office Supplies,Art,South,22153,Springfield,Virginia,United States,0.0,2.7028,4,9.32,0.29
US-2020-163223,2019-03-21,2019-03-25,Kristen Hastings,Wilson Jones,"Wilson Jones Ledger-Size, Piano-Hinge Binder, 2"", Blue",Corporate,Office Supplies,Binders,South,22153,Springfield,Virginia,United States,0.0,59.0112,3,122.94,0.48
US-2020-163223,2019-03-21,2019-03-25,Kristen Hastings,Avery,Avery 492,Corporate,Office Supplies,Labels,South,22153,Springfield,Virginia,United States,0.0,6.624,5,14.4,0.46
US-2020-163223,2019-03-21,2019-03-25,Kristen Hastings,Xerox,Xerox 1919,Corporate,Office Supplies,Paper,South,22153,Springfield,Virginia,United States,0.0,60.2553,3,122.97,0.49
US-2020-163223,2019-03-21,2019-03-25,Kristen Hastings,Samsung,Samsung Galaxy S4 Active,Corporate,Technology,Phones,South,22153,Springfield,Virginia,United States,0.0,909.9818,7,3499.93,0.26
US-2020-129609,2019-03-22,2019-03-22,Vivian Mathis,Avery,"Avery Hi-Liter EverBold Pen Style Fluorescent Highlighters, 4/Pack",Consumer,Office Supplies,Art,Central,46368,Portage,Indiana,United States,0.0,6.512,2,16.28,0.4
US-2020-148040,2019-03-22,2019-03-26,Beth Fritzler,Office Star,Office Star - Mesh Screen back chair with Vinyl seat,Corporate,Furniture,Chairs,West,85705,Tucson,Arizona,United States,0.2,-35.3646,3,314.352,-0.1125
US-2020-148040,2019-03-22,2019-03-26,Beth Fritzler,Xerox,Xerox 1951,Corporate,Office Supplies,Paper,West,85705,Tucson,Arizona,United States,0.2,23.235,3,74.352,0.3125
US-2020-158057,2019-03-22,2019-03-26,Craig Carroll,GBC,GBC Prestige Therm-A-Bind Covers,Consumer,Office Supplies,Binders,South,27405,Greensboro,North Carolina,United States,0.7,-39.4565,5,51.465,-0.766666667
US-2020-158057,2019-03-22,2019-03-26,Craig Carroll,C-Line,"C-Line Peel & Stick Add-On Filing Pockets, 8-3/4 x 5-1/8, 10/Pack",Consumer,Office Supplies,Binders,South,27405,Greensboro,North Carolina,United States,0.7,-5.8604,4,7.644,-0.766666667
US-2020-120838,2019-03-23,2019-03-26,Patrick O'Donnell,Other,Economy Rollaway Files,Consumer,Office Supplies,Storage,West,90036,Los Angeles,California,United States,0.0,85.904,2,330.4,0.26
US-2020-120838,2019-03-23,2019-03-26,Patrick O'Donnell,Other,Ooma Telo VoIP Home Phone System,Consumer,Technology,Phones,West,90036,Los Angeles,California,United States,0.2,37.797,6,604.752,0.0625
US-2020-164749,2019-03-23,2019-03-26,Bruce Geld,Avery,Avery 476,Consumer,Office Supplies,Labels,South,33445,Delray Beach,Florida,United States,0.2,3.2214,3,9.912,0.325
US-2020-143637,2019-03-24,2019-03-29,Maurice Satty,DAX,"DAX Contemporary Wood Frame with Silver Metal Mat, Desktop, 11 x 14 Size",Consumer,Furniture,Furnishings,West,93727,Fresno,California,United States,0.0,14.5728,2,40.48,0.36
US-2020-147235,2019-03-24,2019-03-28,Carlos Daly,Xerox,Xerox 190,Consumer,Office Supplies,Paper,East,10024,New York City,New York,United States,0.0,11.703,5,24.9,0.47
US-2020-128237,2019-03-25,2019-03-30,Christina Anderson,BIC,"BIC Brite Liner Grip Highlighters, Assorted, 5/Pack",Consumer,Office Supplies,Art,West,94110,San Francisco,California,United States,0.0,9.9216,6,25.44,0.39
US-2020-128237,2019-03-25,2019-03-30,Christina Anderson,Other,"Eberhard Faber 3 1/2"" Golf Pencils",Consumer,Office Supplies,Art,West,94110,San Francisco,California,United States,0.0,3.72,2,14.88,0.25
US-2020-128237,2019-03-25,2019-03-30,Christina Anderson,Newell,Newell 35,Consumer,Office Supplies,Art,West,94110,San Francisco,California,United States,0.0,1.9024,2,6.56,0.29
US-2020-128237,2019-03-25,2019-03-30,Christina Anderson,Imation,Imation Swivel Flash Drive USB flash drive - 8 GB,Consumer,Technology,Accessories,West,94110,San Francisco,California,United States,0.0,15.918,4,45.48,0.35
US-2020-148586,2019-03-25,2019-04-01,Annie Zypern,Iceberg,"Iceberg Nesting Folding Chair, 19w x 6d x 43h",Consumer,Furniture,Chairs,East,10009,New York City,New York,United States,0.1,65.2064,7,366.786,0.177777778
US-2020-100860,2019-03-26,2019-03-30,Cindy Stewart,Smead,Smead Alpha-Z Color-Coded Name Labels First Letter Starter Set,Consumer,Office Supplies,Labels,West,91767,Pomona,California,United States,0.0,9.0,5,18.75,0.48
US-2020-138436,2019-03-26,2019-03-30,Jonathan Doherty,SanDisk,SanDisk Ultra 32 GB MicroSDHC Class 10 Memory Card,Corporate,Technology,Accessories,West,90036,Los Angeles,California,United States,0.0,8.619,3,66.3,0.13
US-2020-141838,2019-03-26,2019-03-31,Damala Kotsonis,Newell,Newell 308,Corporate,Office Supplies,Art,West,94122,San Francisco,California,United States,0.0,0.84,2,3.36,0.25
US-2020-141838,2019-03-26,2019-03-31,Damala Kotsonis,Wilson Jones,Wilson Jones Leather-Like Binders with DublLock Round Rings,Corporate,Office Supplies,Binders,West,94122,San Francisco,California,United States,0.2,9.4284,4,27.936,0.3375
US-2020-141838,2019-03-26,2019-03-31,Damala Kotsonis,Griffin,Griffin GC17055 Auxiliary Audio Cable,Corporate,Technology,Phones,West,94122,San Francisco,California,United States,0.2,2.8784,2,28.784,0.1
US-2020-100881,2019-03-28,2019-04-01,Daniel Raglin,AT&T,AT&T TR1909W,Home Office,Technology,Phones,West,87105,Albuquerque,New Mexico,United States,0.2,22.6782,3,302.376,0.075
US-2020-117380,2019-03-28,2019-04-03,Mike Pelletier,Chromcraft,Chromcraft Bull-Nose Wood Oval Conference Tables & Bases,Home Office,Furniture,Tables,East,45503,Springfield,Ohio,United States,0.4,-143.2548,1,330.588,-0.433333333
US-2020-137869,2019-03-28,2019-04-02,Christina VanderZanden,Hon,Hon 94000 Series Round Tables,Consumer,Furniture,Tables,Central,50315,Des Moines,Iowa,United States,0.0,106.6248,4,1184.72,0.09
US-2020-137869,2019-03-28,2019-04-02,Christina VanderZanden,Poly,Poly String Tie Envelopes,Consumer,Office Supplies,Envelopes,Central,50315,Des Moines,Iowa,United States,0.0,2.8764,3,6.12,0.47
US-2020-137274,2019-03-29,2019-04-02,Mike Gockenbach,Bush,Bush Advantage Collection Racetrack Conference Table,Consumer,Furniture,Tables,Central,75023,Plano,Texas,United States,0.3,-152.7156,3,890.841,-0.171428571
US-2020-105151,2019-03-30,2019-03-31,Susan Gilcrest,Sanford,"Sanford EarthWrite Recycled Pencils, Medium Soft, #2",Corporate,Office Supplies,Art,East,10009,New York City,New York,United States,0.0,2.94,5,10.5,0.28
US-2020-113124,2019-03-30,2019-04-05,Nat Carroll,Space Solutions,Space Solutions Commercial Steel Shelving,Consumer,Office Supplies,Storage,Central,55124,Apple Valley,Minnesota,United States,0.0,6.465,2,129.3,0.05
US-2020-131247,2019-03-30,2019-04-04,Guy Armstrong,O'Sullivan,O'Sullivan Living Dimensions 2-Shelf Bookcases,Consumer,Furniture,Bookcases,West,94110,San Francisco,California,United States,0.15,-12.098,2,205.666,-0.058823529
US-2020-133424,2019-03-30,2019-04-04,Dorris liebe,Avery,Avery 490,Corporate,Office Supplies,Labels,West,98105,Seattle,Washington,United States,0.0,22.2,3,44.4,0.5
US-2020-133424,2019-03-30,2019-04-04,Dorris liebe,Sterilite,Sterilite Show Offs Storage Containers,Corporate,Office Supplies,Storage,West,98105,Seattle,Washington,United States,0.0,0.0,3,15.84,0.0
US-2020-162089,2019-03-30,2019-04-01,Mark Packer,Global,"Global Stack Chair without Arms, Black",Home Office,Furniture,Chairs,Central,78521,Brownsville,Texas,United States,0.3,-9.093,7,127.302,-0.071428571
US-2020-162089,2019-03-30,2019-04-01,Mark Packer,Other,Airmail Envelopes,Home Office,Office Supplies,Envelopes,Central,78521,Brownsville,Texas,United States,0.2,113.3055,5,335.72,0.3375
US-2020-162089,2019-03-30,2019-04-01,Mark Packer,Other,Innergie mMini Combo Duo USB Travel Charging Kit,Home Office,Technology,Phones,Central,78521,Brownsville,Texas,United States,0.2,88.1804,7,251.944,0.35
US-2020-169033,2019-03-30,2019-04-03,Kunst Miller,Other,Peel-Off China Markers,Consumer,Office Supplies,Art,East,11561,Long Beach,New York,United States,0.0,20.853,5,49.65,0.42
US-2020-101770,2019-03-31,2019-04-04,Karen Bern,Avery,Avery Hole Reinforcements,Corporate,Office Supplies,Binders,South,33180,Miami,Florida,United States,0.7,-1.3083,1,1.869,-0.7
US-2020-104759,2019-03-31,2019-04-04,Dorothy Dickinson,Fellowes,Fellowes Black Plastic Comb Bindings,Consumer,Office Supplies,Binders,Central,60610,Chicago,Illinois,United States,0.8,-13.8278,7,8.134,-1.7
US-2020-104759,2019-03-31,2019-04-04,Dorothy Dickinson,Kensington,Kensington SlimBlade Notebook Wireless Mouse with Nano Receiver,Consumer,Technology,Accessories,Central,60610,Chicago,Illinois,United States,0.2,13.9972,2,79.984,0.175
US-2020-112403,2019-03-31,2019-03-31,Jas O'Carroll,Avery,Avery Round Ring Poly Binders,Consumer,Office Supplies,Binders,East,19120,Philadelphia,Pennsylvania,United States,0.7,-0.5964,1,0.852,-0.7
US-2020-128055,2019-03-31,2019-04-05,Alex Avila,Fellowes,Fellowes Advanced Computer Series Surge Protectors,Consumer,Office Supplies,Appliances,West,94122,San Francisco,California,United States,0.0,14.8344,2,52.98,0.28
US-2020-128055,2019-03-31,2019-04-05,Alex Avila,GBC,GBC DocuBind 200 Manual Binding Machine,Consumer,Office Supplies,Binders,West,94122,San Francisco,California,United States,0.2,252.588,2,673.568,0.375
US-2020-130428,2019-03-31,2019-03-31,Trudy Glocke,Global,"Global Leather Highback Executive Chair with Pneumatic Height Adjustment, Black",Consumer,Furniture,Chairs,South,33614,Tampa,Florida,United States,0.2,98.4802,7,1125.488,0.0875
US-2020-130428,2019-03-31,2019-03-31,Trudy Glocke,Binney & Smith,"Binney & Smith inkTank Erasable Desk Highlighter, Chisel Tip, Yellow, 12/Box",Consumer,Office Supplies,Art,South,33614,Tampa,Florida,United States,0.2,1.0584,2,4.032,0.2625
US-2020-130428,2019-03-31,2019-03-31,Trudy Glocke,Ibico,Ibico Plastic and Wire Spiral Binding Combs,Consumer,Office Supplies,Binders,South,33614,Tampa,Florida,United States,0.7,-10.116,5,12.645,-0.8
US-2020-138359,2019-04-01,2019-04-06,Katharine Harms,Other,Zipper Ring Binder Pockets,Corporate,Office Supplies,Binders,East,2151,Revere,Massachusetts,United States,0.0,3.0576,2,6.24,0.49
US-2020-138359,2019-04-01,2019-04-06,Katharine Harms,Rogers,Rogers Profile Extra Capacity Storage Tub,Corporate,Office Supplies,Storage,East,2151,Revere,Massachusetts,United States,0.0,2.6784,4,66.96,0.04
US-2020-157021,2019-04-01,2019-04-06,Kunst Miller,Pressboard,"Pressboard Data Binder, Crimson, 12"" X 8 1/2""",Consumer,Office Supplies,Binders,West,94591,Vallejo,California,United States,0.2,5.5536,4,17.088,0.325
US-2020-157021,2019-04-01,2019-04-06,Kunst Miller,Avery,Avery 490,Consumer,Office Supplies,Labels,West,94591,Vallejo,California,United States,0.0,14.8,2,29.6,0.5
US-2020-157847,2019-04-02,2019-04-06,Sam Craven,Xerox,Xerox 1947,Consumer,Office Supplies,Paper,Central,77095,Houston,Texas,United States,0.2,10.465,7,33.488,0.3125
US-2020-157847,2019-04-02,2019-04-06,Sam Craven,Xerox,Xerox 1898,Consumer,Office Supplies,Paper,Central,77095,Houston,Texas,United States,0.2,9.352,5,26.72,0.35
US-2020-160276,2019-04-02,2019-04-08,Anna Häberlin,Luxo,Luxo Adjustable Task Clamp Lamp,Corporate,Furniture,Furnishings,South,23464,Virginia Beach,Virginia,United States,0.0,46.1968,2,177.68,0.26
US-2020-164315,2019-04-02,2019-04-08,Rob Dowd,Euro Pro,Euro-Pro Shark Turbo Vacuum,Consumer,Office Supplies,Appliances,South,30605,Athens,Georgia,United States,0.0,40.274,5,154.9,0.26
US-2020-164315,2019-04-02,2019-04-08,Rob Dowd,Xerox,Xerox 1990,Consumer,Office Supplies,Paper,South,30605,Athens,Georgia,United States,0.0,7.128,3,15.84,0.45
US-2020-164315,2019-04-02,2019-04-08,Rob Dowd,Motorola,Motorola Droid Maxx,Consumer,Technology,Phones,South,30605,Athens,Georgia,United States,0.0,293.9804,7,1049.93,0.28
US-2020-112291,2019-04-03,2019-04-08,Katrina Edelman,Staple envelope,Staple envelope,Corporate,Office Supplies,Envelopes,West,90008,Los Angeles,California,United States,0.0,5.58,2,11.16,0.5
US-2020-112291,2019-04-03,2019-04-08,Katrina Edelman,Logitech,Logitech G600 MMO Gaming Mouse,Corporate,Technology,Accessories,West,90008,Los Angeles,California,United States,0.0,57.5928,2,159.98,0.36
US-2020-112291,2019-04-03,2019-04-08,Katrina Edelman,Enermax,Enermax Briskie RF Wireless Keyboard and Mouse Combo,Corporate,Technology,Accessories,West,90008,Los Angeles,California,United States,0.0,22.4316,3,62.31,0.36
US-2020-105172,2019-04-04,2019-04-09,Paul Knutson,Avery,Avery 518,Home Office,Office Supplies,Labels,West,94109,San Francisco,California,United States,0.0,9.072,6,18.9,0.48
US-2020-128685,2019-04-04,2019-04-05,Mary Zewe,Avery,Avery Non-Stick Binders,Corporate,Office Supplies,Binders,West,90008,Los Angeles,California,United States,0.2,2.245,2,7.184,0.3125
US-2020-133228,2019-04-04,2019-04-09,Maurice Satty,Advantus,Advantus Panel Wall Acrylic Frame,Consumer,Furniture,Furnishings,Central,48205,Detroit,Michigan,United States,0.0,2.3521,1,5.47,0.43
US-2020-133228,2019-04-04,2019-04-09,Maurice Satty,Newell,Newell 319,Consumer,Office Supplies,Art,Central,48205,Detroit,Michigan,United States,0.0,23.808,4,79.36,0.3
US-2020-149538,2019-04-04,2019-04-08,Ken Black,Xerox,Xerox 1966,Corporate,Office Supplies,Paper,South,70506,Lafayette,Louisiana,United States,0.0,6.3504,2,12.96,0.49
US-2020-149538,2019-04-04,2019-04-08,Ken Black,Xerox,Xerox 209,Corporate,Office Supplies,Paper,South,70506,Lafayette,Louisiana,United States,0.0,9.3312,3,19.44,0.48
US-2020-149538,2019-04-04,2019-04-08,Ken Black,SAFCO,Safco Commercial Shelving,Corporate,Office Supplies,Storage,South,70506,Lafayette,Louisiana,United States,0.0,9.302,5,232.55,0.04
US-2020-149538,2019-04-04,2019-04-08,Ken Black,Logitech,Logitech Wireless Marathon Mouse M705,Corporate,Technology,Accessories,South,70506,Lafayette,Louisiana,United States,0.0,42.9914,2,99.98,0.43
US-2020-102988,2019-04-05,2019-04-09,Greg Maxwell,Newell,Newell 321,Corporate,Office Supplies,Art,South,22304,Alexandria,Virginia,United States,0.0,6.6584,7,22.96,0.29
US-2020-102988,2019-04-05,2019-04-09,Greg Maxwell,Crayola,Crayola Colored Pencils,Corporate,Office Supplies,Art,South,22304,Alexandria,Virginia,United States,0.0,7.5768,7,22.96,0.33
US-2020-102988,2019-04-05,2019-04-09,Greg Maxwell,Xerox,Xerox 1957,Corporate,Office Supplies,Paper,South,22304,Alexandria,Virginia,United States,0.0,6.3504,2,12.96,0.49
US-2020-102988,2019-04-05,2019-04-09,Greg Maxwell,Martin-Yale,Martin Yale Chadless Opener Electric Letter Opener,Corporate,Office Supplies,Supplies,South,22304,Alexandria,Virginia,United States,0.0,83.281,5,4164.05,0.02
US-2020-102988,2019-04-05,2019-04-09,Greg Maxwell,AT&T,AT&T CL82213,Corporate,Technology,Phones,South,22304,Alexandria,Virginia,United States,0.0,8.4071,1,28.99,0.29
US-2020-113887,2019-04-05,2019-04-07,Tracy Hopkins,Other,"Eaton Premium Continuous-Feed Paper, 25% Cotton, Letter Size, White, 1000 Shts/Box",Home Office,Office Supplies,Paper,East,10035,New York City,New York,United States,0.0,26.6304,1,55.48,0.48
US-2020-149104,2019-04-05,2019-04-07,Ruben Dartt,Stanley,Stanley Contemporary Battery Pencil Sharpeners,Consumer,Office Supplies,Art,Central,48127,Dearborn Heights,Michigan,United States,0.0,7.476,2,26.7,0.28
US-2020-149104,2019-04-05,2019-04-07,Ruben Dartt,Binney & Smith,"Binney & Smith Crayola Metallic Colored Pencils, 8-Color Set",Consumer,Office Supplies,Art,Central,48127,Dearborn Heights,Michigan,United States,0.0,4.5837,3,13.89,0.33
US-2020-149104,2019-04-05,2019-04-07,Ruben Dartt,Fellowes,"Fellowes Twister Kit, Gray/Clear, 3/pkg",Consumer,Office Supplies,Binders,Central,48127,Dearborn Heights,Michigan,United States,0.0,18.09,5,40.2,0.45
US-2020-149104,2019-04-05,2019-04-07,Ruben Dartt,Space Solutions,Space Solutions HD Industrial Steel Shelving.,Consumer,Office Supplies,Storage,Central,48127,Dearborn Heights,Michigan,United States,0.0,20.6946,6,689.82,0.03
US-2020-151001,2019-04-05,2019-04-07,John Grady,Other,Adjustable Personal File Tote,Corporate,Office Supplies,Storage,Central,62521,Decatur,Illinois,United States,0.2,3.9072,4,52.096,0.075
US-2020-151001,2019-04-05,2019-04-07,John Grady,Tenex,"Tenex File Box, Personal Filing Tote with Lid, Black",Corporate,Office Supplies,Storage,Central,62521,Decatur,Illinois,United States,0.2,3.7224,4,49.632,0.075
US-2020-157231,2019-04-05,2019-04-09,Roy Phan,Ibico,Ibico Standard Transparent Covers,Corporate,Office Supplies,Binders,South,40475,Richmond,Kentucky,United States,0.0,56.5264,7,115.36,0.49
US-2020-102652,2019-04-06,2019-04-12,Andy Yotov,Tenex,Tenex B1-RE Series Chair Mats for Low Pile Carpets,Corporate,Furniture,Furnishings,West,90049,Los Angeles,California,United States,0.0,15.6332,2,91.96,0.17
US-2020-102652,2019-04-06,2019-04-12,Andy Yotov,C-Line,C-Line Cubicle Keepers Polyproplyene Holder With Velcro Backings,Corporate,Furniture,Furnishings,West,90049,Los Angeles,California,United States,0.0,12.9129,7,33.11,0.39
US-2020-102652,2019-04-06,2019-04-12,Andy Yotov,Xerox,Xerox 194,Corporate,Office Supplies,Paper,West,90049,Los Angeles,California,United States,0.0,26.6304,1,55.48,0.48
US-2020-102652,2019-04-06,2019-04-12,Andy Yotov,Xerox,Xerox 211,Corporate,Office Supplies,Paper,West,90049,Los Angeles,California,United States,0.0,9.3312,3,19.44,0.48
US-2020-118486,2019-04-06,2019-04-08,Shirley Daniels,KI,KI Adjustable-Height Table,Home Office,Furniture,Tables,East,19143,Philadelphia,Pennsylvania,United States,0.4,-36.1116,3,154.764,-0.233333333
US-2020-118486,2019-04-06,2019-04-08,Shirley Daniels,Martin-Yale,Martin-Yale Premier Letter Opener,Home Office,Office Supplies,Supplies,East,19143,Philadelphia,Pennsylvania,United States,0.2,-2.1896,1,10.304,-0.2125
US-2020-118486,2019-04-06,2019-04-08,Shirley Daniels,Imation,Imation Secure+ Hardware Encrypted USB 2.0 Flash Drive; 16GB,Home Office,Technology,Accessories,East,19143,Philadelphia,Pennsylvania,United States,0.2,21.897,2,116.784,0.1875
US-2020-136742,2019-04-06,2019-04-10,Guy Phonely,Other,Large Capacity Hanging Post Binders,Corporate,Office Supplies,Binders,East,17602,Lancaster,Pennsylvania,United States,0.7,-35.928,6,44.91,-0.8
US-2020-153808,2019-04-06,2019-04-10,Frank Hawley,Boston,Boston Home & Office Model 2000 Electric Pencil Sharpeners,Corporate,Office Supplies,Art,West,90004,Los Angeles,California,United States,0.0,18.447,3,70.95,0.26
US-2020-153808,2019-04-06,2019-04-10,Frank Hawley,Avery,"Avery Trapezoid Ring Binder, 3"" Capacity, Black, 1040 sheets",Corporate,Office Supplies,Binders,West,90004,Los Angeles,California,United States,0.2,23.7684,2,65.568,0.3625
US-2020-153808,2019-04-06,2019-04-10,Frank Hawley,Razer,Razer Kraken 7.1 Surround Sound Over Ear USB Gaming Headset,Corporate,Technology,Accessories,West,90004,Los Angeles,California,United States,0.0,131.9868,3,299.97,0.44
US-2020-169803,2019-04-06,2019-04-12,Scott Cohen,Chromcraft,"Chromcraft Bull-Nose Wood Round Conference Table Top, Wood Base",Corporate,Furniture,Tables,West,98115,Seattle,Washington,United States,0.0,111.1035,3,653.55,0.17
US-2020-169803,2019-04-06,2019-04-12,Scott Cohen,Kingston,Kingston Digital DataTraveler 32GB USB 2.0,Corporate,Technology,Accessories,West,98115,Seattle,Washington,United States,0.0,2.034,2,33.9,0.06
US-2020-124023,2019-04-07,2019-04-10,Pauline Johnson,Other,"Stacking Tray, Side-Loading, Legal, Smoke",Consumer,Furniture,Furnishings,South,36608,Mobile,Alabama,United States,0.0,2.7776,2,8.96,0.31
US-2020-128846,2019-04-07,2019-04-12,Roland Schwarz,Xerox,Xerox 1945,Corporate,Office Supplies,Paper,South,29203,Columbia,South Carolina,United States,0.0,60.2553,3,122.97,0.49
US-2020-128846,2019-04-07,2019-04-12,Roland Schwarz,AT&T,AT&T TR1909W,Corporate,Technology,Phones,South,29203,Columbia,South Carolina,United States,0.0,163.787,5,629.95,0.26
US-2020-165806,2019-04-07,2019-04-07,Valerie Mitchum,Xerox,Xerox 226,Home Office,Office Supplies,Paper,South,30062,Marietta,Georgia,United States,0.0,27.9936,9,58.32,0.48
US-2020-165806,2019-04-07,2019-04-07,Valerie Mitchum,RCA,RCA Visys Integrated PBX 8-Line Router,Home Office,Technology,Phones,South,30062,Marietta,Georgia,United States,0.0,50.2425,3,200.97,0.25
US-2020-100363,2019-04-08,2019-04-15,Jim Mitchum,OIC,Binder Clips by OIC,Corporate,Office Supplies,Fasteners,West,85301,Glendale,Arizona,United States,0.2,0.8288,2,2.368,0.35
US-2020-100363,2019-04-08,2019-04-15,Jim Mitchum,Things To Do,Things To Do Today Spiral Book,Corporate,Office Supplies,Paper,West,85301,Glendale,Arizona,United States,0.2,6.8904,3,19.008,0.3625
US-2020-118997,2019-04-08,2019-04-12,Ruben Ausman,SAFCO,"SAFCO PlanMaster Boards, 60w x 37-1/2d, White Melamine",Corporate,Furniture,Tables,South,35601,Decatur,Alabama,United States,0.0,316.1392,8,1215.92,0.26
US-2020-121769,2019-04-08,2019-04-12,John Stevenson,Riverside,Riverside Furniture Stanwyck Manor Table Series,Consumer,Furniture,Tables,East,43615,Toledo,Ohio,United States,0.4,-94.6605,1,172.11,-0.55
US-2020-150581,2019-04-08,2019-04-12,Nathan Mautz,Bevis,Bevis 36 x 72 Conference Tables,Home Office,Furniture,Tables,West,94521,Concord,California,United States,0.2,2.4898,1,99.592,0.025
US-2020-150581,2019-04-08,2019-04-12,Nathan Mautz,Logitech,Logitech Wireless Headset h800,Home Office,Technology,Accessories,West,94521,Concord,California,United States,0.0,139.986,4,399.96,0.35
US-2020-163797,2019-04-08,2019-04-13,Pauline Chand,Alliance,"Alliance Super-Size Bands, Assorted Sizes",Home Office,Office Supplies,Fasteners,West,85224,Chandler,Arizona,United States,0.2,-11.8256,8,49.792,-0.2375
US-2020-102715,2019-04-11,2019-04-13,Jay Kimmel,Acco,"Acco Banker's Clasps, 5 3/4""-Long",Consumer,Office Supplies,Fasteners,South,33180,Miami,Florida,United States,0.2,2.3328,3,6.912,0.3375
US-2020-102715,2019-04-11,2019-04-13,Jay Kimmel,Xerox,Xerox 224,Consumer,Office Supplies,Paper,South,33180,Miami,Florida,United States,0.2,3.6288,2,10.368,0.35
US-2020-102715,2019-04-11,2019-04-13,Jay Kimmel,Logitech,Logitech Wireless Anywhere Mouse MX for PC and Mac,Consumer,Technology,Accessories,South,33180,Miami,Florida,United States,0.2,41.993,7,335.944,0.125
US-2020-102715,2019-04-11,2019-04-13,Jay Kimmel,Logitech,Logitech Wireless Gaming Headset G930,Consumer,Technology,Accessories,South,33180,Miami,Florida,United States,0.2,81.5949,3,383.976,0.2125
US-2020-110555,2019-04-11,2019-04-18,Michelle Moray,Eldon,Eldon Simplefile Box Office,Consumer,Office Supplies,Storage,West,59405,Great Falls,Montana,United States,0.0,24.3824,7,87.08,0.28
US-2020-110555,2019-04-11,2019-04-18,Michelle Moray,Memorex,Memorex Mini Travel Drive 64 GB USB 2.0 Flash Drive,Consumer,Technology,Accessories,West,59405,Great Falls,Montana,United States,0.0,91.3248,6,217.44,0.42
US-2020-110555,2019-04-11,2019-04-18,Michelle Moray,AT&T,AT&T SB67148 SynJ,Consumer,Technology,Phones,West,59405,Great Falls,Montana,United States,0.2,9.2386,2,105.584,0.0875
US-2020-121734,2019-04-11,2019-04-16,Sanjit Engle,GBC,GBC Personal VeloBind Strips,Consumer,Office Supplies,Binders,West,83501,Lewiston,Idaho,United States,0.2,3.3544,1,9.584,0.35
US-2020-138940,2019-04-11,2019-04-16,Gary Mitchum,Jawbone,Jawbone JAMBOX Wireless Bluetooth Speaker,Home Office,Technology,Phones,Central,78745,Austin,Texas,United States,0.2,265.4232,6,758.352,0.35
US-2020-142979,2019-04-12,2019-04-18,Edward Hooks,Other,Prismacolor Color Pencil Set,Corporate,Office Supplies,Art,West,95240,Lodi,California,United States,0.0,16.2688,2,39.68,0.41
US-2020-154599,2019-04-12,2019-04-17,Kean Nguyen,O'Sullivan,O'Sullivan Living Dimensions 2-Shelf Bookcases,Corporate,Furniture,Bookcases,West,90278,Redondo Beach,California,United States,0.15,-18.147,3,308.499,-0.058823529
US-2020-154599,2019-04-12,2019-04-17,Kean Nguyen,Other,Recycled Pressboard Report Cover with Reinforced Top Hinge,Corporate,Office Supplies,Binders,West,90278,Redondo Beach,California,United States,0.2,6.5569,7,18.088,0.3625
US-2020-154599,2019-04-12,2019-04-17,Kean Nguyen,AT&T,AT&T 1080 Corded phone,Corporate,Technology,Phones,West,90278,Redondo Beach,California,United States,0.2,38.3572,4,438.368,0.0875
US-2020-154599,2019-04-12,2019-04-17,Kean Nguyen,Pyle,Pyle PMP37LED,Corporate,Technology,Phones,West,90278,Redondo Beach,California,United States,0.2,94.0702,14,1075.088,0.0875
US-2020-158365,2019-04-12,2019-04-17,Stewart Visinsky,Xerox,Xerox 213,Consumer,Office Supplies,Paper,Central,47401,Bloomington,Indiana,United States,0.0,15.552,5,32.4,0.48
US-2020-122336,2019-04-13,2019-04-17,Jonathan Doherty,Newell,Newell 314,Corporate,Office Supplies,Art,East,19140,Philadelphia,Pennsylvania,United States,0.2,1.116,4,17.856,0.0625
US-2020-122336,2019-04-13,2019-04-17,Jonathan Doherty,Fellowes,Fellowes PB200 Plastic Comb Binding Machine,Corporate,Office Supplies,Binders,East,19140,Philadelphia,Pennsylvania,United States,0.7,-407.976,10,509.97,-0.8
US-2020-122336,2019-04-13,2019-04-17,Jonathan Doherty,Other,Staples,Corporate,Office Supplies,Fasteners,East,19140,Philadelphia,Pennsylvania,United States,0.2,10.0724,13,30.992,0.325
US-2020-122336,2019-04-13,2019-04-17,Jonathan Doherty,Square,"Square Credit Card Reader, 4 1/2"" x 4 1/2"" x 1"", White",Corporate,Technology,Phones,East,19140,Philadelphia,Pennsylvania,United States,0.4,8.3916,12,71.928,0.116666667
US-2020-167724,2019-04-13,2019-04-18,Ben Ferrer,Avery,Avery 479,Home Office,Office Supplies,Labels,East,21215,Baltimore,Maryland,United States,0.0,3.6018,3,7.83,0.46
US-2020-120740,2019-04-15,2019-04-15,Paul Stevenson,Howard Miller,"Howard Miller 13"" Diameter Goldtone Round Wall Clock",Home Office,Furniture,Furnishings,West,90049,Los Angeles,California,United States,0.0,76.9816,4,187.76,0.41
US-2020-120740,2019-04-15,2019-04-15,Paul Stevenson,Belkin,Belkin F9G930V10-GRY 9 Outlet Surge,Home Office,Office Supplies,Appliances,West,90049,Los Angeles,California,United States,0.0,31.0184,2,106.96,0.29
US-2020-155208,2019-04-16,2019-04-20,Stephanie Phelps,Avery,"Avery Hi-Liter EverBold Pen Style Fluorescent Highlighters, 4/Pack",Corporate,Office Supplies,Art,South,28403,Wilmington,North Carolina,United States,0.2,9.768,6,39.072,0.25
US-2020-100678,2019-04-18,2019-04-22,Kunst Miller,DMI,DMI Arturo Collection Mission-style Design Wood Chair,Consumer,Furniture,Chairs,Central,77095,Houston,Texas,United States,0.3,-18.1176,3,317.058,-0.057142857
US-2020-100678,2019-04-18,2019-04-22,Kunst Miller,Prang,Prang Dustless Chalk Sticks,Consumer,Office Supplies,Art,Central,77095,Houston,Texas,United States,0.2,1.008,2,2.688,0.375
US-2020-100678,2019-04-18,2019-04-22,Kunst Miller,Other,Cameo Buff Policy Envelopes,Consumer,Office Supplies,Envelopes,Central,77095,Houston,Texas,United States,0.2,50.4063,3,149.352,0.3375
US-2020-100678,2019-04-18,2019-04-22,Kunst Miller,Kensington,Kensington Expert Mouse Optical USB Trackball for PC or Mac,Consumer,Technology,Accessories,Central,77095,Houston,Texas,United States,0.2,28.497,3,227.976,0.125
US-2020-110849,2019-04-18,2019-04-23,John Lee,Binney & Smith,"Binney & Smith inkTank Desk Highlighter, Chisel Tip, Yellow, 12/Box",Consumer,Office Supplies,Art,West,90049,Los Angeles,California,United States,0.0,3.5475,5,10.75,0.33
US-2020-110849,2019-04-18,2019-04-23,John Lee,Newell,Newell 351,Consumer,Office Supplies,Art,West,90049,Los Angeles,California,United States,0.0,3.8048,4,13.12,0.29
US-2020-110849,2019-04-18,2019-04-23,John Lee,Advantus,"Advantus Push Pins, Aluminum Head",Consumer,Office Supplies,Fasteners,West,90049,Los Angeles,California,United States,0.0,3.6022,2,11.62,0.31
US-2020-110849,2019-04-18,2019-04-23,John Lee,Ativa,Ativa MDM8000 8-Sheet Micro-Cut Shredder,Consumer,Technology,Machines,West,90049,Los Angeles,California,United States,0.2,97.1892,4,287.968,0.3375
US-2020-158470,2019-04-19,2019-04-23,Allen Goldenen,GBC,GBC Durable Plastic Covers,Consumer,Office Supplies,Binders,South,22204,Arlington,Virginia,United States,0.0,26.703,3,58.05,0.46
US-2020-158470,2019-04-19,2019-04-23,Allen Goldenen,Xerox,Xerox 232,Consumer,Office Supplies,Paper,South,22204,Arlington,Virginia,United States,0.0,34.2144,11,71.28,0.48
US-2020-169460,2019-04-19,2019-04-21,Nicole Fjeld,Executive Impressions,"Executive Impressions 13"" Chairman Wall Clock",Home Office,Furniture,Furnishings,West,95123,San Jose,California,United States,0.0,26.649,3,76.14,0.35
US-2020-101462,2019-04-20,2019-04-25,Benjamin Patterson,GE,"GE 4 Foot Flourescent Tube, 40 Watt",Consumer,Furniture,Furnishings,West,90045,Los Angeles,California,United States,0.0,27.5632,4,59.92,0.46
US-2020-134572,2019-04-20,2019-04-22,Seth Vernon,Bush,Bush Advantage Collection Round Conference Table,Consumer,Furniture,Tables,Central,77070,Houston,Texas,United States,0.3,-95.67,5,744.1,-0.128571429
US-2020-134572,2019-04-20,2019-04-22,Seth Vernon,Riverside,Riverside Furniture Stanwyck Manor Table Series,Consumer,Furniture,Tables,Central,77070,Houston,Texas,United States,0.3,-131.951,2,401.59,-0.328571429
US-2020-134572,2019-04-20,2019-04-22,Seth Vernon,Other,"Personal Folder Holder, Ebony",Consumer,Office Supplies,Storage,Central,77070,Houston,Texas,United States,0.2,5.605,5,44.84,0.125
US-2020-136336,2019-04-21,2019-04-26,Dorothy Badders,SAFCO,"SAFCO Commercial Wire Shelving, Black",Corporate,Office Supplies,Storage,South,42420,Henderson,Kentucky,United States,0.0,0.0,6,828.84,0.0
US-2020-158064,2019-04-21,2019-04-25,Allen Armold,ACCOHIDE,ACCOHIDE Binder by Acco,Consumer,Office Supplies,Binders,West,90008,Los Angeles,California,United States,0.2,5.5755,5,16.52,0.3375
US-2020-122070,2019-04-22,2019-04-24,Aaron Hawkins,ACCOHIDE,"ACCOHIDE 3-Ring Binder, Blue, 1""",Corporate,Office Supplies,Binders,East,12180,Troy,New York,United States,0.2,3.3453,3,9.912,0.3375
US-2020-122070,2019-04-22,2019-04-24,Aaron Hawkins,Staple envelope,Staple envelope,Corporate,Office Supplies,Envelopes,East,12180,Troy,New York,United States,0.0,121.4416,8,247.84,0.49
US-2020-111857,2019-04-23,2019-04-26,Nathan Mautz,Xerox,Xerox 1891,Home Office,Office Supplies,Paper,West,94109,San Francisco,California,United States,0.0,22.9877,1,48.91,0.47
US-2020-112564,2019-04-23,2019-04-24,Theresa Swint,Wilson Jones,Wilson Jones Suede Grain Vinyl Binders,Corporate,Office Supplies,Binders,East,19134,Philadelphia,Pennsylvania,United States,0.7,-1.7514,3,2.502,-0.7
US-2020-150119,2019-04-23,2019-04-27,Laurel Beltran,Global,"Global Leather Highback Executive Chair with Pneumatic Height Adjustment, Black",Home Office,Furniture,Chairs,East,43229,Columbus,Ohio,United States,0.3,-12.0588,2,281.372,-0.042857143
US-2020-150119,2019-04-23,2019-04-27,Laurel Beltran,GE,G.E. Halogen Desk Lamp Bulbs,Home Office,Furniture,Furnishings,East,43229,Columbus,Ohio,United States,0.2,7.8176,4,22.336,0.35
US-2020-150119,2019-04-23,2019-04-27,Laurel Beltran,Other,Zipper Ring Binder Pockets,Home Office,Office Supplies,Binders,East,43229,Columbus,Ohio,United States,0.7,-5.2416,8,7.488,-0.7
US-2020-110100,2019-04-25,2019-04-29,Lena Creighton,AT&T,AT&T CL2909,Consumer,Technology,Phones,South,28403,Wilmington,North Carolina,United States,0.2,37.797,3,302.376,0.125
US-2020-157406,2019-04-25,2019-04-29,Dianna Arnett,Other,12 Colored Short Pencils,Home Office,Office Supplies,Art,Central,77095,Houston,Texas,United States,0.2,0.546,3,6.24,0.0875
US-2020-157406,2019-04-25,2019-04-29,Dianna Arnett,Xerox,Xerox 1985,Home Office,Office Supplies,Paper,Central,77095,Houston,Texas,United States,0.2,3.6288,2,10.368,0.35
US-2020-166954,2019-04-25,2019-04-30,Beth Thompson,Other,GuestStacker Chair with Chrome Finish Legs,Home Office,Furniture,Chairs,West,91776,San Gabriel,California,United States,0.2,148.704,5,1487.04,0.1
US-2020-166954,2019-04-25,2019-04-30,Beth Thompson,Tenex,"Tenex Traditional Chairmats for Medium Pile Carpet, Standard Lip, 36"" x 48""",Home Office,Furniture,Furnishings,West,91776,San Gabriel,California,United States,0.0,63.6825,5,303.25,0.21
US-2020-166954,2019-04-25,2019-04-30,Beth Thompson,Kensington,Kensington 6 Outlet MasterPiece HOMEOFFICE Power Control Center,Home Office,Office Supplies,Appliances,West,91776,San Gabriel,California,United States,0.0,78.5088,3,270.72,0.29
US-2020-116785,2019-04-26,2019-04-30,Marc Harrigan,Newell,Newell 347,Home Office,Office Supplies,Art,West,90036,Los Angeles,California,United States,0.0,6.206,5,21.4,0.29
US-2020-116785,2019-04-26,2019-04-30,Marc Harrigan,Avery,Avery 495,Home Office,Office Supplies,Labels,West,90036,Los Angeles,California,United States,0.0,5.796,2,12.6,0.46
US-2020-147298,2019-04-26,2019-05-03,Aleksandra Gannaway,Bevis,Bevis Steel Folding Chairs,Corporate,Furniture,Chairs,West,90049,Los Angeles,California,United States,0.2,23.028,3,230.28,0.1
US-2020-147298,2019-04-26,2019-05-03,Aleksandra Gannaway,Acco,"Acco Pressboard Covers with Storage Hooks, 14 7/8"" x 11"", Executive Red",Corporate,Office Supplies,Binders,West,90049,Los Angeles,California,United States,0.2,5.715,6,18.288,0.3125
US-2020-118976,2019-04-28,2019-05-03,Muhammed Yedwab,Other,Blackstonian Pencils,Corporate,Office Supplies,Art,East,21215,Baltimore,Maryland,United States,0.0,1.4952,2,5.34,0.28
US-2020-118976,2019-04-28,2019-05-03,Muhammed Yedwab,Acco,"Acco Data Flex Cable Posts For Top & Bottom Load Binders, 6"" Capacity",Corporate,Office Supplies,Binders,East,21215,Baltimore,Maryland,United States,0.0,9.387,2,20.86,0.45
US-2020-118976,2019-04-28,2019-05-03,Muhammed Yedwab,Avery,Avery 488,Corporate,Office Supplies,Labels,East,21215,Baltimore,Maryland,United States,0.0,1.512,1,3.15,0.48
US-2020-118976,2019-04-28,2019-05-03,Muhammed Yedwab,Other,Recycled Steel Personal File for Standard File Folders,Corporate,Office Supplies,Storage,East,21215,Baltimore,Maryland,United States,0.0,129.3786,9,497.61,0.26
US-2020-131387,2019-04-28,2019-04-30,Arianne Irving,Samsung,Samsung Galaxy Mega 6.3,Consumer,Technology,Phones,West,94122,San Francisco,California,United States,0.2,125.997,5,1679.96,0.075
US-2020-132983,2019-04-28,2019-05-03,David Smith,Logitech,Logitech G600 MMO Gaming Mouse,Corporate,Technology,Accessories,East,14701,Jamestown,New York,United States,0.0,57.5928,2,159.98,0.36
US-2020-140228,2019-04-28,2019-05-03,George Bell,Avery,Avery File Folder Labels,Corporate,Office Supplies,Labels,East,43055,Newark,Ohio,United States,0.2,2.5056,3,6.912,0.3625
US-2020-140228,2019-04-28,2019-05-03,George Bell,Carina,"Carina Mini System Audio Rack, Model AR050B",Corporate,Office Supplies,Storage,East,43055,Newark,Ohio,United States,0.2,-37.7332,2,177.568,-0.2125
US-2020-140228,2019-04-28,2019-05-03,George Bell,Other,X-Rack File for Hanging Folders,Corporate,Office Supplies,Storage,East,43055,Newark,Ohio,United States,0.2,2.0322,3,27.096,0.075
US-2020-107811,2019-04-29,2019-05-03,Laura Armstrong,Global,Global Leather Executive Chair,Corporate,Furniture,Chairs,South,38109,Memphis,Tennessee,United States,0.2,70.198,2,561.584,0.125
US-2020-107811,2019-04-29,2019-05-03,Laura Armstrong,Other,2300 Heavy-Duty Transfer File Systems by Perma,Corporate,Office Supplies,Storage,South,38109,Memphis,Tennessee,United States,0.2,-1.249,5,99.92,-0.0125
US-2020-118304,2019-04-29,2019-05-04,Katherine Hughes,Square,Square Credit Card Reader,Consumer,Technology,Phones,East,19901,Dover,Delaware,United States,0.0,5.1948,2,19.98,0.26
US-2020-134061,2019-04-29,2019-05-04,Lauren Leatherbury,DAX,Dax Clear Box Frame,Consumer,Furniture,Furnishings,East,14609,Rochester,New York,United States,0.0,5.9364,2,17.46,0.34
US-2020-142727,2019-04-29,2019-05-01,Harry Greene,Global,"Global Stack Chair without Arms, Black",Consumer,Furniture,Chairs,South,70601,Lake Charles,Louisiana,United States,0.0,12.99,2,51.96,0.25
US-2020-142727,2019-04-29,2019-05-01,Harry Greene,Avery,Avery Non-Stick Heavy Duty View Round Locking Ring Binders,Consumer,Office Supplies,Binders,South,70601,Lake Charles,Louisiana,United States,0.0,8.6112,3,17.94,0.48
US-2020-156006,2019-04-30,2019-05-02,Tamara Manning,Maxell,Maxell 4.7GB DVD-RW 3/Pack,Consumer,Technology,Accessories,South,39212,Jackson,Mississippi,United States,0.0,16.2486,3,47.79,0.34
US-2020-160094,2019-04-30,2019-05-02,Justin MacKendrick,Hunt,Hunt Boston Vacuum Mount KS Pencil Sharpener,Consumer,Office Supplies,Art,South,40214,Louisville,Kentucky,United States,0.0,45.487,5,174.95,0.26
US-2020-160094,2019-04-30,2019-05-02,Justin MacKendrick,Other,Economy Rollaway Files,Consumer,Office Supplies,Storage,South,40214,Louisville,Kentucky,United States,0.0,214.76,5,826.0,0.26
US-2020-115056,2019-05-02,2019-05-02,Andrew Roberts,Belkin,Belkin 6 Outlet Metallic Surge Strip,Consumer,Office Supplies,Appliances,East,43229,Columbus,Ohio,United States,0.2,1.9602,3,26.136,0.075
US-2020-124618,2019-05-02,2019-05-04,Cari Schnelling,Brother,Brother DCP1000 Digital 3 in 1 Multifunction Machine,Consumer,Technology,Copiers,South,33801,Lakeland,Florida,United States,0.2,89.997,2,479.984,0.1875
US-2020-130274,2019-05-03,2019-05-05,Joni Sundaresam,Avery,Avery 481,Home Office,Office Supplies,Labels,Central,54915,Appleton,Wisconsin,United States,0.0,10.3488,7,21.56,0.48
US-2020-135755,2019-05-03,2019-05-10,Nathan Cano,Avery,"Avery Durable Plastic 1"" Binders",Consumer,Office Supplies,Binders,East,10701,Yonkers,New York,United States,0.2,3.9498,3,10.896,0.3625
US-2020-135755,2019-05-03,2019-05-10,Nathan Cano,GBC,GBC Poly Designer Binding Covers,Consumer,Office Supplies,Binders,East,10701,Yonkers,New York,United States,0.2,14.5638,3,40.176,0.3625
US-2020-111899,2019-05-04,2019-05-05,Nat Carroll,Boston,Boston Home & Office Model 2000 Electric Pencil Sharpeners,Consumer,Office Supplies,Art,Central,77036,Houston,Texas,United States,0.2,2.838,2,37.84,0.075
US-2020-111899,2019-05-04,2019-05-05,Nat Carroll,OIC,OIC Thumb-Tacks,Consumer,Office Supplies,Fasteners,Central,77036,Houston,Texas,United States,0.2,1.8468,6,5.472,0.3375
US-2020-117709,2019-05-04,2019-05-08,Paul MacIntyre,Fellowes,Fellowes Binding Cases,Consumer,Office Supplies,Binders,Central,49201,Jackson,Michigan,United States,0.0,21.06,4,46.8,0.45
US-2020-148194,2019-05-04,2019-05-07,Bill Shonely,Eldon,"Eldon Regeneration Recycled Desk Accessories, Smoke",Corporate,Furniture,Furnishings,West,98105,Seattle,Washington,United States,0.0,3.8976,7,12.18,0.32
US-2020-148194,2019-05-04,2019-05-07,Bill Shonely,Holmes,Holmes Odor Grabber,Corporate,Office Supplies,Appliances,West,98105,Seattle,Washington,United States,0.0,19.0344,4,57.68,0.33
US-2020-155271,2019-05-04,2019-05-04,Andrew Allen,DAX,DAX Wood Document Frame,Consumer,Furniture,Furnishings,East,6457,Middletown,Connecticut,United States,0.0,9.8856,2,27.46,0.36
US-2020-110219,2019-05-05,2019-05-08,Emily Burns,Global,"Global Value Mid-Back Manager's Chair, Gray",Consumer,Furniture,Chairs,Central,78207,San Antonio,Texas,United States,0.3,-9.1335,3,127.869,-0.071428571
US-2020-111934,2019-05-05,2019-05-07,Giulietta Dortch,Storex,Storex Dura Pro Binders,Corporate,Office Supplies,Binders,South,22204,Arlington,Virginia,United States,0.0,5.346,2,11.88,0.45
US-2020-111934,2019-05-05,2019-05-07,Giulietta Dortch,Easy-staple paper,Easy-staple paper,Corporate,Office Supplies,Paper,South,22204,Arlington,Virginia,United States,0.0,16.6568,1,35.44,0.47
US-2020-160738,2019-05-05,2019-05-10,Katharine Harms,Eldon,Eldon Portable Mobile Manager,Corporate,Office Supplies,Storage,Central,61032,Freeport,Illinois,United States,0.2,3.9592,2,45.248,0.0875
US-2020-166457,2019-05-05,2019-05-09,Peter Fuller,Newell,Newell 350,Consumer,Office Supplies,Art,South,40475,Richmond,Kentucky,United States,0.0,1.9024,2,6.56,0.29
US-2020-166457,2019-05-05,2019-05-09,Peter Fuller,Xerox,Xerox 1933,Consumer,Office Supplies,Paper,South,40475,Richmond,Kentucky,United States,0.0,11.5432,2,24.56,0.47
US-2020-166457,2019-05-05,2019-05-09,Peter Fuller,Adams,"Adams ""While You Were Out"" Message Pads",Consumer,Office Supplies,Paper,South,40475,Richmond,Kentucky,United States,0.0,4.239,3,9.42,0.45
US-2020-121664,2019-05-06,2019-05-10,Harold Pawlan,Wilson Jones,Wilson Jones Legal Size Ring Binders,Home Office,Office Supplies,Binders,West,90049,Los Angeles,California,United States,0.2,52.776,8,140.736,0.375
US-2020-154879,2019-05-06,2019-05-11,Steve Nguyen,Other,Model L Table or Wall-Mount Pencil Sharpener,Home Office,Office Supplies,Art,West,90004,Los Angeles,California,United States,0.0,30.2232,6,107.94,0.28
US-2020-154879,2019-05-06,2019-05-11,Steve Nguyen,Staple-on labels,Staple-on labels,Home Office,Office Supplies,Labels,West,90004,Los Angeles,California,United States,0.0,2.7166,2,5.78,0.47
US-2020-166086,2019-05-07,2019-05-12,Carol Triggs,Other,"Lifetime Advantage Folding Chairs, 4/Carton",Consumer,Furniture,Chairs,East,1841,Lawrence,Massachusetts,United States,0.0,244.2496,4,872.32,0.28
US-2020-166086,2019-05-07,2019-05-12,Carol Triggs,Balt,Balt Split Level Computer Training Table,Consumer,Furniture,Tables,East,1841,Lawrence,Massachusetts,United States,0.3,-38.85,2,194.25,-0.2
US-2020-166086,2019-05-07,2019-05-12,Carol Triggs,Newell,Newell 335,Consumer,Office Supplies,Art,East,1841,Lawrence,Massachusetts,United States,0.0,2.5056,3,8.64,0.29
US-2020-166086,2019-05-07,2019-05-12,Carol Triggs,Acco,"Acco PRESSTEX Data Binder with Storage Hooks, Dark Blue, 14 7/8"" X 11""",Consumer,Office Supplies,Binders,East,1841,Lawrence,Massachusetts,United States,0.0,7.9086,3,16.14,0.49
US-2020-116666,2019-05-08,2019-05-10,Kean Thornton,Hewlett-Packard,Hewlett Packard LaserJet 3310 Copier,Consumer,Technology,Copiers,East,19134,Philadelphia,Pennsylvania,United States,0.4,239.996,5,1799.97,0.133333333
US-2020-102071,2019-05-09,2019-05-15,Patrick Gardner,Sony,Sony Micro Vault Click 16 GB USB 2.0 Flash Drive,Consumer,Technology,Accessories,West,94110,San Francisco,California,United States,0.0,40.3128,3,167.97,0.24
US-2020-102071,2019-05-09,2019-05-15,Patrick Gardner,Kingston,Kingston Digital DataTraveler 32GB USB 2.0,Consumer,Technology,Accessories,West,94110,San Francisco,California,United States,0.0,4.068,4,67.8,0.06
US-2020-158771,2019-05-09,2019-05-09,Sean Braxton,Avery,Avery 518,Corporate,Office Supplies,Labels,South,42420,Henderson,Kentucky,United States,0.0,4.536,3,9.45,0.48
US-2020-158771,2019-05-09,2019-05-09,Sean Braxton,Avery,Avery 506,Corporate,Office Supplies,Labels,South,42420,Henderson,Kentucky,United States,0.0,9.499,5,20.65,0.46
US-2020-158771,2019-05-09,2019-05-09,Sean Braxton,Other,Weyerhaeuser First Choice Laser/Copy Paper (20Lb. and 88 Bright),Corporate,Office Supplies,Paper,South,42420,Henderson,Kentucky,United States,0.0,21.7728,7,45.36,0.48
US-2020-158771,2019-05-09,2019-05-09,Sean Braxton,Fellowes,Fellowes Super Stor/Drawer,Corporate,Office Supplies,Storage,South,42420,Henderson,Kentucky,United States,0.0,14.985,3,83.25,0.18
US-2020-103310,2019-05-10,2019-05-15,Greg Matthias,Hon,Hon Pagoda Stacking Chairs,Consumer,Furniture,Chairs,West,95123,San Jose,California,United States,0.2,32.098,1,256.784,0.125
US-2020-103310,2019-05-10,2019-05-15,Greg Matthias,Southworth,Southworth 25% Cotton Premium Laser Paper and Envelopes,Consumer,Office Supplies,Paper,West,95123,San Jose,California,United States,0.0,19.1808,2,39.96,0.48
US-2020-103310,2019-05-10,2019-05-15,Greg Matthias,Acme,Acme Design Stainless Steel Bent Scissors,Consumer,Office Supplies,Supplies,West,95123,San Jose,California,United States,0.0,11.0808,6,41.04,0.27
US-2020-103310,2019-05-10,2019-05-15,Greg Matthias,Other,Wilson Electronics DB Pro Signal Booster,Consumer,Technology,Phones,West,95123,San Jose,California,United States,0.2,125.3,5,1432.0,0.0875
US-2020-114181,2019-05-10,2019-05-14,Art Foster,Bestar,Bestar Classic Bookcase,Consumer,Furniture,Bookcases,East,19134,Philadelphia,Pennsylvania,United States,0.5,-216.9783,7,349.965,-0.62
US-2020-114181,2019-05-10,2019-05-14,Art Foster,Dixon,DIXON Ticonderoga Erasable Checking Pencils,Consumer,Office Supplies,Art,East,19134,Philadelphia,Pennsylvania,United States,0.2,5.301,5,22.32,0.2375
US-2020-159709,2019-05-10,2019-05-15,Arianne Irving,Strathmore,"Strathmore #10 Envelopes, Ultimate White",Consumer,Office Supplies,Envelopes,West,98031,Kent,Washington,United States,0.0,77.4837,3,158.13,0.49
US-2020-159709,2019-05-10,2019-05-15,Arianne Irving,Other,"LF Elite 3D Dazzle Designer Hard Case Cover, Lf Stylus Pen and Wiper For Apple Iphone 5c Mini Lite",Consumer,Technology,Phones,West,98031,Kent,Washington,United States,0.2,4.36,5,43.6,0.1
US-2020-103849,2019-05-11,2019-05-16,Paul Gonzalez,Deflect-o,"Deflect-o EconoMat Studded, No Bevel Mat for Low Pile Carpeting",Consumer,Furniture,Furnishings,Central,76106,Fort Worth,Texas,United States,0.6,-84.2928,4,66.112,-1.275
US-2020-103849,2019-05-11,2019-05-16,Paul Gonzalez,SanDisk,SanDisk Cruzer 64 GB USB Flash Drive,Consumer,Technology,Accessories,Central,76106,Fort Worth,Texas,United States,0.2,7.264,2,58.112,0.125
US-2020-103849,2019-05-11,2019-05-16,Paul Gonzalez,Other,Xblue XB-1670-86 X16 Small Office Telephone - Titanium,Consumer,Technology,Phones,Central,76106,Fort Worth,Texas,United States,0.2,6.2995,1,100.792,0.0625
US-2020-119172,2019-05-11,2019-05-15,Harold Dahlen,Avery,Avery Arch Ring Binders,Home Office,Office Supplies,Binders,Central,60610,Chicago,Illinois,United States,0.8,-172.557,9,104.58,-1.65
US-2020-119172,2019-05-11,2019-05-15,Harold Dahlen,Other,"Black Print Carbonless 8 1/2"" x 8 1/4"" Rapid Memo Book",Home Office,Office Supplies,Paper,Central,60610,Chicago,Illinois,United States,0.2,5.6784,3,17.472,0.325
US-2020-127523,2019-05-11,2019-05-18,Brooke Gillingham,Staple holder,Staple holder,Corporate,Office Supplies,Appliances,East,13601,Watertown,New York,United States,0.0,9.6957,3,35.91,0.27
US-2020-139017,2019-05-11,2019-05-17,Raymond Messe,Logitech,Logitech ClearChat Comfort/USB Headset H390,Consumer,Technology,Accessories,Central,77095,Houston,Texas,United States,0.2,7.6154,2,46.864,0.1625
US-2020-152100,2019-05-11,2019-05-16,Victoria Wilson,Hon,Hon Multipurpose Stacking Arm Chairs,Corporate,Furniture,Chairs,Central,77340,Huntsville,Texas,United States,0.3,-69.312,8,1212.96,-0.057142857
US-2020-127159,2019-05-12,2019-05-15,Hunter Lopez,DAX,"DAX Value U-Channel Document Frames, Easel Back",Consumer,Furniture,Furnishings,Central,53209,Milwaukee,Wisconsin,United States,0.0,10.7849,7,34.79,0.31
US-2020-155887,2019-05-12,2019-05-17,Kean Thornton,Bevis,"Bevis Traditional Conference Table Top, Plinth Base",Consumer,Furniture,Tables,East,2038,Franklin,Massachusetts,United States,0.3,-130.0104,3,700.056,-0.185714286
US-2020-113768,2019-05-13,2019-05-19,Aaron Hawkins,Iceberg,"Iceberg Nesting Folding Chair, 19w x 6d x 43h",Corporate,Furniture,Chairs,West,90004,Los Angeles,California,United States,0.2,20.9592,6,279.456,0.075
US-2020-113768,2019-05-13,2019-05-19,Aaron Hawkins,Other,EcoTones Memo Sheets,Corporate,Office Supplies,Paper,West,90004,Los Angeles,California,United States,0.0,3.84,2,8.0,0.48
US-2020-114433,2019-05-13,2019-05-17,Naresj Patel,Plantronics,Plantronics Audio 478 Stereo USB Headset,Consumer,Technology,Accessories,West,94601,Oakland,California,United States,0.0,52.4895,3,149.97,0.35
US-2020-140165,2019-05-13,2019-05-15,Erica Hernandez,GBC,GBC DocuBind P100 Manual Binding Machine,Home Office,Office Supplies,Binders,South,33012,Hialeah,Florida,United States,0.7,-331.96,8,398.352,-0.833333333
US-2020-140165,2019-05-13,2019-05-15,Erica Hernandez,Other,Staples,Home Office,Office Supplies,Fasteners,South,33012,Hialeah,Florida,United States,0.2,2.3976,2,7.104,0.3375
US-2020-167164,2019-05-13,2019-05-15,Alejandro Grove,Fellowes,Fellowes Super Stor/Drawer,Consumer,Office Supplies,Storage,West,84084,West Jordan,Utah,United States,0.0,9.99,2,55.5,0.18
US-2020-106810,2019-05-14,2019-05-20,Anthony Johnson,Electrix,Electrix Halogen Magnifier Lamp,Corporate,Furniture,Furnishings,South,33710,Saint Petersburg,Florida,United States,0.2,23.316,2,310.88,0.075
US-2020-125150,2019-05-16,2019-05-23,Pauline Webber,Iceberg,"Iceberg Nesting Folding Chair, 19w x 6d x 43h",Corporate,Furniture,Chairs,West,90036,Los Angeles,California,United States,0.2,17.466,5,232.88,0.075
US-2020-163146,2019-05-16,2019-05-20,Cindy Chapman,Imation,Imation Clip USB flash drive - 8 GB,Consumer,Technology,Accessories,West,94122,San Francisco,California,United States,0.0,3.384,3,56.4,0.06
US-2020-148761,2019-05-17,2019-05-21,Pete Armstrong,Other,Surelock Post Binders,Home Office,Office Supplies,Binders,Central,54703,Eau Claire,Wisconsin,United States,0.0,45.84,3,91.68,0.5
US-2020-103373,2019-05-18,2019-05-24,Bruce Stewart,Apple,Apple iPhone 5,Consumer,Technology,Phones,East,44105,Cleveland,Ohio,United States,0.4,-168.9558,2,779.796,-0.216666667
US-2020-133963,2019-05-18,2019-05-22,George Ashbrook,Xerox,Xerox 1949,Consumer,Office Supplies,Paper,Central,75220,Dallas,Texas,United States,0.2,1.4442,1,3.984,0.3625
US-2020-164224,2019-05-18,2019-05-20,Ted Trevino,Deflect-o,Deflect-o Glass Clear Studded Chair Mats,Consumer,Furniture,Furnishings,East,44312,Akron,Ohio,United States,0.2,3.7308,3,149.232,0.025
US-2020-164224,2019-05-18,2019-05-20,Ted Trevino,Xerox,Xerox 1949,Consumer,Office Supplies,Paper,East,44312,Akron,Ohio,United States,0.2,5.7768,4,15.936,0.3625
US-2020-107699,2019-05-19,2019-05-23,John Huston,Avery,Avery Heavy-Duty EZD View Binder with Locking Rings,Consumer,Office Supplies,Binders,Central,48640,Midland,Michigan,United States,0.0,26.4132,9,57.42,0.46
US-2020-130155,2019-05-19,2019-05-22,Tamara Dahlen,Acme,Acme Design Stainless Steel Bent Scissors,Consumer,Office Supplies,Supplies,South,23464,Virginia Beach,Virginia,United States,0.0,9.234,5,34.2,0.27
US-2020-114188,2019-05-20,2019-05-22,Randy Ferguson,Other,24-Hour Round Wall Clock,Corporate,Furniture,Furnishings,East,3820,Dover,New Hampshire,United States,0.0,60.1398,7,139.86,0.43
US-2020-114188,2019-05-20,2019-05-22,Randy Ferguson,Acco,Acco 6 Outlet Guardian Basic Surge Suppressor,Corporate,Office Supplies,Appliances,East,3820,Dover,New Hampshire,United States,0.0,9.3184,4,33.28,0.28
US-2020-114188,2019-05-20,2019-05-22,Randy Ferguson,Sanford,"Sanford Colorific Scented Colored Pencils, 12/Pack",Corporate,Office Supplies,Art,East,3820,Dover,New Hampshire,United States,0.0,11.9412,9,38.52,0.31
US-2020-130673,2019-05-20,2019-05-22,Matt Collister,Other,Contemporary Borderless Frame,Corporate,Furniture,Furnishings,Central,78666,San Marcos,Texas,United States,0.6,-5.9409,3,10.332,-0.575
US-2020-130673,2019-05-20,2019-05-22,Matt Collister,Xerox,Xerox 213,Corporate,Office Supplies,Paper,Central,78666,San Marcos,Texas,United States,0.2,3.6288,2,10.368,0.35
US-2020-130673,2019-05-20,2019-05-22,Matt Collister,Rogers,Rogers Profile Extra Capacity Storage Tub,Corporate,Office Supplies,Storage,Central,78666,San Marcos,Texas,United States,0.2,-13.392,5,66.96,-0.2
US-2020-130673,2019-05-20,2019-05-22,Matt Collister,SanDisk,SanDisk Ultra 16 GB MicroSDHC Class 10 Memory Card,Corporate,Technology,Accessories,Central,78666,San Marcos,Texas,United States,0.2,-3.6372,2,20.784,-0.175
US-2020-104780,2019-05-21,2019-05-25,Bradley Talbott,Other,4009 Highlighters by Sanford,Home Office,Office Supplies,Art,West,92037,San Diego,California,United States,0.0,10.5072,8,31.84,0.33
US-2020-117639,2019-05-21,2019-05-25,Mitch Willingham,Fellowes,Fellowes PB300 Plastic Comb Binding Machine,Corporate,Office Supplies,Binders,South,23464,Virginia Beach,Virginia,United States,0.0,1276.4871,7,2715.93,0.47
US-2020-117639,2019-05-21,2019-05-25,Mitch Willingham,Plantronics,Plantronics Voyager Pro Legend,Corporate,Technology,Phones,South,23464,Virginia Beach,Virginia,United States,0.0,173.0316,3,617.97,0.28
US-2020-127166,2019-05-21,2019-05-23,Katherine Hughes,Global,Global Deluxe Steno Chair,Consumer,Furniture,Chairs,Central,77070,Houston,Texas,United States,0.3,-29.2524,2,107.772,-0.271428571
US-2020-127166,2019-05-21,2019-05-23,Katherine Hughes,Ibico,Ibico Plastic Spiral Binding Combs,Consumer,Office Supplies,Binders,Central,77070,Houston,Texas,United States,0.8,-31.008,3,18.24,-1.7
US-2020-127166,2019-05-21,2019-05-23,Katherine Hughes,Staple envelope,Staple envelope,Consumer,Office Supplies,Envelopes,Central,77070,Houston,Texas,United States,0.2,21.024,6,56.064,0.375
US-2020-127166,2019-05-21,2019-05-23,Katherine Hughes,Adams,"Adams Telephone Message Books, 5 1/4” x 11”",Consumer,Office Supplies,Paper,Central,77070,Houston,Texas,United States,0.2,1.6308,1,4.832,0.3375
US-2020-152443,2019-05-21,2019-05-26,Frank Gastineau,Belkin,Belkin 8 Outlet Surge Protector,Home Office,Office Supplies,Appliances,East,1841,Lawrence,Massachusetts,United States,0.0,68.8464,6,245.88,0.28
US-2020-152443,2019-05-21,2019-05-26,Frank Gastineau,GBC,GBC ProClick Punch Binding System,Home Office,Office Supplies,Binders,East,1841,Lawrence,Massachusetts,United States,0.0,219.4514,7,447.86,0.49
US-2020-152443,2019-05-21,2019-05-26,Frank Gastineau,Xerox,Xerox 1992,Home Office,Office Supplies,Paper,East,1841,Lawrence,Massachusetts,United States,0.0,8.7906,3,17.94,0.49
US-2020-143840,2019-05-22,2019-05-29,Evan Henry,Nortel,Nortel Networks T7316 E Nt8 B27,Consumer,Technology,Phones,South,35601,Decatur,Alabama,United States,0.0,33.995,2,135.98,0.25
US-2020-143840,2019-05-22,2019-05-29,Evan Henry,Plantronics,Plantronics Encore H101 Dual Earpieces Headset,Consumer,Technology,Phones,South,35601,Decatur,Alabama,United States,0.0,12.586,1,44.95,0.28
US-2020-105767,2019-05-23,2019-05-27,Andrew Roberts,Newell,Newell 317,Consumer,Office Supplies,Art,East,19134,Philadelphia,Pennsylvania,United States,0.2,2.3814,9,21.168,0.1125
US-2020-105767,2019-05-23,2019-05-27,Andrew Roberts,Angle-D,Angle-D Ring Binders,Consumer,Office Supplies,Binders,East,19134,Philadelphia,Pennsylvania,United States,0.7,-2.6256,2,3.282,-0.8
US-2020-105767,2019-05-23,2019-05-27,Andrew Roberts,Motorola,Motorola L804,Consumer,Technology,Phones,East,19134,Philadelphia,Pennsylvania,United States,0.4,-10.1178,2,55.188,-0.183333333
US-2020-135881,2019-05-23,2019-05-27,Greg Tran,Other,"1.7 Cubic Foot Compact ""Cube"" Office Refrigerators",Consumer,Office Supplies,Appliances,East,10035,New York City,New York,United States,0.0,56.2032,1,208.16,0.27
US-2020-135881,2019-05-23,2019-05-27,Greg Tran,Avery,Avery Non-Stick Binders,Consumer,Office Supplies,Binders,East,10035,New York City,New York,United States,0.2,5.837,5,17.96,0.325
US-2020-135881,2019-05-23,2019-05-27,Greg Tran,Other,Letter Slitter,Consumer,Office Supplies,Supplies,East,10035,New York City,New York,United States,0.0,0.1512,2,5.04,0.03
US-2020-138513,2019-05-23,2019-05-27,Erica Hackney,Xerox,Xerox 1999,Consumer,Office Supplies,Paper,West,98006,Bellevue,Washington,United States,0.0,6.2208,2,12.96,0.48
US-2020-143413,2019-05-24,2019-05-30,Resi Pölking,Xerox,Xerox 1944,Consumer,Office Supplies,Paper,East,21215,Baltimore,Maryland,United States,0.0,56.9772,3,116.28,0.49
US-2020-100391,2019-05-25,2019-05-29,Barry Weirich,Strathmore,Strathmore Photo Frame Cards,Consumer,Office Supplies,Paper,East,10035,New York City,New York,United States,0.0,6.7252,2,14.62,0.46
US-2020-130379,2019-05-25,2019-05-29,Janet Lee,Electrix,"Electrix Incandescent Magnifying Lamp, Black",Consumer,Furniture,Furnishings,Central,60623,Chicago,Illinois,United States,0.6,-24.189,2,29.32,-0.825
US-2020-130379,2019-05-25,2019-05-29,Janet Lee,Harmony,Harmony Air Purifier,Consumer,Office Supplies,Appliances,Central,60623,Chicago,Illinois,United States,0.8,-166.32,2,75.6,-2.2
US-2020-129574,2019-05-26,2019-05-29,Dean percer,Wirebound,"Wirebound Service Call Books, 5 1/2"" x 4""",Home Office,Office Supplies,Paper,West,84107,Murray,Utah,United States,0.0,23.232,5,48.4,0.48
US-2020-144029,2019-05-26,2019-05-31,Michelle Moray,Global,Global Commerce Series Low-Back Swivel/Tilt Chairs,Consumer,Furniture,Chairs,Central,60623,Chicago,Illinois,United States,0.3,-5.1396,2,359.772,-0.014285714
US-2020-144029,2019-05-26,2019-05-31,Michelle Moray,Dixon,DIXON Ticonderoga Erasable Checking Pencils,Consumer,Office Supplies,Art,Central,60623,Chicago,Illinois,United States,0.2,3.1806,3,13.392,0.2375
US-2020-144029,2019-05-26,2019-05-31,Michelle Moray,SAFCO,"SAFCO Mobile Desk Side File, Wire Frame",Consumer,Office Supplies,Storage,Central,60623,Chicago,Illinois,United States,0.2,7.6968,3,102.624,0.075
US-2020-156349,2019-05-26,2019-05-30,Marina Lichtenstein,Sauder,Sauder Inglewood Library Bookcases,Corporate,Furniture,Bookcases,West,90008,Los Angeles,California,United States,0.15,27.3568,2,290.666,0.094117647
US-2020-156349,2019-05-26,2019-05-30,Marina Lichtenstein,Other,VTech DS6151,Corporate,Technology,Phones,West,90008,Los Angeles,California,United States,0.2,20.1584,2,201.584,0.1
US-2020-156349,2019-05-26,2019-05-30,Marina Lichtenstein,Other,netTALK DUO VoIP Telephone Service,Corporate,Technology,Phones,West,90008,Los Angeles,California,United States,0.2,31.494,2,83.984,0.375
US-2020-158029,2019-05-26,2019-05-30,Herbert Flentye,Hon,Hon Olson Stacker Stools,Consumer,Furniture,Chairs,West,90008,Los Angeles,California,United States,0.2,22.5296,2,225.296,0.1
US-2020-117058,2019-05-27,2019-05-30,Laurel Elliston,Fellowes,Fellowes Presentation Covers for Comb Binding Machines,Consumer,Office Supplies,Binders,Central,60653,Chicago,Illinois,United States,0.8,-30.555,6,17.46,-1.75
US-2020-124429,2019-05-27,2019-05-27,Maya Herman,KI,KI Conference Tables,Corporate,Furniture,Tables,West,92105,San Diego,California,United States,0.2,-28.356,10,567.12,-0.05
US-2020-124429,2019-05-27,2019-05-27,Maya Herman,Fellowes,Fellowes Officeware Wire Shelving,Corporate,Office Supplies,Storage,West,92105,San Diego,California,United States,0.0,7.1864,4,359.32,0.02
US-2020-139192,2019-05-27,2019-06-01,Lena Creighton,Logitech,Logitech Wireless Performance Mouse MX for PC and Mac,Consumer,Technology,Accessories,West,94109,San Francisco,California,United States,0.0,37.9962,1,99.99,0.38
US-2020-139192,2019-05-27,2019-06-01,Lena Creighton,Plantronics,Plantronics HL10 Handset Lifter,Consumer,Technology,Phones,West,94109,San Francisco,California,United States,0.2,125.2692,12,1113.504,0.1125
US-2020-108861,2019-05-28,2019-06-01,Magdelene Morse,Other,"Green Canvas Binder for 8-1/2"" x 14"" Sheets",Consumer,Office Supplies,Binders,West,98105,Seattle,Washington,United States,0.2,51.36,4,136.96,0.375
US-2020-135993,2019-05-28,2019-06-02,Patrick Jones,Imation,Imation 30456 USB Flash Drive 8GB,Corporate,Technology,Accessories,West,98115,Seattle,Washington,United States,0.0,2.208,4,27.6,0.08
US-2020-135993,2019-05-28,2019-06-02,Patrick Jones,Other,I Need's 3d Hello Kitty Hybrid Silicone Case Cover for HTC One X 4g with 3d Hello Kitty Stylus Pen Green/pink,Corporate,Technology,Phones,West,98115,Seattle,Washington,United States,0.2,5.7408,6,57.408,0.1
US-2020-103429,2019-05-30,2019-06-01,Laurel Workman,Honeywell,Honeywell Quietcare HEPA Air Cleaner,Corporate,Office Supplies,Appliances,East,10024,New York City,New York,United States,0.0,77.8635,3,235.95,0.33
US-2020-103429,2019-05-30,2019-06-01,Laurel Workman,GBC,"GBC Pre-Punched Binding Paper, Plastic, White, 8-1/2"" x 11""",Corporate,Office Supplies,Binders,East,10024,New York City,New York,United States,0.2,8.9544,2,25.584,0.35
US-2020-103429,2019-05-30,2019-06-01,Laurel Workman,Xerox,Xerox 1948,Corporate,Office Supplies,Paper,East,10024,New York City,New York,United States,0.0,17.982,4,39.96,0.45
US-2020-103429,2019-05-30,2019-06-01,Laurel Workman,Other,Geemarc AmpliPOWER60,Corporate,Technology,Phones,East,10024,New York City,New York,United States,0.0,134.56,5,464.0,0.29
US-2020-105872,2019-05-30,2019-06-06,James Galang,Wilson Jones,Wilson Jones Legal Size Ring Binders,Consumer,Office Supplies,Binders,East,10024,New York City,New York,United States,0.2,26.388,4,70.368,0.375
US-2020-140473,2019-05-30,2019-06-03,Mark Cousins,Brother,Brother DCP1000 Digital 3 in 1 Multifunction Machine,Corporate,Technology,Copiers,Central,60623,Chicago,Illinois,United States,0.2,134.9955,3,719.976,0.1875
US-2020-145800,2019-05-30,2019-06-05,Shahid Shariari,Chromcraft,Chromcraft Rectangular Conference Tables,Consumer,Furniture,Tables,Central,60089,Buffalo Grove,Illinois,United States,0.5,-184.8366,3,355.455,-0.52
US-2020-146885,2019-05-30,2019-06-05,Ellis Ballard,Ampad,"Ampad Poly Cover Wirebound Steno Book, 6"" x 9"" Assorted Colors, Gregg Ruled",Corporate,Office Supplies,Paper,South,23223,Richmond,Virginia,United States,0.0,6.129,3,13.62,0.45
US-2020-166051,2019-05-31,2019-06-05,Jim Karlsson,Grandstream,Grandstream GXP1160 VoIP phone,Consumer,Technology,Phones,South,39212,Jackson,Mississippi,United States,0.0,32.9817,3,113.73,0.29
US-2020-166051,2019-05-31,2019-06-05,Jim Karlsson,Samsung,Samsung Galaxy Note 3,Consumer,Technology,Phones,South,39212,Jackson,Mississippi,United States,0.0,197.991,3,659.97,0.3
US-2020-111003,2019-06-01,2019-06-06,Corey Roper,Boston,Boston Heavy-Duty Trimline Electric Pencil Sharpeners,Home Office,Office Supplies,Art,East,8701,Lakewood,New Jersey,United States,0.0,83.868,6,289.2,0.29
US-2020-111003,2019-06-01,2019-06-06,Corey Roper,GBC,"GBC Clear Cover, 8-1/2 x 11, unpunched, 25 covers per pack",Home Office,Office Supplies,Binders,East,8701,Lakewood,New Jersey,United States,0.0,20.9208,3,45.48,0.46
US-2020-131926,2019-06-01,2019-06-06,Dianna Wilson,Global,Global Deluxe High-Back Manager's Chair,Home Office,Furniture,Chairs,Central,55044,Lakeville,Minnesota,United States,0.0,580.5394,7,2001.86,0.29
US-2020-131926,2019-06-01,2019-06-06,Dianna Wilson,Honeywell,Honeywell Enviracaire Portable HEPA Air Cleaner for 17' x 22' Room,Home Office,Office Supplies,Appliances,Central,55044,Lakeville,Minnesota,United States,0.0,496.0725,5,1503.25,0.33
US-2020-131926,2019-06-01,2019-06-06,Dianna Wilson,Xerox,Xerox 205,Home Office,Office Supplies,Paper,Central,55044,Lakeville,Minnesota,United States,0.0,12.4416,4,25.92,0.48
US-2020-131926,2019-06-01,2019-06-06,Dianna Wilson,Adams,"Adams Telephone Message Book w/Frequently-Called Numbers Space, 400 Messages per Book",Home Office,Office Supplies,Paper,Central,55044,Lakeville,Minnesota,United States,0.0,23.94,6,47.88,0.5
US-2020-131926,2019-06-01,2019-06-06,Dianna Wilson,SAFCO,Safco Steel Mobile File Cart,Home Office,Office Supplies,Storage,Central,55044,Lakeville,Minnesota,United States,0.0,41.68,2,166.72,0.25
US-2020-157070,2019-06-01,2019-06-06,Quincy Jones,Acco,Acco 6 Outlet Guardian Premium Surge Suppressor,Corporate,Office Supplies,Appliances,Central,48234,Detroit,Michigan,United States,0.1,12.376,5,65.52,0.188888889
US-2020-157070,2019-06-01,2019-06-06,Quincy Jones,Wilson Jones,Wilson Jones Heavy-Duty Casebound Ring Binders with Metal Hinges,Corporate,Office Supplies,Binders,Central,48234,Detroit,Michigan,United States,0.0,66.5088,4,138.56,0.48
US-2020-165659,2019-06-01,2019-06-06,Liz Thompson,3M,3M Hangers With Command Adhesive,Consumer,Furniture,Furnishings,South,72209,Little Rock,Arkansas,United States,0.0,9.102,6,22.2,0.41
US-2020-165659,2019-06-01,2019-06-06,Liz Thompson,Other,Adtran 1202752G1,Consumer,Technology,Phones,South,72209,Little Rock,Arkansas,United States,0.0,229.3018,7,881.93,0.26
US-2020-100895,2019-06-02,2019-06-06,Stewart Visinsky,Sanford,"Sanford Colorific Scented Colored Pencils, 12/Pack",Consumer,Office Supplies,Art,South,30076,Roswell,Georgia,United States,0.0,2.6536,2,8.56,0.31
US-2020-100895,2019-06-02,2019-06-06,Stewart Visinsky,Other,"Hot File 7-Pocket, Floor Stand",Consumer,Office Supplies,Storage,South,30076,Roswell,Georgia,United States,0.0,107.082,2,356.94,0.3
US-2020-100895,2019-06-02,2019-06-06,Stewart Visinsky,Other,Mophie Juice Pack Helium for iPhone,Consumer,Technology,Phones,South,30076,Roswell,Georgia,United States,0.0,67.1916,3,239.97,0.28
US-2020-104472,2019-06-02,2019-06-07,Christine Kargatis,Other,Aluminum Document Frame,Home Office,Furniture,Furnishings,West,84057,Orem,Utah,United States,0.0,21.996,6,73.32,0.3
US-2020-104472,2019-06-02,2019-06-07,Christine Kargatis,GBC,GBC Standard Therm-A-Bind Covers,Home Office,Office Supplies,Binders,West,84057,Orem,Utah,United States,0.2,19.4376,3,59.808,0.325
US-2020-135657,2019-06-03,2019-06-07,Steven Cartwright,KI,KI Adjustable-Height Table,Consumer,Furniture,Tables,West,98115,Seattle,Washington,United States,0.0,113.4936,6,515.88,0.22
US-2020-141299,2019-06-03,2019-06-07,Ross Baird,Other,Security-Tint Envelopes,Home Office,Office Supplies,Envelopes,Central,48640,Midland,Michigan,United States,0.0,7.4872,2,15.28,0.49
US-2020-163867,2019-06-03,2019-06-06,Richard Eichhorn,Other,"Contract Clock, 14"", Brown",Consumer,Furniture,Furnishings,Central,62521,Decatur,Illinois,United States,0.6,-40.0036,7,61.544,-0.65
US-2020-163867,2019-06-03,2019-06-06,Richard Eichhorn,Avery,Avery 513,Consumer,Office Supplies,Labels,Central,62521,Decatur,Illinois,United States,0.2,5.1792,4,15.936,0.325
US-2020-163867,2019-06-03,2019-06-06,Richard Eichhorn,Other,Recycled Steel Personal File for Standard File Folders,Consumer,Office Supplies,Storage,Central,62521,Decatur,Illinois,United States,0.2,9.9522,3,132.696,0.075
US-2020-147914,2019-06-04,2019-06-09,Mark Packer,Easy-staple paper,Easy-staple paper,Home Office,Office Supplies,Paper,East,43229,Columbus,Ohio,United States,0.2,5.8812,2,16.224,0.3625
US-2020-151946,2019-06-04,2019-06-09,Bobby Trafton,O'Sullivan,O'Sullivan Living Dimensions 5-Shelf Bookcases,Consumer,Furniture,Bookcases,East,10035,New York City,New York,United States,0.2,-44.196,2,353.568,-0.125
US-2020-151946,2019-06-04,2019-06-09,Bobby Trafton,GE,G.E. Halogen Desk Lamp Bulbs,Consumer,Furniture,Furnishings,East,10035,New York City,New York,United States,0.0,6.7008,2,13.96,0.48
US-2020-151946,2019-06-04,2019-06-09,Bobby Trafton,Seth Thomas,"Seth Thomas 14"" Day/Date Wall Clock",Consumer,Furniture,Furnishings,East,10035,New York City,New York,United States,0.0,21.0752,2,56.96,0.37
US-2020-151946,2019-06-04,2019-06-09,Bobby Trafton,Other,"Commercial WindTunnel Clean Air Upright Vacuum, Replacement Belts, Filtration Bags",Consumer,Office Supplies,Appliances,East,10035,New York City,New York,United States,0.0,4.0456,4,15.56,0.26
US-2020-133270,2019-06-06,2019-06-09,Bryan Mills,Sanford,Sanford Liquid Accent Highlighters,Consumer,Office Supplies,Art,East,14609,Rochester,New York,United States,0.0,4.9432,2,13.36,0.37
US-2020-151897,2019-06-06,2019-06-10,Valerie Takahito,Other,Round Specialty Laser Printer Labels,Home Office,Office Supplies,Labels,Central,77070,Houston,Texas,United States,0.2,33.831,10,100.24,0.3375
US-2020-159520,2019-06-06,2019-06-11,Grant Thornton,Chromcraft,"Chromcraft Bull-Nose Wood 48"" x 96"" Rectangular Conference Tables",Corporate,Furniture,Tables,East,11561,Long Beach,New York,United States,0.4,-347.1174,3,991.764,-0.35
US-2020-159520,2019-06-06,2019-06-11,Grant Thornton,Wilson Jones,Wilson Jones Century Plastic Molded Ring Binders,Corporate,Office Supplies,Binders,East,11561,Long Beach,New York,United States,0.2,50.4711,9,149.544,0.3375
US-2020-159520,2019-06-06,2019-06-11,Grant Thornton,Acme,Acme Office Executive Series Stainless Steel Trimmers,Corporate,Office Supplies,Supplies,East,11561,Long Beach,New York,United States,0.0,4.4564,2,17.14,0.26
US-2020-161305,2019-06-06,2019-06-12,Sarah Bern,Avery,"Avery Trapezoid Ring Binder, 3"" Capacity, Black, 1040 sheets",Consumer,Office Supplies,Binders,Central,60623,Chicago,Illinois,United States,0.8,-38.1114,3,24.588,-1.55
US-2020-161305,2019-06-06,2019-06-12,Sarah Bern,Other,"#10- 4 1/8"" x 9 1/2"" Recycled Envelopes",Consumer,Office Supplies,Envelopes,Central,60623,Chicago,Illinois,United States,0.2,4.7196,2,13.984,0.3375
US-2020-169257,2019-06-06,2019-06-12,Stewart Visinsky,Other,Presstex Flexible Ring Binders,Consumer,Office Supplies,Binders,South,32216,Jacksonville,Florida,United States,0.7,-0.91,1,1.365,-0.666666667
US-2020-169257,2019-06-06,2019-06-12,Stewart Visinsky,Xerox,Xerox 1944,Consumer,Office Supplies,Paper,South,32216,Jacksonville,Florida,United States,0.2,22.4808,2,62.016,0.3625
US-2020-106229,2019-06-07,2019-06-11,Nick Radford,Bevis,"Bevis Round Conference Table Top, X-Base",Consumer,Furniture,Tables,Central,60505,Aurora,Illinois,United States,0.5,-209.7693,3,268.935,-0.78
US-2020-134971,2019-06-07,2019-06-10,Bart Pistole,Wilson Jones,Wilson Jones Century Plastic Molded Ring Binders,Corporate,Office Supplies,Binders,Central,61604,Peoria,Illinois,United States,0.8,-20.5623,3,12.462,-1.65
US-2020-108147,2019-06-08,2019-06-13,Rick Duston,Other,"Green Canvas Binder for 8-1/2"" x 14"" Sheets",Consumer,Office Supplies,Binders,East,11561,Long Beach,New York,United States,0.2,25.68,2,68.48,0.375
US-2020-108147,2019-06-08,2019-06-13,Rick Duston,Tennsco,"Tennsco Snap-Together Open Shelving Units, Starter Sets and Add-On Units",Consumer,Office Supplies,Storage,East,11561,Long Beach,New York,United States,0.0,83.844,6,1676.88,0.05
US-2020-109162,2019-06-08,2019-06-12,Katrina Edelman,Other,"Situations Contoured Folding Chairs, 4/Set",Corporate,Furniture,Chairs,South,37620,Bristol,Tennessee,United States,0.2,10.647,3,170.352,0.0625
US-2020-141257,2019-06-08,2019-06-14,Carlos Soltero,Hon,"Hon Deluxe Fabric Upholstered Stacking Chairs, Squared Back",Consumer,Furniture,Chairs,West,98115,Seattle,Washington,United States,0.2,73.194,3,585.552,0.125
US-2020-115812,2019-06-09,2019-06-14,Brosina Hoffman,Eldon,"Eldon Expressions Wood and Plastic Desk Accessories, Cherry Wood",Consumer,Furniture,Furnishings,West,90032,Los Angeles,California,United States,0.0,14.1694,7,48.86,0.29
US-2020-115812,2019-06-09,2019-06-14,Brosina Hoffman,Chromcraft,Chromcraft Rectangular Conference Tables,Consumer,Furniture,Tables,West,90032,Los Angeles,California,United States,0.2,85.3092,9,1706.184,0.05
US-2020-115812,2019-06-09,2019-06-14,Brosina Hoffman,Belkin,Belkin F5C206VTEL 6 Outlet Surge,Consumer,Office Supplies,Appliances,West,90032,Los Angeles,California,United States,0.0,34.47,5,114.9,0.3
US-2020-115812,2019-06-09,2019-06-14,Brosina Hoffman,Newell,Newell 322,Consumer,Office Supplies,Art,West,90032,Los Angeles,California,United States,0.0,1.9656,4,7.28,0.27
US-2020-115812,2019-06-09,2019-06-14,Brosina Hoffman,DXL,DXL Angle-View Binders with Locking Rings by Samsill,Consumer,Office Supplies,Binders,West,90032,Los Angeles,California,United States,0.2,5.7825,3,18.504,0.3125
US-2020-115812,2019-06-09,2019-06-14,Brosina Hoffman,Other,Konftel 250 Conference phone - Charcoal black,Consumer,Technology,Phones,West,90032,Los Angeles,California,United States,0.2,68.3568,4,911.424,0.075
US-2020-115812,2019-06-09,2019-06-14,Brosina Hoffman,Mitel,Mitel 5320 IP Phone VoIP phone,Consumer,Technology,Phones,West,90032,Los Angeles,California,United States,0.2,90.7152,6,907.152,0.1
US-2020-132612,2019-06-09,2019-06-11,Frank Olsen,Bevis,Bevis 44 x 96 Conference Tables,Consumer,Furniture,Tables,South,22801,Harrisonburg,Virginia,United States,0.0,245.021,7,1441.3,0.17
US-2020-133753,2019-06-09,2019-06-13,Carl Weiss,Boston,Boston 1645 Deluxe Heavier-Duty Electric Pencil Sharpener,Home Office,Office Supplies,Art,Central,77340,Huntsville,Texas,United States,0.2,6.1572,2,70.368,0.0875
US-2020-133753,2019-06-09,2019-06-13,Carl Weiss,Logitech,Logitech M510 Wireless Mouse,Home Office,Technology,Accessories,Central,77340,Huntsville,Texas,United States,0.2,10.3974,2,63.984,0.1625
US-2020-133753,2019-06-09,2019-06-13,Carl Weiss,Square,Square Credit Card Reader,Home Office,Technology,Phones,Central,77340,Huntsville,Texas,United States,0.2,0.5994,1,7.992,0.075
US-2020-133851,2019-06-09,2019-06-16,Chuck Magee,Other,Deluxe Chalkboard Eraser Cleaner,Consumer,Office Supplies,Art,West,94122,San Francisco,California,United States,0.0,10.626,2,23.1,0.46
US-2020-133851,2019-06-09,2019-06-16,Chuck Magee,Staple remover,Staple remover,Consumer,Office Supplies,Supplies,West,94122,San Francisco,California,United States,0.0,0.1472,2,7.36,0.02
US-2020-160262,2019-06-09,2019-06-13,Thomas Seio,Executive Impressions,"Executive Impressions 13-1/2"" Indoor/Outdoor Wall Clock",Corporate,Furniture,Furnishings,West,89031,North Las Vegas,Nevada,United States,0.0,14.212,2,37.4,0.38
US-2020-160262,2019-06-09,2019-06-13,Thomas Seio,Dixon,DIXON Oriole Pencils,Corporate,Office Supplies,Art,West,89031,North Las Vegas,Nevada,United States,0.0,4.6956,7,18.06,0.26
US-2020-160262,2019-06-09,2019-06-13,Thomas Seio,Xerox,Xerox 1909,Corporate,Office Supplies,Paper,West,89031,North Las Vegas,Nevada,United States,0.0,36.4044,3,79.14,0.46
US-2020-144281,2019-06-10,2019-06-15,Heather Kirkland,Other,"Dot Matrix Printer Tape Reel Labels, White, 5000/Box",Corporate,Office Supplies,Labels,Central,48234,Detroit,Michigan,United States,0.0,240.8595,5,491.55,0.49
US-2020-114643,2019-06-13,2019-06-17,Filia McAdams,Staples in misc. colors,Staples in misc. colors,Corporate,Office Supplies,Art,West,90032,Los Angeles,California,United States,0.0,4.7916,3,14.52,0.33
US-2020-140487,2019-06-14,2019-06-20,Sharelle Roach,Hon,"Hon Metal Bookcases, Gray",Home Office,Furniture,Bookcases,Central,48234,Detroit,Michigan,United States,0.0,57.4938,3,212.94,0.27
US-2020-126963,2019-06-15,2019-06-15,Pamela Stobb,Xerox,Xerox 1902,Consumer,Office Supplies,Paper,Central,79907,El Paso,Texas,United States,0.2,11.8768,2,36.544,0.325
US-2020-141215,2019-06-15,2019-06-21,Kelly Lampkin,Global,Global Commerce Series High-Back Swivel/Tilt Chairs,Corporate,Furniture,Chairs,Central,78207,San Antonio,Texas,United States,0.3,-56.996,4,797.944,-0.071428571
US-2020-141215,2019-06-15,2019-06-21,Kelly Lampkin,Lesro,"Lesro Sheffield Collection Coffee Table, End Table, Center Table, Corner Table",Corporate,Furniture,Tables,Central,78207,San Antonio,Texas,United States,0.3,-18.5562,2,99.918,-0.185714286
US-2020-141215,2019-06-15,2019-06-21,Kelly Lampkin,Avery,Avery Premier Heavy-Duty Binder with Round Locking Rings,Corporate,Office Supplies,Binders,Central,78207,San Antonio,Texas,United States,0.8,-14.5656,3,8.568,-1.7
US-2020-113929,2019-06-16,2019-06-21,Chloris Kastensmidt,Boston,Boston 16750 Black Compact Battery Pencil Sharpener,Consumer,Office Supplies,Art,East,11550,Hempstead,New York,United States,0.0,10.5,4,35.0,0.3
US-2020-113929,2019-06-16,2019-06-21,Chloris Kastensmidt,Ibico,Ibico Standard Transparent Covers,Consumer,Office Supplies,Binders,East,11550,Hempstead,New York,United States,0.2,14.3376,3,39.552,0.3625
US-2020-113929,2019-06-16,2019-06-21,Chloris Kastensmidt,Staple envelope,Staple envelope,Consumer,Office Supplies,Envelopes,East,11550,Hempstead,New York,United States,0.0,19.458,5,41.4,0.47
US-2020-136644,2019-06-16,2019-06-22,Sonia Cooley,Global,"Global Geo Office Task Chair, Gray",Consumer,Furniture,Chairs,Central,46544,Mishawaka,Indiana,United States,0.0,32.392,8,647.84,0.05
US-2020-104402,2019-06-17,2019-06-23,Duane Benoit,Texas Instruments,Texas Instruments TI-34 Scientific Calculator,Consumer,Technology,Machines,East,19711,Newark,Delaware,United States,0.0,31.0059,3,65.97,0.47
US-2020-144414,2019-06-17,2019-06-21,Gary Hwang,Eldon,Eldon Wave Desk Accessories,Consumer,Furniture,Furnishings,West,98105,Seattle,Washington,United States,0.0,2.6208,3,6.24,0.42
US-2020-144414,2019-06-17,2019-06-21,Gary Hwang,GBC,GBC DocuBind P400 Electric Binding System,Consumer,Office Supplies,Binders,West,98105,Seattle,Washington,United States,0.2,1061.5722,3,3266.376,0.325
US-2020-144414,2019-06-17,2019-06-21,Gary Hwang,Other,OIC Binder Clips,Consumer,Office Supplies,Fasteners,West,98105,Seattle,Washington,United States,0.0,8.95,5,17.9,0.5
US-2020-156342,2019-06-17,2019-06-20,Jennifer Ferguson,Xerox,Xerox 1892,Consumer,Office Supplies,Paper,Central,60653,Chicago,Illinois,United States,0.2,22.4808,2,62.016,0.3625
US-2020-123855,2019-06-18,2019-06-23,Mick Crebagga,Plantronics,Plantronics Cordless Phone Headset with In-line Volume - M214C,Consumer,Technology,Phones,West,90036,Los Angeles,California,United States,0.2,12.2325,5,139.8,0.0875
US-2020-112949,2019-06-20,2019-06-27,Corey-Lock,Honeywell,Honeywell Quietcare HEPA Air Cleaner,Consumer,Office Supplies,Appliances,Central,73505,Lawton,Oklahoma,United States,0.0,155.727,6,471.9,0.33
US-2020-112949,2019-06-20,2019-06-27,Corey-Lock,Other,Nontoxic Chalk,Consumer,Office Supplies,Art,Central,73505,Lawton,Oklahoma,United States,0.0,1.6896,2,3.52,0.48
US-2020-166863,2019-06-20,2019-06-24,Sam Craven,Hon,"Hon Metal Bookcases, Black",Consumer,Furniture,Bookcases,Central,75023,Plano,Texas,United States,0.32,-19.8744,4,193.0656,-0.102941176
US-2020-166863,2019-06-20,2019-06-24,Sam Craven,Storex,Storex DuraTech Recycled Plastic Frosted Binders,Consumer,Office Supplies,Binders,Central,75023,Plano,Texas,United States,0.8,-5.088,4,3.392,-1.5
US-2020-166863,2019-06-20,2019-06-24,Sam Craven,Array,"Array Parchment Paper, Assorted Colors",Consumer,Office Supplies,Paper,Central,75023,Plano,Texas,United States,0.2,4.0768,2,11.648,0.35
US-2020-166863,2019-06-20,2019-06-24,Sam Craven,Xerox,Xerox 2,Consumer,Office Supplies,Paper,Central,75023,Plano,Texas,United States,0.2,5.4432,3,15.552,0.35
US-2020-166863,2019-06-20,2019-06-24,Sam Craven,SAFCO,Safco Industrial Wire Shelving System,Consumer,Office Supplies,Storage,Central,75023,Plano,Texas,United States,0.2,-127.372,7,509.488,-0.25
US-2020-166863,2019-06-20,2019-06-24,Sam Craven,Okidata,Okidata C331dn Printer,Consumer,Technology,Machines,Central,75023,Plano,Texas,United States,0.4,-97.72,2,418.8,-0.233333333
US-2020-166863,2019-06-20,2019-06-24,Sam Craven,HTC,HTC One Mini,Consumer,Technology,Phones,Central,75023,Plano,Texas,United States,0.2,20.1584,2,201.584,0.1
US-2020-117135,2019-06-21,2019-06-23,Naresj Patel,Luxo,Luxo Professional Magnifying Clamp-On Fluorescent Lamps,Consumer,Furniture,Furnishings,South,22980,Waynesboro,Virginia,United States,0.0,14.5614,1,104.01,0.14
US-2020-117135,2019-06-21,2019-06-23,Naresj Patel,Other,Recycled Eldon Regeneration Jumbo File,Consumer,Office Supplies,Storage,South,22980,Waynesboro,Virginia,United States,0.0,10.3152,3,36.84,0.28
US-2020-117135,2019-06-21,2019-06-23,Naresj Patel,Other,Konftel 250 Conference phone - Charcoal black,Consumer,Technology,Phones,South,22980,Waynesboro,Virginia,United States,0.0,74.0532,1,284.82,0.26
US-2020-128146,2019-06-21,2019-06-25,Dave Brooks,Other,"OIC #2 Pencils, Medium Soft",Consumer,Office Supplies,Art,East,8701,Lakewood,New Jersey,United States,0.0,1.0904,2,3.76,0.29
US-2020-128146,2019-06-21,2019-06-25,Dave Brooks,Other,Wireless Extenders zBoost YX545 SOHO Signal Booster,Consumer,Technology,Phones,East,8701,Lakewood,New Jersey,United States,0.0,357.1911,7,1322.93,0.27
US-2020-130624,2019-06-21,2019-06-24,Toby Braunhardt,Holmes,"Holmes Cool Mist Humidifier for the Whole House with 8-Gallon Output per Day, Extended Life Filter",Consumer,Office Supplies,Appliances,East,10024,New York City,New York,United States,0.0,26.865,3,59.7,0.45
US-2020-130624,2019-06-21,2019-06-24,Toby Braunhardt,Message Book,"Message Book, Phone, Wirebound Standard Line Memo, 2 3/4"" X 5""",Consumer,Office Supplies,Paper,East,10024,New York City,New York,United States,0.0,9.039,3,19.65,0.46
US-2020-130624,2019-06-21,2019-06-24,Toby Braunhardt,GE,GE 2-Jack Phone Line Splitter,Consumer,Technology,Phones,East,10024,New York City,New York,United States,0.0,160.6722,3,617.97,0.26
US-2020-138317,2019-06-21,2019-06-25,Natalie Webber,Other,Stacking Trays by OIC,Consumer,Furniture,Furnishings,East,19120,Philadelphia,Pennsylvania,United States,0.2,0.6474,1,3.984,0.1625
US-2020-138317,2019-06-21,2019-06-25,Natalie Webber,Fellowes,Fellowes Advanced 8 Outlet Surge Suppressor with Phone/Fax Protection,Consumer,Office Supplies,Appliances,East,19120,Philadelphia,Pennsylvania,United States,0.2,3.8864,2,44.416,0.0875
US-2020-138317,2019-06-21,2019-06-25,Natalie Webber,GBC,"GBC Prepunched Paper, 19-Hole, for Binding Systems, 24-lb",Consumer,Office Supplies,Binders,East,19120,Philadelphia,Pennsylvania,United States,0.7,-7.2048,2,9.006,-0.8
US-2020-138317,2019-06-21,2019-06-25,Natalie Webber,Staple envelope,Staple envelope,Consumer,Office Supplies,Envelopes,East,19120,Philadelphia,Pennsylvania,United States,0.2,8.4024,4,24.896,0.3375
US-2020-138317,2019-06-21,2019-06-25,Natalie Webber,Logitech,Logitech 910-002974 M325 Wireless Mouse for Web Scrolling,Consumer,Technology,Accessories,East,19120,Philadelphia,Pennsylvania,United States,0.2,28.7904,4,95.968,0.3
US-2020-138317,2019-06-21,2019-06-25,Natalie Webber,Epson,Epson Perfection V600 Photo Scanner,Consumer,Technology,Machines,East,19120,Philadelphia,Pennsylvania,United States,0.7,-172.4925,3,206.991,-0.833333333
US-2020-141278,2019-06-21,2019-06-24,Raymond Messe,Newell,Newell 341,Consumer,Office Supplies,Art,East,6450,Meriden,Connecticut,United States,0.0,6.206,5,21.4,0.29
US-2020-141796,2019-06-21,2019-06-21,James Galang,Polycom,Polycom SoundStation2 EX Conference phone,Consumer,Technology,Phones,East,11561,Long Beach,New York,United States,0.0,352.3065,3,1214.85,0.29
US-2020-160780,2019-06-21,2019-06-21,Stewart Visinsky,Wilson Jones,"Wilson Jones 1"" Hanging DublLock Ring Binders",Consumer,Office Supplies,Binders,West,81001,Pueblo,Colorado,United States,0.7,-8.1312,7,11.088,-0.733333333
US-2020-160780,2019-06-21,2019-06-21,Stewart Visinsky,Avery,"Avery Trapezoid Extra Heavy Duty 4"" Binders",Consumer,Office Supplies,Binders,West,81001,Pueblo,Colorado,United States,0.7,-16.776,2,25.164,-0.666666667
US-2020-124646,2019-06-22,2019-06-24,Dianna Vittorini,Office Impressions,Office Impressions Heavy Duty Welded Shelving & Multimedia Storage Drawers,Consumer,Office Supplies,Storage,Central,55407,Minneapolis,Minnesota,United States,0.0,0.0,3,501.81,0.0
US-2020-124646,2019-06-22,2019-06-24,Dianna Vittorini,Fellowes,Fellowes Bankers Box Recycled Super Stor/Drawer,Consumer,Office Supplies,Storage,Central,55407,Minneapolis,Minnesota,United States,0.0,9.7164,3,161.94,0.06
US-2020-133389,2019-06-22,2019-06-22,Toby Braunhardt,Other,SpineVue Locking Slant-D Ring Binders by Cardinal,Consumer,Office Supplies,Binders,West,85023,Phoenix,Arizona,United States,0.7,-6.0324,3,8.226,-0.733333333
US-2020-142048,2019-06-22,2019-06-25,Joel Eaton,KeyTronic,KeyTronic 6101 Series - Keyboard - Black,Consumer,Technology,Accessories,West,80027,Louisville,Colorado,United States,0.2,56.5662,6,196.752,0.2875
US-2020-154963,2019-06-22,2019-06-27,Anna Andreadi,Hon,"Hon Deluxe Fabric Upholstered Stacking Chairs, Rounded Back",Consumer,Furniture,Chairs,East,19013,Chester,Pennsylvania,United States,0.3,0.0,5,853.93,0.0
US-2020-154963,2019-06-22,2019-06-27,Anna Andreadi,Other,"Padded Folding Chairs, Black, 4/Carton",Consumer,Furniture,Chairs,East,19013,Chester,Pennsylvania,United States,0.3,-4.8588,3,170.058,-0.028571429
US-2020-154963,2019-06-22,2019-06-27,Anna Andreadi,Panasonic,Panasonic Kx-TS550,Consumer,Technology,Phones,East,19013,Chester,Pennsylvania,United States,0.4,-15.1767,3,82.782,-0.183333333
US-2020-126032,2019-06-23,2019-06-28,Brian Stugart,Sony,Sony 64GB Class 10 Micro SDHC R40 Memory Card,Consumer,Technology,Accessories,East,19143,Philadelphia,Pennsylvania,United States,0.2,1.0797,3,86.376,0.0125
US-2020-130358,2019-06-23,2019-06-26,Denise Leinenbach,Prang,Prang Drawing Pencil Set,Consumer,Office Supplies,Art,South,28027,Concord,North Carolina,United States,0.2,1.7514,9,20.016,0.0875
US-2020-130358,2019-06-23,2019-06-26,Denise Leinenbach,Acme,Acme Kleen Earth Office Shears,Consumer,Office Supplies,Supplies,South,28027,Concord,North Carolina,United States,0.2,0.3492,1,3.104,0.1125
US-2020-159814,2019-06-24,2019-06-28,Liz Pelletier,Other,Acrylic Self-Standing Desk Frames,Consumer,Furniture,Furnishings,West,85705,Tucson,Arizona,United States,0.2,0.9612,2,4.272,0.225
US-2020-159338,2019-06-25,2019-06-28,Noel Staavos,Hon,Hon 4060 Series Tables,Corporate,Furniture,Tables,West,90049,Los Angeles,California,United States,0.2,11.196,5,447.84,0.025
US-2020-164469,2019-06-25,2019-06-27,Grace Kelly,Hunt,"Hunt BOSTON Vista Battery-Operated Pencil Sharpener, Black",Corporate,Office Supplies,Art,West,97301,Salem,Oregon,United States,0.2,0.8162,1,9.328,0.0875
US-2020-164469,2019-06-25,2019-06-27,Grace Kelly,Avery,"Avery Hi-Liter EverBold Pen Style Fluorescent Highlighters, 4/Pack",Corporate,Office Supplies,Art,West,97301,Salem,Oregon,United States,0.2,17.908,11,71.632,0.25
US-2020-164469,2019-06-25,2019-06-27,Grace Kelly,Plantronics,Plantronics 81402,Corporate,Technology,Phones,West,97301,Salem,Oregon,United States,0.2,19.797,5,263.96,0.075
US-2020-104283,2019-06-27,2019-07-01,Liz MacKendrick,KI,KI Adjustable-Height Table,Consumer,Furniture,Tables,South,38671,Southaven,Mississippi,United States,0.0,22.3548,1,85.98,0.26
US-2020-104283,2019-06-27,2019-07-01,Liz MacKendrick,SAFCO,"SAFCO Commercial Wire Shelving, 72h",Consumer,Office Supplies,Storage,South,38671,Southaven,Mississippi,United States,0.0,0.0,5,306.2,0.0
US-2020-104283,2019-06-27,2019-07-01,Liz MacKendrick,Sony,Sony Micro Vault Click 16 GB USB 2.0 Flash Drive,Consumer,Technology,Accessories,South,38671,Southaven,Mississippi,United States,0.0,53.7504,4,223.96,0.24
US-2020-140858,2019-06-28,2019-07-02,Cynthia Arntzen,Global,Global Leather Executive Chair,Consumer,Furniture,Chairs,East,19140,Philadelphia,Pennsylvania,United States,0.3,0.0,5,1228.465,0.0
US-2020-140858,2019-06-28,2019-07-02,Cynthia Arntzen,Other,Self-Adhesive Ring Binder Labels,Consumer,Office Supplies,Binders,East,19140,Philadelphia,Pennsylvania,United States,0.7,-2.4288,3,3.168,-0.766666667
US-2020-140858,2019-06-28,2019-07-02,Cynthia Arntzen,GBC,GBC Recycled Grain Textured Covers,Consumer,Office Supplies,Binders,East,19140,Philadelphia,Pennsylvania,United States,0.7,-22.7964,3,31.086,-0.733333333
US-2020-140858,2019-06-28,2019-07-02,Cynthia Arntzen,Xerox,Xerox 1995,Consumer,Office Supplies,Paper,East,19140,Philadelphia,Pennsylvania,United States,0.2,14.5152,8,41.472,0.35
US-2020-140858,2019-06-28,2019-07-02,Cynthia Arntzen,Xerox,Xerox 1941,Consumer,Office Supplies,Paper,East,19140,Philadelphia,Pennsylvania,United States,0.2,117.432,4,335.52,0.35
US-2020-156993,2019-06-28,2019-07-04,Rob Williams,Other,Staples,Corporate,Office Supplies,Fasteners,Central,48234,Detroit,Michigan,United States,0.0,3.04,1,6.08,0.5
US-2020-111773,2019-06-29,2019-07-03,Jim Karlsson,Wilson Jones,"Wilson Jones Clip & Carry Folder Binder Tool for Ring Binders, Clear",Consumer,Office Supplies,Binders,East,10024,New York City,New York,United States,0.2,4.872,3,13.92,0.35
US-2020-165974,2019-06-29,2019-07-06,Dan Lawera,Dixon,"Dixon My First Ticonderoga Pencil, #2",Consumer,Office Supplies,Art,East,45231,Cincinnati,Ohio,United States,0.2,3.6855,7,32.76,0.1125
US-2020-109218,2019-06-30,2019-07-03,Anthony Rawles,BIC,"BIC Brite Liner Highlighters, Chisel Tip",Corporate,Office Supplies,Art,West,90004,Los Angeles,California,United States,0.0,10.368,5,32.4,0.32
US-2020-116757,2019-06-30,2019-07-04,Michael Stewart,Other,Staples,Corporate,Office Supplies,Fasteners,Central,77095,Houston,Texas,United States,0.2,7.1928,6,21.312,0.3375
US-2020-116757,2019-06-30,2019-07-04,Michael Stewart,Xerox,Xerox 225,Corporate,Office Supplies,Paper,Central,77095,Houston,Texas,United States,0.2,9.072,5,25.92,0.35
US-2020-121566,2019-06-30,2019-07-06,Cari Schnelling,Sanford,"Sanford Uni-Blazer View Highlighters, Chisel Tip, Yellow",Consumer,Office Supplies,Art,East,10011,New York City,New York,United States,0.0,2.904,3,6.6,0.44
US-2020-121566,2019-06-30,2019-07-06,Cari Schnelling,Cardinal,Cardinal Poly Pocket Divider Pockets for Ring Binders,Consumer,Office Supplies,Binders,East,10011,New York City,New York,United States,0.2,0.84,1,2.688,0.3125
US-2020-123064,2019-06-30,2019-07-02,Russell Applegate,BIC,BIC Brite Liner Grip Highlighters,Consumer,Office Supplies,Art,Central,60653,Chicago,Illinois,United States,0.2,1.64,4,5.248,0.3125
US-2020-146640,2019-06-30,2019-07-05,Helen Abelman,GBC,GBC Recycled Regency Composition Covers,Consumer,Office Supplies,Binders,East,10024,New York City,New York,United States,0.2,108.7996,7,334.768,0.325
US-2020-152254,2019-06-30,2019-06-30,Brian DeCherney,Xerox,Xerox 1913,Consumer,Office Supplies,Paper,South,28403,Wilmington,North Carolina,United States,0.2,108.7408,7,310.688,0.35
US-2020-153150,2019-07-01,2019-07-06,Dorris liebe,Cardinal,Cardinal Holdit Business Card Pockets,Corporate,Office Supplies,Binders,West,98105,Seattle,Washington,United States,0.2,6.972,5,19.92,0.35
US-2020-160773,2019-07-01,2019-07-05,Laurel Workman,Avery,Avery Durable Binders,Corporate,Office Supplies,Binders,South,32725,Deltona,Florida,United States,0.7,-3.6288,6,5.184,-0.7
US-2020-160773,2019-07-01,2019-07-05,Laurel Workman,Other,Wilson SignalBoost 841262 DB PRO Amplifier Kit,Corporate,Technology,Phones,South,32725,Deltona,Florida,United States,0.2,71.99,2,575.92,0.125
US-2020-107594,2019-07-02,2019-07-06,Eric Hoffmann,Dixon,DIXON Ticonderoga Erasable Checking Pencils,Consumer,Office Supplies,Art,East,7060,Plainfield,New Jersey,United States,0.0,2.1762,1,5.58,0.39
US-2020-107594,2019-07-02,2019-07-06,Eric Hoffmann,Logitech,"Logitech B530 USB Headset - headset - Full size, Binaural",Consumer,Technology,Phones,East,7060,Plainfield,New Jersey,United States,0.0,19.9746,2,73.98,0.27
US-2020-120096,2019-07-04,2019-07-07,Katrina Edelman,Fellowes,Fellowes Mighty 8 Compact Surge Protector,Corporate,Office Supplies,Appliances,West,80013,Aurora,Colorado,United States,0.2,3.2432,2,32.432,0.1
US-2020-120096,2019-07-04,2019-07-07,Katrina Edelman,Xerox,Xerox 194,Corporate,Office Supplies,Paper,West,80013,Aurora,Colorado,United States,0.2,62.1376,4,177.536,0.35
US-2020-138709,2019-07-04,2019-07-09,Maxwell Schwartz,Other,Zipper Ring Binder Pockets,Consumer,Office Supplies,Binders,South,23223,Richmond,Virginia,United States,0.0,7.644,5,15.6,0.49
US-2020-138709,2019-07-04,2019-07-09,Maxwell Schwartz,Southworth,Southworth Structures Collection,Consumer,Office Supplies,Paper,South,23223,Richmond,Virginia,United States,0.0,10.92,3,21.84,0.5
US-2020-103317,2019-07-05,2019-07-08,Don Miller,Advantus,Advantus Panel Wall Certificate Holder - 8.5x11,Corporate,Furniture,Furnishings,South,32137,Palm Coast,Florida,United States,0.2,5.368,2,19.52,0.275
US-2020-103317,2019-07-05,2019-07-08,Don Miller,Luxo,Luxo Adjustable Task Clamp Lamp,Corporate,Furniture,Furnishings,South,32137,Palm Coast,Florida,United States,0.2,15.9912,3,213.216,0.075
US-2020-103317,2019-07-05,2019-07-08,Don Miller,Wilson Jones,Wilson Jones Four-Pocket Poly Binders,Corporate,Office Supplies,Binders,South,32137,Palm Coast,Florida,United States,0.7,-6.867,5,9.81,-0.7
US-2020-107139,2019-07-05,2019-07-11,Dennis Pardue,Other,Vinyl Sectional Post Binders,Home Office,Office Supplies,Binders,West,90004,Los Angeles,California,United States,0.2,67.86,6,180.96,0.375
US-2020-152849,2019-07-05,2019-07-12,David Wiener,Newell,Newell 322,Corporate,Office Supplies,Art,South,37918,Knoxville,Tennessee,United States,0.2,0.3822,3,4.368,0.0875
US-2020-157784,2019-07-05,2019-07-08,Michael Chen,Avery,Avery 516,Consumer,Office Supplies,Labels,South,39212,Jackson,Mississippi,United States,0.0,6.8714,2,14.62,0.47
US-2020-157784,2019-07-05,2019-07-08,Michael Chen,Xerox,Xerox 1995,Consumer,Office Supplies,Paper,South,39212,Jackson,Mississippi,United States,0.0,9.3312,3,19.44,0.48
US-2020-157784,2019-07-05,2019-07-08,Michael Chen,NETGEAR,NETGEAR AC1750 Dual Band Gigabit Smart WiFi Router,Consumer,Technology,Accessories,South,39212,Jackson,Mississippi,United States,0.0,163.1898,3,479.97,0.34
US-2020-160444,2019-07-05,2019-07-05,Dan Campbell,Fellowes,Fellowes Bankers Box Stor/Drawer Steel Plus,Consumer,Office Supplies,Storage,Central,77036,Houston,Texas,United States,0.2,-35.178,11,281.424,-0.125
US-2020-160444,2019-07-05,2019-07-05,Dan Campbell,Gould Plastics,"Gould Plastics 18-Pocket Panel Bin, 34w x 5-1/4d x 20-1/2h",Consumer,Office Supplies,Storage,Central,77036,Houston,Texas,United States,0.2,-44.1552,3,220.776,-0.2
US-2020-134278,2019-07-06,2019-07-08,Emily Phan,Canon,Canon Imageclass D680 Copier / Fax,Consumer,Technology,Copiers,East,10011,New York City,New York,United States,0.2,174.9975,1,559.992,0.3125
US-2020-147543,2019-07-06,2019-07-12,Becky Castell,Global,Global Comet Stacking Armless Chair,Home Office,Furniture,Chairs,West,92020,El Cajon,California,United States,0.2,47.848,2,478.48,0.1
US-2020-138758,2019-07-07,2019-07-11,John Lee,Global,"Global High-Back Leather Tilter, Burgundy",Consumer,Furniture,Chairs,East,19120,Philadelphia,Pennsylvania,United States,0.3,-46.7362,2,172.186,-0.271428571
US-2020-138758,2019-07-07,2019-07-11,John Lee,Howard Miller,"Howard Miller 11-1/2"" Diameter Grantwood Wall Clock",Consumer,Furniture,Furnishings,East,19120,Philadelphia,Pennsylvania,United States,0.2,12.0764,2,69.008,0.175
US-2020-100090,2019-07-08,2019-07-12,Ed Braxton,Hon,Hon 2111 Invitation Series Corner Table,Corporate,Furniture,Tables,West,94122,San Francisco,California,United States,0.2,-87.9354,3,502.488,-0.175
US-2020-100090,2019-07-08,2019-07-12,Ed Braxton,Wilson Jones,"Wilson Jones Ledger-Size, Piano-Hinge Binder, 2"", Blue",Corporate,Office Supplies,Binders,West,94122,San Francisco,California,United States,0.2,68.8464,6,196.704,0.35
US-2020-150301,2019-07-08,2019-07-10,Michelle Huthwaite,Other,"Situations Contoured Folding Chairs, 4/Set",Consumer,Furniture,Chairs,East,14215,Buffalo,New York,United States,0.1,10.647,1,63.882,0.166666667
US-2020-113271,2019-07-09,2019-07-14,Darrin Sayre,Bush,"Bush Heritage Pine Collection 5-Shelf Bookcase, Albany Pine Finish, *Special Order",Home Office,Furniture,Bookcases,West,94122,San Francisco,California,United States,0.15,7.049,1,119.833,0.058823529
US-2020-113271,2019-07-09,2019-07-14,Darrin Sayre,Prang,Prang Drawing Pencil Set,Home Office,Office Supplies,Art,West,94122,San Francisco,California,United States,0.0,2.224,2,5.56,0.4
US-2020-113271,2019-07-09,2019-07-14,Darrin Sayre,Avery,Avery Hidden Tab Dividers for Binding Systems,Home Office,Office Supplies,Binders,West,94122,San Francisco,California,United States,0.2,4.6488,6,14.304,0.325
US-2020-113271,2019-07-09,2019-07-14,Darrin Sayre,Xerox,Xerox 1967,Home Office,Office Supplies,Paper,West,94122,San Francisco,California,United States,0.0,15.552,5,32.4,0.48
US-2020-114125,2019-07-09,2019-07-13,Gary Hansen,Wilson Jones,Wilson Jones Leather-Like Binders with DublLock Round Rings,Home Office,Office Supplies,Binders,West,90049,Los Angeles,California,United States,0.2,14.1426,6,41.904,0.3375
US-2020-114125,2019-07-09,2019-07-13,Gary Hansen,Avery,Avery 49,Home Office,Office Supplies,Labels,West,90049,Los Angeles,California,United States,0.0,1.4112,1,2.88,0.49
US-2020-114125,2019-07-09,2019-07-13,Gary Hansen,Other,"Perma STOR-ALL Hanging File Box, 13 1/8""W x 12 1/4""D x 10 1/2""H",Home Office,Office Supplies,Storage,West,90049,Los Angeles,California,United States,0.0,4.0664,4,23.92,0.17
US-2020-165379,2019-07-09,2019-07-15,Brian Moss,Xerox,Xerox 1895,Corporate,Office Supplies,Paper,Central,75217,Dallas,Texas,United States,0.2,4.485,3,14.352,0.3125
US-2020-165379,2019-07-09,2019-07-15,Brian Moss,Eureka,"Eureka Recycled Copy Paper 8 1/2"" x 11"", Ream",Corporate,Office Supplies,Paper,Central,75217,Dallas,Texas,United States,0.2,3.6288,2,10.368,0.35
US-2020-123225,2019-07-11,2019-07-14,Michael Nguyen,Xerox,Xerox 200,Consumer,Office Supplies,Paper,Central,79907,El Paso,Texas,United States,0.2,3.6288,2,10.368,0.35
US-2020-123225,2019-07-11,2019-07-14,Michael Nguyen,Polycom,Polycom VVX 310 VoIP phone,Consumer,Technology,Phones,Central,79907,El Paso,Texas,United States,0.2,43.1976,4,575.968,0.075
US-2020-133305,2019-07-11,2019-07-15,Mark Hamilton,Newell,Newell 3-Hole Punched Plastic Slotted Magazine Holders for Binders,Consumer,Office Supplies,Binders,East,10011,New York City,New York,United States,0.2,6.398,5,18.28,0.35
US-2020-133305,2019-07-11,2019-07-15,Mark Hamilton,Xerox,Xerox 1881,Consumer,Office Supplies,Paper,East,10011,New York City,New York,United States,0.0,23.0864,4,49.12,0.47
US-2020-163552,2019-07-11,2019-07-15,Laura Armstrong,Global,Global Commerce Series High-Back Swivel/Tilt Chairs,Corporate,Furniture,Chairs,East,7601,Hackensack,New Jersey,United States,0.0,213.735,3,854.94,0.25
US-2020-163552,2019-07-11,2019-07-15,Laura Armstrong,Other,9-3/4 Diameter Round Wall Clock,Corporate,Furniture,Furnishings,East,7601,Hackensack,New Jersey,United States,0.0,52.1262,9,124.11,0.42
US-2020-163552,2019-07-11,2019-07-15,Laura Armstrong,Avery,Avery 514,Corporate,Office Supplies,Labels,East,7601,Hackensack,New Jersey,United States,0.0,7.056,5,14.4,0.49
US-2020-163552,2019-07-11,2019-07-15,Laura Armstrong,Easy-staple paper,Easy-staple paper,Corporate,Office Supplies,Paper,East,7601,Hackensack,New Jersey,United States,0.0,83.284,5,177.2,0.47
US-2020-163552,2019-07-11,2019-07-15,Laura Armstrong,Cisco,Cisco SPA508G,Corporate,Technology,Phones,East,7601,Hackensack,New Jersey,United States,0.0,57.4113,3,197.97,0.29
US-2020-166555,2019-07-11,2019-07-14,Jamie Kunitz,Cisco,Cisco SPA112 2 Port Phone Adapter,Consumer,Technology,Phones,East,14304,Niagara Falls,New York,United States,0.0,47.8065,3,164.85,0.29
US-2020-110184,2019-07-12,2019-07-16,Ben Ferrer,Fellowes,Fellowes Super Stor/Drawer,Home Office,Office Supplies,Storage,West,90036,Los Angeles,California,United States,0.0,44.955,9,249.75,0.18
US-2020-110184,2019-07-12,2019-07-16,Ben Ferrer,GE,GE DSL Phone Line Filter,Home Office,Technology,Phones,West,90036,Los Angeles,California,United States,0.2,28.7928,8,255.936,0.1125
US-2020-124807,2019-07-12,2019-07-15,Max Engle,Xerox,Xerox 1949,Consumer,Office Supplies,Paper,Central,60610,Chicago,Illinois,United States,0.2,12.9978,9,35.856,0.3625
US-2020-124807,2019-07-12,2019-07-15,Max Engle,Verbatim,"Verbatim 25 GB 6x Blu-ray Single Layer Recordable Disc, 1/Pack",Consumer,Technology,Accessories,Central,60610,Chicago,Illinois,United States,0.2,3.278,4,23.84,0.1375
US-2020-129924,2019-07-12,2019-07-17,Alyssa Crouse,Hon,Hon 5100 Series Wood Tables,Corporate,Furniture,Tables,West,94122,San Francisco,California,United States,0.2,-17.4588,3,698.352,-0.025
US-2020-129924,2019-07-12,2019-07-17,Alyssa Crouse,Other,Tuff Stuff Recycled Round Ring Binders,Corporate,Office Supplies,Binders,West,94122,San Francisco,California,United States,0.2,2.7956,2,7.712,0.3625
US-2020-131310,2019-07-12,2019-07-18,Clay Ludtke,SAFCO,"Safco Chair Connectors, 6/Carton",Consumer,Furniture,Chairs,West,98115,Seattle,Washington,United States,0.2,13.8528,4,123.136,0.1125
US-2020-131310,2019-07-12,2019-07-18,Clay Ludtke,Other,Self-Adhesive Ring Binder Labels,Consumer,Office Supplies,Binders,West,98115,Seattle,Washington,United States,0.2,3.8016,4,11.264,0.3375
US-2020-161508,2019-07-12,2019-07-16,Paul Van Hugh,Hon,Hon Deluxe Fabric Upholstered Stacking Chairs,Home Office,Furniture,Chairs,Central,77573,League City,Texas,United States,0.3,-14.6388,3,512.358,-0.028571429
US-2020-161508,2019-07-12,2019-07-16,Paul Van Hugh,Other,Fluorescent Highlighters by Dixon,Home Office,Office Supplies,Art,Central,77573,League City,Texas,United States,0.2,3.9004,7,22.288,0.175
US-2020-161508,2019-07-12,2019-07-16,Paul Van Hugh,Stockwell,Stockwell Push Pins,Home Office,Office Supplies,Fasteners,Central,77573,League City,Texas,United States,0.2,0.5668,2,3.488,0.1625
US-2020-161508,2019-07-12,2019-07-16,Paul Van Hugh,Xerox,Xerox 195,Home Office,Office Supplies,Paper,Central,77573,League City,Texas,United States,0.2,5.6112,3,16.032,0.35
US-2020-165862,2019-07-13,2019-07-17,Grace Kelly,Bevis,Bevis Round Conference Table Top & Single Column Base,Corporate,Furniture,Tables,West,90049,Los Angeles,California,United States,0.2,4.3902,3,351.216,0.0125
US-2020-103905,2019-07-14,2019-07-20,Arthur Wiediger,Acco,Acco D-Ring Binder w/DublLock,Home Office,Office Supplies,Binders,Central,60505,Aurora,Illinois,United States,0.8,-46.3946,7,29.932,-1.55
US-2020-103905,2019-07-14,2019-07-20,Arthur Wiediger,Other,I Need's 3d Hello Kitty Hybrid Silicone Case Cover for HTC One X 4g with 3d Hello Kitty Stylus Pen Green/pink,Home Office,Technology,Phones,Central,60505,Aurora,Illinois,United States,0.2,3.8272,4,38.272,0.1
US-2020-109904,2019-07-14,2019-07-17,Barbara Fisher,Newell,Newell 315,Corporate,Office Supplies,Art,East,10009,New York City,New York,United States,0.0,4.485,3,17.94,0.25
US-2020-124464,2019-07-14,2019-07-20,Shirley Schmidt,Belkin,Belkin 7 Outlet SurgeMaster II,Home Office,Office Supplies,Appliances,East,19711,Newark,Delaware,United States,0.0,11.0544,1,39.48,0.28
US-2020-150532,2019-07-14,2019-07-21,Philip Brown,Eldon,Eldon Fold 'N Roll Cart System,Consumer,Office Supplies,Storage,West,85023,Phoenix,Arizona,United States,0.2,6.291,5,55.92,0.1125
US-2020-164182,2019-07-14,2019-07-18,Shui Tom,Tensor,Tensor Track Tree Floor Lamp,Consumer,Furniture,Furnishings,East,19140,Philadelphia,Pennsylvania,United States,0.2,1.1994,2,31.984,0.0375
US-2020-164182,2019-07-14,2019-07-18,Shui Tom,Boston,"BOSTON Ranger #55 Pencil Sharpener, Black",Consumer,Office Supplies,Art,East,19140,Philadelphia,Pennsylvania,United States,0.2,4.6782,2,41.584,0.1125
US-2020-164182,2019-07-14,2019-07-18,Shui Tom,Griffin,Griffin GC36547 PowerJolt SE Lightning Charger,Consumer,Technology,Phones,East,19140,Philadelphia,Pennsylvania,United States,0.4,-2.249,1,13.494,-0.166666667
US-2020-164182,2019-07-14,2019-07-18,Shui Tom,iOttie,iOttie HLCRIO102 Car Mount,Consumer,Technology,Phones,East,19140,Philadelphia,Pennsylvania,United States,0.4,-13.993,2,23.988,-0.583333333
US-2020-115980,2019-07-15,2019-07-19,Victoria Wilson,Advantus,Advantus Push Pins,Corporate,Office Supplies,Fasteners,Central,57103,Sioux Falls,South Dakota,United States,0.0,2.6814,3,6.54,0.41
US-2020-115980,2019-07-15,2019-07-19,Victoria Wilson,Maxell,Maxell 4.7GB DVD-R 5/Pack,Corporate,Technology,Accessories,Central,57103,Sioux Falls,South Dakota,United States,0.0,1.3068,3,2.97,0.44
US-2020-123295,2019-07-18,2019-07-18,Adrian Hane,Office Star,Office Star - Ergonomically Designed Knee Chair,Home Office,Furniture,Chairs,West,85705,Tucson,Arizona,United States,0.2,-25.9136,4,259.136,-0.1
US-2020-138198,2019-07-18,2019-07-23,Jack Lebron,Cardinal,"Cardinal Slant-D Ring Binder, Heavy Gauge Vinyl",Consumer,Office Supplies,Binders,East,10801,New Rochelle,New York,United States,0.2,4.5188,2,13.904,0.325
US-2020-150434,2019-07-19,2019-07-24,Christine Abelman,Barricks,"Barricks 18"" x 48"" Non-Folding Utility Table with Bottom Storage Shelf",Corporate,Furniture,Tables,East,6010,Bristol,Connecticut,United States,0.3,-4.032,1,70.56,-0.057142857
US-2020-150434,2019-07-19,2019-07-24,Christine Abelman,Acco,Acco Hanging Data Binders,Corporate,Office Supplies,Binders,East,6010,Bristol,Connecticut,United States,0.0,1.8288,1,3.81,0.48
US-2020-150434,2019-07-19,2019-07-24,Christine Abelman,Avery,"Avery 3 1/2"" Diskette Storage Pages, 10/Pack",Corporate,Office Supplies,Binders,East,6010,Bristol,Connecticut,United States,0.0,9.6048,2,20.88,0.46
US-2020-150434,2019-07-19,2019-07-24,Christine Abelman,Polycom,Polycom VVX 310 VoIP phone,Corporate,Technology,Phones,East,6010,Bristol,Connecticut,United States,0.0,93.5948,2,359.98,0.26
US-2020-168158,2019-07-19,2019-07-24,Eugene Moren,Acco,"Acco Pressboard Covers with Storage Hooks, 14 7/8"" x 11"", Dark Blue",Home Office,Office Supplies,Binders,West,59405,Great Falls,Montana,United States,0.2,2.2098,2,6.096,0.3625
US-2020-127866,2019-07-20,2019-07-23,Jonathan Doherty,Newell,Newell 348,Corporate,Office Supplies,Art,West,92503,Riverside,California,United States,0.0,3.8048,4,13.12,0.29
US-2020-127866,2019-07-20,2019-07-23,Jonathan Doherty,Xerox,Xerox 1965,Corporate,Office Supplies,Paper,West,92503,Riverside,California,United States,0.0,5.8604,2,11.96,0.49
US-2020-127866,2019-07-20,2019-07-23,Jonathan Doherty,Other,"Hot File 7-Pocket, Floor Stand",Corporate,Office Supplies,Storage,West,92503,Riverside,California,United States,0.0,160.623,3,535.41,0.3
US-2020-127866,2019-07-20,2019-07-23,Jonathan Doherty,Maxell,"Maxell 74 Minute CD-R Spindle, 50/Pack",Corporate,Technology,Accessories,West,92503,Riverside,California,United States,0.0,15.0984,2,41.94,0.36
US-2020-141726,2019-07-20,2019-07-22,Charles Crestani,Nu-Dell,Nu-Dell Leatherette Frames,Consumer,Furniture,Furnishings,West,92105,San Diego,California,United States,0.0,15.4872,3,43.02,0.36
US-2020-141726,2019-07-20,2019-07-22,Charles Crestani,Wilson Jones,Wilson Jones Custom Binder Spines & Labels,Consumer,Office Supplies,Binders,West,92105,San Diego,California,United States,0.2,3.1552,2,8.704,0.3625
US-2020-141726,2019-07-20,2019-07-22,Charles Crestani,Xerox,Xerox 189,Consumer,Office Supplies,Paper,West,92105,San Diego,California,United States,0.0,50.328,1,104.85,0.48
US-2020-141726,2019-07-20,2019-07-22,Charles Crestani,Xerox,Xerox 1897,Consumer,Office Supplies,Paper,West,92105,San Diego,California,United States,0.0,9.7608,4,19.92,0.49
US-2020-142965,2019-07-20,2019-07-20,Scot Wooten,Ibico,Ibico Plastic Spiral Binding Combs,Consumer,Office Supplies,Binders,East,45503,Springfield,Ohio,United States,0.7,-21.888,3,27.36,-0.8
US-2020-142965,2019-07-20,2019-07-20,Scot Wooten,Fellowes,Fellowes Neat Ideas Storage Cubes,Consumer,Office Supplies,Storage,East,45503,Springfield,Ohio,United States,0.2,-5.1968,1,25.984,-0.2
US-2020-143903,2019-07-20,2019-07-24,Katherine Murray,Hon,HON 5400 Series Task Chairs for Big and Tall,Home Office,Furniture,Chairs,Central,75217,Dallas,Texas,United States,0.3,-140.196,2,981.372,-0.142857143
US-2020-143903,2019-07-20,2019-07-24,Katherine Murray,Westinghouse,Westinghouse Clip-On Gooseneck Lamps,Home Office,Furniture,Furnishings,Central,75217,Dallas,Texas,United States,0.6,-14.229,5,16.74,-0.85
US-2020-143903,2019-07-20,2019-07-24,Katherine Murray,Other,Letter Size Cart,Home Office,Office Supplies,Storage,Central,75217,Dallas,Texas,United States,0.2,38.5722,3,342.864,0.1125
US-2020-157546,2019-07-20,2019-07-22,Roger Demir,Other,Clear Mylar Reinforcing Strips,Consumer,Office Supplies,Binders,West,94122,San Francisco,California,United States,0.2,30.2778,6,89.712,0.3375
US-2020-157546,2019-07-20,2019-07-22,Roger Demir,Wirebound,"Wirebound Message Books, Two 4 1/4"" x 5"" Forms per Page",Consumer,Office Supplies,Paper,West,94122,San Francisco,California,United States,0.0,10.7301,3,22.83,0.47
US-2020-109890,2019-07-21,2019-07-27,Patrick Gardner,Griffin,Griffin GC17055 Auxiliary Audio Cable,Consumer,Technology,Phones,Central,68104,Omaha,Nebraska,United States,0.0,10.0744,2,35.98,0.28
US-2020-116932,2019-07-21,2019-07-25,Michelle Ellison,Global,Global Troy Executive Leather Low-Back Tilter,Corporate,Furniture,Chairs,West,94122,San Francisco,California,United States,0.2,50.098,2,801.568,0.0625
US-2020-116932,2019-07-21,2019-07-25,Michelle Ellison,Hon,"Hon 30"" x 60"" Table with Locking Drawer",Corporate,Furniture,Tables,West,94122,San Francisco,California,United States,0.2,27.2848,1,272.848,0.1
US-2020-116932,2019-07-21,2019-07-25,Michelle Ellison,Newell,Newell 334,Corporate,Office Supplies,Art,West,94122,San Francisco,California,United States,0.0,25.792,5,99.2,0.26
US-2020-129189,2019-07-21,2019-07-25,Harry Marie,Hon,Hon Every-Day Series Multi-Task Chairs,Corporate,Furniture,Chairs,Central,75217,Dallas,Texas,United States,0.3,-93.99,5,657.93,-0.142857143
US-2020-129189,2019-07-21,2019-07-25,Harry Marie,Acco,Acco 6 Outlet Guardian Basic Surge Suppressor,Corporate,Office Supplies,Appliances,Central,75217,Dallas,Texas,United States,0.8,-12.9792,3,4.992,-2.6
US-2020-129189,2019-07-21,2019-07-25,Harry Marie,Acco,Acco Economy Flexible Poly Round Ring Binder,Corporate,Office Supplies,Binders,Central,75217,Dallas,Texas,United States,0.8,-1.827,1,1.044,-1.75
US-2020-129189,2019-07-21,2019-07-25,Harry Marie,Other,"Inter-Office Recycled Envelopes, Brown Kraft, Button-String,10"" x 13"" , 100/Box",Corporate,Office Supplies,Envelopes,Central,75217,Dallas,Texas,United States,0.2,29.673,5,87.92,0.3375
US-2020-117464,2019-07-22,2019-07-24,Naresj Patel,Global,Global Comet Stacking Armless Chair,Consumer,Furniture,Chairs,West,94122,San Francisco,California,United States,0.2,71.772,3,717.72,0.1
US-2020-117464,2019-07-22,2019-07-24,Naresj Patel,SAFCO,Safco Drafting Table,Consumer,Furniture,Tables,West,94122,San Francisco,California,United States,0.2,19.1646,3,170.352,0.1125
US-2020-117464,2019-07-22,2019-07-24,Naresj Patel,Newell,Newell 32,Consumer,Office Supplies,Art,West,94122,San Francisco,California,United States,0.0,3.2256,4,11.52,0.28
US-2020-117464,2019-07-22,2019-07-24,Naresj Patel,Eldon,Eldon Mobile Mega Data Cart  Mega Stackable  Add-On Trays,Consumer,Office Supplies,Storage,West,94122,San Francisco,California,United States,0.0,68.585,10,236.5,0.29
US-2020-122679,2019-07-22,2019-07-28,Alejandro Ballentine,Crayola,Crayola Colored Pencils,Home Office,Office Supplies,Art,West,90008,Los Angeles,California,United States,0.0,6.4944,6,19.68,0.33
US-2020-127691,2019-07-22,2019-07-27,Erin Mull,Other,"Premium Writing Pencils, Soft, #2 by Central Association for the Blind",Consumer,Office Supplies,Art,East,10024,New York City,New York,United States,0.0,1.6688,2,5.96,0.28
US-2020-127691,2019-07-22,2019-07-27,Erin Mull,Logitech,Logitech G602 Wireless Gaming Mouse,Consumer,Technology,Accessories,East,10024,New York City,New York,United States,0.0,57.5928,2,159.98,0.36
US-2020-164644,2019-07-22,2019-07-24,John Lucas,Fellowes,Fellowes Bases and Tops For Staxonsteel/High-Stak Systems,Consumer,Office Supplies,Storage,Central,77095,Houston,Texas,United States,0.2,1.3316,1,26.632,0.05
US-2020-103058,2019-07-23,2019-07-24,Alejandro Grove,Other,Case Logic 2.4GHz Wireless Keyboard,Consumer,Technology,Accessories,East,10011,New York City,New York,United States,0.0,7.9984,2,99.98,0.08
US-2020-119137,2019-07-23,2019-07-27,Arthur Gainer,Newell,Newell 324,Consumer,Office Supplies,Art,West,85705,Tucson,Arizona,United States,0.2,0.924,1,9.24,0.1
US-2020-119137,2019-07-23,2019-07-27,Arthur Gainer,Wilson Jones,Wilson Jones Custom Binder Spines & Labels,Consumer,Office Supplies,Binders,West,85705,Tucson,Arizona,United States,0.7,-5.712,5,8.16,-0.7
US-2020-119137,2019-07-23,2019-07-27,Arthur Gainer,Microsoft,Microsoft Natural Keyboard Elite,Consumer,Technology,Accessories,West,85705,Tucson,Arizona,United States,0.2,-29.94,10,479.04,-0.0625
US-2020-119137,2019-07-23,2019-07-27,Arthur Gainer,NETGEAR,NETGEAR AC1750 Dual Band Gigabit Smart WiFi Router,Consumer,Technology,Accessories,West,85705,Tucson,Arizona,United States,0.2,179.1888,8,1023.936,0.175
US-2020-145254,2019-07-23,2019-07-27,Nick Crebassa,Acme,Acme Softgrip Scissors,Corporate,Office Supplies,Supplies,West,94122,San Francisco,California,United States,0.0,11.803,5,40.7,0.29
US-2020-145254,2019-07-23,2019-07-27,Nick Crebassa,Imation,Imation 8gb Micro Traveldrive Usb 2.0 Flash Drive,Corporate,Technology,Accessories,West,94122,San Francisco,California,United States,0.0,4.95,3,45.0,0.11
US-2020-145254,2019-07-23,2019-07-27,Nick Crebassa,Other,VTech DS6151,Corporate,Technology,Phones,West,94122,San Francisco,California,United States,0.2,60.4752,6,604.752,0.1
US-2020-145254,2019-07-23,2019-07-27,Nick Crebassa,AT&T,AT&T CL2909,Corporate,Technology,Phones,West,94122,San Francisco,California,United States,0.2,37.797,3,302.376,0.125
US-2020-143917,2019-07-25,2019-07-27,Ken Lonsdale,Staple-based wall hangings,Staple-based wall hangings,Consumer,Furniture,Furnishings,West,94122,San Francisco,California,United States,0.0,34.2848,8,77.92,0.44
US-2020-143917,2019-07-25,2019-07-27,Ken Lonsdale,Fellowes,"Fellowes Personal Hanging Folder Files, Navy",Consumer,Office Supplies,Storage,West,94122,San Francisco,California,United States,0.0,15.0416,4,53.72,0.28
US-2020-143917,2019-07-25,2019-07-27,Ken Lonsdale,Other,High Speed Automatic Electric Letter Opener,Consumer,Office Supplies,Supplies,West,94122,San Francisco,California,United States,0.0,327.506,5,8187.65,0.04
US-2020-146528,2019-07-25,2019-07-27,Vicky Freymann,Xerox,Xerox 1966,Home Office,Office Supplies,Paper,West,90045,Los Angeles,California,United States,0.0,3.1752,1,6.48,0.49
US-2020-146528,2019-07-25,2019-07-27,Vicky Freymann,Acme,Acme Kleen Earth Office Shears,Home Office,Office Supplies,Supplies,West,90045,Los Angeles,California,United States,0.0,4.5008,4,15.52,0.29
US-2020-116190,2019-07-26,2019-08-01,Sheri Gordon,Other,"Metal Folding Chairs, Beige, 4/Carton",Consumer,Furniture,Chairs,South,30318,Atlanta,Georgia,United States,0.0,18.3276,2,67.88,0.27
US-2020-116190,2019-07-26,2019-08-01,Sheri Gordon,DAX,"DAX Cubicle Frames, 8-1/2 x 11",Consumer,Furniture,Furnishings,South,30318,Atlanta,Georgia,United States,0.0,9.2556,3,25.71,0.36
US-2020-116190,2019-07-26,2019-08-01,Sheri Gordon,Avery,Avery 485,Consumer,Office Supplies,Labels,South,30318,Atlanta,Georgia,United States,0.0,76.5583,13,162.89,0.47
US-2020-126760,2019-07-26,2019-08-02,Kunst Miller,Hon,Hon 2090 “Pillow Soft” Series Mid Back Swivel/Tilt Chairs,Consumer,Furniture,Chairs,West,89031,North Las Vegas,Nevada,United States,0.2,-109.5822,3,674.352,-0.1625
US-2020-126760,2019-07-26,2019-08-02,Kunst Miller,Tensor,Tensor Computer Mounted Lamp,Consumer,Furniture,Furnishings,West,89031,North Las Vegas,Nevada,United States,0.0,36.1827,9,134.01,0.27
US-2020-126760,2019-07-26,2019-08-02,Kunst Miller,Logitech,Logitech Illuminated Ultrathin Keyboard with Backlighting,Consumer,Technology,Accessories,West,89031,North Las Vegas,Nevada,United States,0.0,70.0977,3,170.97,0.41
US-2020-126760,2019-07-26,2019-08-02,Kunst Miller,Apple,Apple iPhone 5S,Consumer,Technology,Phones,West,89031,North Las Vegas,Nevada,United States,0.2,113.998,2,911.984,0.125
US-2020-155894,2019-07-26,2019-07-30,Carl Ludwig,Belkin,"Belkin 19"" Vented Equipment Shelf, Black",Consumer,Office Supplies,Storage,Central,60623,Chicago,Illinois,United States,0.2,-29.3436,3,123.552,-0.2375
US-2020-159121,2019-07-26,2019-08-01,Jack O'Briant,Memorex,Memorex Micro Travel Drive 16 GB,Corporate,Technology,Accessories,West,84020,Draper,Utah,United States,0.0,34.6983,7,111.93,0.31
US-2020-169019,2019-07-26,2019-07-30,Luke Foster,DAX,DAX Clear Channel Poster Frame,Consumer,Furniture,Furnishings,Central,78207,San Antonio,Texas,United States,0.6,-10.0602,3,17.496,-0.575
US-2020-169019,2019-07-26,2019-07-30,Luke Foster,Acco,Acco 6 Outlet Guardian Standard Surge Suppressor,Consumer,Office Supplies,Appliances,Central,78207,San Antonio,Texas,United States,0.8,-12.09,2,4.836,-2.5
US-2020-169019,2019-07-26,2019-07-30,Luke Foster,GBC,GBC Premium Transparent Covers with Diagonal Lined Pattern,Consumer,Office Supplies,Binders,Central,78207,San Antonio,Texas,United States,0.8,-26.8544,4,16.784,-1.6
US-2020-169019,2019-07-26,2019-07-30,Luke Foster,GBC,GBC Instant Index System for Binding Systems,Consumer,Office Supplies,Binders,Central,78207,San Antonio,Texas,United States,0.8,-13.32,5,8.88,-1.5
US-2020-169019,2019-07-26,2019-07-30,Luke Foster,GBC,GBC DocuBind P400 Electric Binding System,Consumer,Office Supplies,Binders,Central,78207,San Antonio,Texas,United States,0.8,-3701.8928,8,2177.584,-1.7
US-2020-169019,2019-07-26,2019-07-30,Luke Foster,Microsoft,Microsoft Natural Keyboard Elite,Consumer,Technology,Accessories,Central,78207,San Antonio,Texas,United States,0.2,-26.946,9,431.136,-0.0625
US-2020-124709,2019-07-27,2019-07-29,Giulietta Weimer,WD My Passport,WD My Passport Ultra 2TB Portable External Hard Drive,Consumer,Technology,Accessories,West,94122,San Francisco,California,United States,0.0,38.08,2,238.0,0.16
US-2020-150126,2019-07-27,2019-08-02,Aaron Smayling,Xerox,Xerox 1956,Corporate,Office Supplies,Paper,East,10035,New York City,New York,United States,0.0,32.2322,11,65.78,0.49
US-2020-169642,2019-07-27,2019-07-30,Barry Blumstein,SAFCO,"SAFCO Commercial Wire Shelving, Black",Corporate,Office Supplies,Storage,West,90036,Los Angeles,California,United States,0.0,0.0,2,276.28,0.0
US-2020-131541,2019-07-28,2019-07-28,Chloris Kastensmidt,Other,"DataProducts Ampli Magnifier Task Lamp, Black,",Consumer,Furniture,Furnishings,South,32712,Apopka,Florida,United States,0.2,12.9888,6,129.888,0.1
US-2020-131541,2019-07-28,2019-07-28,Chloris Kastensmidt,Other,"#10- 4 1/8"" x 9 1/2"" Recycled Envelopes",Consumer,Office Supplies,Envelopes,South,32712,Apopka,Florida,United States,0.2,16.5186,7,48.944,0.3375
US-2020-131541,2019-07-28,2019-07-28,Chloris Kastensmidt,Other,"OIC Colored Binder Clips, Assorted Sizes",Consumer,Office Supplies,Fasteners,South,32712,Apopka,Florida,United States,0.2,5.191,5,14.32,0.3625
US-2020-111192,2019-07-30,2019-08-05,Tom Stivers,Rush,"Rush Hierlooms Collection 1"" Thick Stackable Bookcases",Corporate,Furniture,Bookcases,West,98103,Seattle,Washington,United States,0.0,259.8896,8,1367.84,0.19
US-2020-117345,2019-08-01,2019-08-05,Barbara Fisher,Other,9-3/4 Diameter Round Wall Clock,Corporate,Furniture,Furnishings,South,28205,Charlotte,North Carolina,United States,0.2,12.1352,4,44.128,0.275
US-2020-117345,2019-08-01,2019-08-05,Barbara Fisher,Honeywell,Honeywell Quietcare HEPA Air Cleaner,Corporate,Office Supplies,Appliances,South,28205,Charlotte,North Carolina,United States,0.2,10.2245,1,62.92,0.1625
US-2020-117345,2019-08-01,2019-08-05,Barbara Fisher,Universal,Self-Adhesive Address Labels for Typewriters by Universal,Corporate,Office Supplies,Labels,South,28205,Charlotte,North Carolina,United States,0.2,5.9211,3,17.544,0.3375
US-2020-117345,2019-08-01,2019-08-05,Barbara Fisher,Xerox,Xerox 1916,Corporate,Office Supplies,Paper,South,28205,Charlotte,North Carolina,United States,0.2,29.364,2,78.304,0.375
US-2020-152296,2019-08-01,2019-08-03,Ivan Liston,Wilson Jones,Wilson Jones data.warehouse D-Ring Binders with DublLock,Consumer,Office Supplies,Binders,West,94122,San Francisco,California,United States,0.2,6.9132,3,19.752,0.35
US-2020-162684,2019-08-01,2019-08-06,Ann Steele,Acco,"Acco Clips to Go Binder Clips, 24 Clips in Two Sizes",Home Office,Office Supplies,Fasteners,East,19120,Philadelphia,Pennsylvania,United States,0.2,1.917,2,5.68,0.3375
US-2020-106299,2019-08-02,2019-08-08,Nick Zandusky,Wilson Jones,Wilson Jones 14 Line Acrylic Coated Pressboard Data Binders,Home Office,Office Supplies,Binders,Central,65807,Springfield,Missouri,United States,0.0,12.549,5,26.7,0.47
US-2020-106299,2019-08-02,2019-08-08,Nick Zandusky,Smead,Smead Adjustable Mobile File Trolley with Lockable Top,Home Office,Office Supplies,Storage,Central,65807,Springfield,Missouri,United States,0.0,226.3626,2,838.38,0.27
US-2020-106299,2019-08-02,2019-08-08,Nick Zandusky,Memorex,Memorex Micro Travel Drive 4 GB,Home Office,Technology,Accessories,Central,65807,Springfield,Missouri,United States,0.0,9.116,2,21.2,0.43
US-2020-125612,2019-08-03,2019-08-08,Berenike Kampe,Xerox,Xerox 1884,Consumer,Office Supplies,Paper,East,10035,New York City,New York,United States,0.0,18.7812,2,39.96,0.47
US-2020-125612,2019-08-03,2019-08-08,Berenike Kampe,Staple magnet,Staple magnet,Consumer,Office Supplies,Storage,East,10035,New York City,New York,United States,0.0,5.7672,2,21.36,0.27
US-2020-125612,2019-08-03,2019-08-08,Berenike Kampe,Acme,Acme Box Cutter Scissors,Consumer,Office Supplies,Supplies,East,10035,New York City,New York,United States,0.0,26.598,10,102.3,0.26
US-2020-128986,2019-08-03,2019-08-05,Gary Hansen,Other,White Computer Printout Paper by Universal,Home Office,Office Supplies,Paper,West,85301,Glendale,Arizona,United States,0.2,33.7212,3,93.024,0.3625
US-2020-133690,2019-08-03,2019-08-05,Bruce Stewart,Other,BoxOffice By Design Rectangular and Half-Moon Meeting Room Tables,Consumer,Furniture,Tables,West,80219,Denver,Colorado,United States,0.5,-161.875,2,218.75,-0.74
US-2020-133690,2019-08-03,2019-08-05,Bruce Stewart,Other,"Bravo II Megaboss 12-Amp Hard Body Upright, Replacement Belts, 2 Belts per Pack",Consumer,Office Supplies,Appliances,West,80219,Denver,Colorado,United States,0.2,0.2925,1,2.6,0.1125
US-2020-126361,2019-08-04,2019-08-09,Valerie Dominguez,Hoover,Hoover WindTunnel Plus Canister Vacuum,Consumer,Office Supplies,Appliances,West,84062,Pleasant Grove,Utah,United States,0.0,305.13,3,1089.75,0.28
US-2020-126361,2019-08-04,2019-08-09,Valerie Dominguez,Newell,Newell 329,Consumer,Office Supplies,Art,West,84062,Pleasant Grove,Utah,United States,0.0,4.264,5,16.4,0.26
US-2020-126361,2019-08-04,2019-08-09,Valerie Dominguez,Ibico,Ibico Standard Transparent Covers,Consumer,Office Supplies,Binders,West,84062,Pleasant Grove,Utah,United States,0.2,4.7792,1,13.184,0.3625
US-2020-126361,2019-08-04,2019-08-09,Valerie Dominguez,Xerox,Xerox 1934,Consumer,Office Supplies,Paper,West,84062,Pleasant Grove,Utah,United States,0.0,219.4416,8,447.84,0.49
US-2020-126361,2019-08-04,2019-08-09,Valerie Dominguez,SAFCO,"Safco Wire Cube Shelving System, For Use as 4 or 5 14"" Cubes, Black",Consumer,Office Supplies,Storage,West,84062,Pleasant Grove,Utah,United States,0.0,7.945,5,158.9,0.05
US-2020-126361,2019-08-04,2019-08-09,Valerie Dominguez,Panasonic,Panasonic KX T7731-B Digital phone,Consumer,Technology,Phones,West,84062,Pleasant Grove,Utah,United States,0.2,34.9965,5,399.96,0.0875
US-2020-134215,2019-08-04,2019-08-08,Marina Lichtenstein,Eureka,Eureka The Boss Cordless Rechargeable Stick Vac,Corporate,Office Supplies,Appliances,East,4401,Bangor,Maine,United States,0.0,27.5292,2,101.96,0.27
US-2020-134215,2019-08-04,2019-08-08,Marina Lichtenstein,Southworth,Southworth 25% Cotton Premium Laser Paper and Envelopes,Corporate,Office Supplies,Paper,East,4401,Bangor,Maine,United States,0.0,124.6752,13,259.74,0.48
US-2020-134215,2019-08-04,2019-08-08,Marina Lichtenstein,Maxell,Maxell 4.7GB DVD-R,Corporate,Technology,Accessories,East,4401,Bangor,Maine,United States,0.0,104.7222,9,255.42,0.41
US-2020-110065,2019-08-05,2019-08-11,Stephanie Phelps,Binney & Smith,"Binney & Smith inkTank Erasable Pocket Highlighter, Chisel Tip, Yellow",Corporate,Office Supplies,Art,East,10009,New York City,New York,United States,0.0,7.0224,7,15.96,0.44
US-2020-110065,2019-08-05,2019-08-11,Stephanie Phelps,Plantronics,"Plantronics CS 50-USB - headset - Convertible, Monaural",Corporate,Technology,Phones,East,10009,New York City,New York,United States,0.0,36.7173,1,135.99,0.27
US-2020-117968,2019-08-05,2019-08-07,Ricardo Sperren,Hon,Hon GuestStacker Chair,Corporate,Furniture,Chairs,East,6450,Meriden,Connecticut,United States,0.0,294.671,5,1133.35,0.26
US-2020-117968,2019-08-05,2019-08-07,Ricardo Sperren,Fellowes,Fellowes Advanced Computer Series Surge Protectors,Corporate,Office Supplies,Appliances,East,6450,Meriden,Connecticut,United States,0.0,22.2516,3,79.47,0.28
US-2020-117968,2019-08-05,2019-08-07,Ricardo Sperren,Binney & Smith,"Binney & Smith inkTank Erasable Pocket Highlighter, Chisel Tip, Yellow",Corporate,Office Supplies,Art,East,6450,Meriden,Connecticut,United States,0.0,2.0064,2,4.56,0.44
US-2020-118962,2019-08-05,2019-08-09,Chad Sievert,Global,"Global Value Steno Chair, Gray",Consumer,Furniture,Chairs,West,90004,Los Angeles,California,United States,0.2,21.259,7,340.144,0.0625
US-2020-118962,2019-08-05,2019-08-09,Chad Sievert,Adams,"Adams Phone Message Book, Professional, 400 Message Capacity, 5 3/6” x 11”",Consumer,Office Supplies,Paper,West,90004,Los Angeles,California,United States,0.0,9.8418,3,20.94,0.47
US-2020-118962,2019-08-05,2019-08-09,Chad Sievert,Xerox,Xerox 1913,Consumer,Office Supplies,Paper,West,90004,Los Angeles,California,United States,0.0,53.2608,2,110.96,0.48
US-2020-124723,2019-08-05,2019-08-12,Gary Zandusky,SAFCO,"SAFCO PlanMaster Heigh-Adjustable Drafting Table Base, 43w x 30d x 30-37h, Black",Consumer,Furniture,Tables,Central,77590,Texas City,Texas,United States,0.3,41.934,2,489.23,0.085714286
US-2020-150490,2019-08-05,2019-08-11,Sonia Sunley,Boston,Boston KS Multi-Size Manual Pencil Sharpener,Consumer,Office Supplies,Art,West,94122,San Francisco,California,United States,0.0,12.8744,2,45.98,0.28
US-2020-150490,2019-08-05,2019-08-11,Sonia Sunley,Akro,Akro Stacking Bins,Consumer,Office Supplies,Storage,West,94122,San Francisco,California,United States,0.0,0.6312,2,15.78,0.04
US-2020-150490,2019-08-05,2019-08-11,Sonia Sunley,Logitech,Logitech Desktop MK120 Mouse and keyboard Combo,Consumer,Technology,Accessories,West,94122,San Francisco,California,United States,0.0,1.636,1,16.36,0.1
US-2020-115357,2019-08-06,2019-08-11,Roland Fjeld,Maxell,"Maxell 74 Minute CD-R Spindle, 50/Pack",Consumer,Technology,Accessories,South,29203,Columbia,South Carolina,United States,0.0,22.6476,3,62.91,0.36
US-2020-137575,2019-08-06,2019-08-11,Trudy Brown,Logitech,Logitech G700s Rechargeable Gaming Mouse,Consumer,Technology,Accessories,East,10035,New York City,New York,United States,0.0,83.9916,2,199.98,0.42
US-2020-124478,2019-08-08,2019-08-12,Matt Abelman,Nu-Dell,Nu-Dell Float Frame 11 x 14 1/2,Home Office,Furniture,Furnishings,Central,48183,Trenton,Michigan,United States,0.0,22.6296,6,53.88,0.42
US-2020-124478,2019-08-08,2019-08-12,Matt Abelman,Acco,"Acco Smartsocket Table Surge Protector, 6 Color-Coded Adapter Outlets",Home Office,Office Supplies,Appliances,Central,48183,Trenton,Michigan,United States,0.1,37.23,3,167.535,0.222222222
US-2020-124478,2019-08-08,2019-08-12,Matt Abelman,Global,Globe Weis Peel & Seel First Class Envelopes,Home Office,Office Supplies,Envelopes,Central,48183,Trenton,Michigan,United States,0.0,17.253,3,38.34,0.45
US-2020-124478,2019-08-08,2019-08-12,Matt Abelman,Sharp,Sharp 1540cs Digital Laser Copier,Home Office,Technology,Copiers,Central,48183,Trenton,Michigan,United States,0.0,274.995,1,549.99,0.5
US-2020-124478,2019-08-08,2019-08-12,Matt Abelman,Motorola,Motorola Droid Maxx,Home Office,Technology,Phones,Central,48183,Trenton,Michigan,United States,0.0,83.9944,2,299.98,0.28
US-2020-131450,2019-08-08,2019-08-15,Lena Radford,Dana,Dana Halogen Swing-Arm Architect Lamp,Consumer,Furniture,Furnishings,West,92024,San Diego,California,United States,0.0,91.7728,8,327.76,0.28
US-2020-131450,2019-08-08,2019-08-15,Lena Radford,Fellowes,Fellowes Superior 10 Outlet Split Surge Protector,Consumer,Office Supplies,Appliances,West,92024,San Diego,California,United States,0.0,22.0748,2,76.12,0.29
US-2020-131450,2019-08-08,2019-08-15,Lena Radford,Sharp,Sharp AL-1530CS Digital Copier,Consumer,Technology,Copiers,West,92024,San Diego,California,United States,0.2,434.9913,3,1199.976,0.3625
US-2020-131450,2019-08-08,2019-08-15,Lena Radford,AT&T,AT&T 1070 Corded Phone,Consumer,Technology,Phones,West,92024,San Diego,California,United States,0.2,55.745,5,445.96,0.125
US-2020-151708,2019-08-08,2019-08-14,Maria Bertelson,Eldon,"Eldon Delta Triangular Chair Mat, 52"" x 58"", Clear",Consumer,Furniture,Furnishings,West,85301,Glendale,Arizona,United States,0.2,-3.0344,4,121.376,-0.025
US-2020-151708,2019-08-08,2019-08-14,Maria Bertelson,SanDisk,SanDisk Ultra 64 GB MicroSDHC Class 10 Memory Card,Consumer,Technology,Accessories,West,85301,Glendale,Arizona,United States,0.2,-10.7973,3,95.976,-0.1125
US-2020-154669,2019-08-08,2019-08-11,Tamara Manning,Advantus,Advantus Rolling Drawer Organizers,Consumer,Office Supplies,Storage,West,95687,Vacaville,California,United States,0.0,110.0528,11,423.28,0.26
US-2020-156790,2019-08-08,2019-08-10,Vivek Gonzalez,O'Sullivan,O'Sullivan 2-Shelf Heavy-Duty Bookcases,Consumer,Furniture,Bookcases,South,32216,Jacksonville,Florida,United States,0.2,-7.7728,4,155.456,-0.05
US-2020-110527,2019-08-09,2019-08-16,Emily Ducich,Avery,Avery 494,Home Office,Office Supplies,Labels,West,92037,San Diego,California,United States,0.0,9.6048,8,20.88,0.46
US-2020-141901,2019-08-09,2019-08-14,Gene McClure,Other,Great White Multi-Use Recycled Paper (20Lb. and 84 Bright),Consumer,Office Supplies,Paper,West,93727,Fresno,California,United States,0.0,2.691,1,5.98,0.45
US-2020-161249,2019-08-09,2019-08-13,Roger Demir,Avery,Avery Hole Reinforcements,Consumer,Office Supplies,Binders,West,85023,Phoenix,Arizona,United States,0.7,-6.5415,5,9.345,-0.7
US-2020-161249,2019-08-09,2019-08-13,Roger Demir,Other,"Super Bands, 12/Pack",Consumer,Office Supplies,Fasteners,West,85023,Phoenix,Arizona,United States,0.2,-0.9486,3,4.464,-0.2125
US-2020-166471,2019-08-09,2019-08-13,Matthew Grinstein,Jawbone,Jawbone MINI JAMBOX Wireless Bluetooth Speaker,Home Office,Technology,Phones,West,98103,Seattle,Washington,United States,0.2,-43.8336,2,219.168,-0.2
US-2020-166471,2019-08-09,2019-08-13,Matthew Grinstein,Cisco,Cisco Unified IP Phone 7945G VoIP phone,Home Office,Technology,Phones,West,98103,Seattle,Washington,United States,0.2,68.198,4,1091.168,0.0625
US-2020-167850,2019-08-09,2019-08-16,Andy Gerbode,Xerox,Xerox 21,Corporate,Office Supplies,Paper,South,33710,Saint Petersburg,Florida,United States,0.2,5.4432,3,15.552,0.35
US-2020-167850,2019-08-09,2019-08-16,Andy Gerbode,AT&T,AT&T 1070 Corded Phone,Corporate,Technology,Phones,South,33710,Saint Petersburg,Florida,United States,0.2,22.298,2,178.384,0.125
US-2020-169726,2019-08-09,2019-08-13,Joseph Holt,Ibico,Ibico Ibimaster 300 Manual Binding System,Consumer,Office Supplies,Binders,West,98103,Seattle,Washington,United States,0.2,643.9825,7,2060.744,0.3125
US-2020-127012,2019-08-11,2019-08-15,Greg Matthias,Eldon,"Eldon Image Series Desk Accessories, Ebony",Consumer,Furniture,Furnishings,West,98105,Seattle,Washington,United States,0.0,5.434,1,12.35,0.44
US-2020-127012,2019-08-11,2019-08-15,Greg Matthias,Sanford,Sanford 52201 APSCO Electric Pencil Sharpener,Consumer,Office Supplies,Art,West,98105,Seattle,Washington,United States,0.0,10.6522,1,40.97,0.26
US-2020-127012,2019-08-11,2019-08-15,Greg Matthias,Other,"Vinyl Coated Wire Paper Clips in Organizer Box, 800/Box",Consumer,Office Supplies,Fasteners,West,98105,Seattle,Washington,United States,0.0,10.7912,2,22.96,0.47
US-2020-154641,2019-08-11,2019-08-16,Ken Lonsdale,Tennsco,Tennsco Single-Tier Lockers,Consumer,Office Supplies,Storage,East,10035,New York City,New York,United States,0.0,18.767,1,375.34,0.05
US-2020-109302,2019-08-12,2019-08-16,Charles Sheldon,Other,"Performers Binder/Pad Holder, Black",Corporate,Office Supplies,Binders,East,8701,Lakewood,New Jersey,United States,0.0,98.105,7,196.21,0.5
US-2020-109897,2019-08-12,2019-08-16,Ben Wallace,Seth Thomas,"Seth Thomas 14"" Day/Date Wall Clock",Consumer,Furniture,Furnishings,West,94122,San Francisco,California,United States,0.0,31.6128,3,85.44,0.37
US-2020-109897,2019-08-12,2019-08-16,Ben Wallace,Other,BlackBerry Q10,Consumer,Technology,Phones,West,94122,San Francisco,California,United States,0.2,50.396,8,806.336,0.0625
US-2020-153927,2019-08-12,2019-08-13,Lauren Leatherbury,Acco,Acco Translucent Poly Ring Binders,Consumer,Office Supplies,Binders,South,30188,Woodstock,Georgia,United States,0.0,6.7392,3,14.04,0.48
US-2020-153927,2019-08-12,2019-08-13,Lauren Leatherbury,Maxell,"Maxell 74 Minute CD-R Spindle, 50/Pack",Consumer,Technology,Accessories,South,30188,Woodstock,Georgia,United States,0.0,98.1396,13,272.61,0.36
US-2020-156244,2019-08-12,2019-08-16,Duane Huffman,Acco,Acco Smartsocket Color-Coded Six-Outlet AC Adapter Model Surge Protectors,Home Office,Office Supplies,Appliances,South,33180,Miami,Florida,United States,0.2,15.8436,6,211.248,0.075
US-2020-156244,2019-08-12,2019-08-16,Duane Huffman,Bulldog,Bulldog Vacuum Base Pencil Sharpener,Home Office,Office Supplies,Art,South,33180,Miami,Florida,United States,0.2,4.1965,5,47.96,0.0875
US-2020-156244,2019-08-12,2019-08-16,Duane Huffman,Avery,Avery 501,Home Office,Office Supplies,Labels,South,33180,Miami,Florida,United States,0.2,0.9963,1,2.952,0.3375
US-2020-156244,2019-08-12,2019-08-16,Duane Huffman,Xerox,Xerox 229,Home Office,Office Supplies,Paper,South,33180,Miami,Florida,United States,0.2,10.8864,6,31.104,0.35
US-2020-156244,2019-08-12,2019-08-16,Duane Huffman,Acco,Acco Side-Punched Conventional Columnar Pads,Home Office,Office Supplies,Supplies,South,33180,Miami,Florida,United States,0.2,-1.041,2,5.552,-0.1875
US-2020-156244,2019-08-12,2019-08-16,Duane Huffman,Maxell,Maxell 4.7GB DVD-R,Home Office,Technology,Accessories,South,33180,Miami,Florida,United States,0.2,41.7186,7,158.928,0.2625
US-2020-109043,2019-08-15,2019-08-17,Christine Sundaresam,Fellowes,Fellowes Superior 10 Outlet Split Surge Protector,Consumer,Office Supplies,Appliances,South,33021,Hollywood,Florida,United States,0.2,17.127,5,152.24,0.1125
US-2020-109043,2019-08-15,2019-08-17,Christine Sundaresam,Xerox,Xerox 1955,Consumer,Office Supplies,Paper,South,33021,Hollywood,Florida,United States,0.2,29.692,5,91.36,0.325
US-2020-138023,2019-08-15,2019-08-18,Keith Herrera,GBC,GBC Durable Plastic Covers,Consumer,Office Supplies,Binders,Central,75081,Dallas,Texas,United States,0.8,-52.632,8,30.96,-1.7
US-2020-141005,2019-08-15,2019-08-18,Christine Sundaresam,Other,Premium Transparent Presentation Covers by GBC,Consumer,Office Supplies,Binders,East,6824,Fairfield,Connecticut,United States,0.0,30.2112,3,62.94,0.48
US-2020-164406,2019-08-15,2019-08-19,Brian Dahlen,Novimex,Novimex Fabric Task Chair,Consumer,Furniture,Chairs,West,94122,San Francisco,California,United States,0.2,-12.196,4,195.136,-0.0625
US-2020-164406,2019-08-15,2019-08-19,Brian Dahlen,Tripp Lite,Tripp Lite TLP810NET Broadband Surge for Modem/Fax,Consumer,Office Supplies,Appliances,West,94122,San Francisco,California,United States,0.0,42.8148,3,152.91,0.28
US-2020-164406,2019-08-15,2019-08-19,Brian Dahlen,Avery,Avery Heavy-Duty EZD  Binder With Locking Rings,Consumer,Office Supplies,Binders,West,94122,San Francisco,California,United States,0.2,6.2496,4,17.856,0.35
US-2020-164406,2019-08-15,2019-08-19,Brian Dahlen,GBC,GBC Durable Plastic Covers,Consumer,Office Supplies,Binders,West,94122,San Francisco,California,United States,0.2,15.093,3,46.44,0.325
US-2020-164406,2019-08-15,2019-08-19,Brian Dahlen,Xerox,Xerox 1925,Consumer,Office Supplies,Paper,West,94122,San Francisco,California,United States,0.0,41.823,3,92.94,0.45
US-2020-142839,2019-08-16,2019-08-20,Troy Staebel,Chromcraft,Chromcraft Rectangular Conference Tables,Consumer,Furniture,Tables,East,19143,Philadelphia,Pennsylvania,United States,0.4,-227.4912,6,853.092,-0.266666667
US-2020-111500,2019-08-17,2019-08-21,Don Jones,Avery,Avery Non-Stick Binders,Corporate,Office Supplies,Binders,South,72209,Little Rock,Arkansas,United States,0.0,8.2616,4,17.96,0.46
US-2020-111500,2019-08-17,2019-08-21,Don Jones,Other,Colored Push Pins,Corporate,Office Supplies,Fasteners,South,72209,Little Rock,Arkansas,United States,0.0,4.5612,7,12.67,0.36
US-2020-111500,2019-08-17,2019-08-21,Don Jones,Xerox,Xerox 1929,Corporate,Office Supplies,Paper,South,72209,Little Rock,Arkansas,United States,0.0,52.532,5,114.2,0.46
US-2020-111500,2019-08-17,2019-08-21,Don Jones,Logitech,Logitech Gaming G510s - Keyboard,Corporate,Technology,Accessories,South,72209,Little Rock,Arkansas,United States,0.0,122.3856,4,339.96,0.36
US-2020-129168,2019-08-17,2019-08-23,Ken Black,Xerox,Xerox 203,Corporate,Office Supplies,Paper,Central,77095,Houston,Texas,United States,0.2,5.4432,3,15.552,0.35
US-2020-121727,2019-08-19,2019-08-24,Jim Karlsson,Other,Turquoise Lead Holder with Pocket Clip,Consumer,Office Supplies,Art,East,43229,Columbus,Ohio,United States,0.2,1.742,2,10.72,0.1625
US-2020-133158,2019-08-19,2019-08-21,David Wiener,Deflect-o,"Deflect-o EconoMat Studded, No Bevel Mat for Low Pile Carpeting",Corporate,Furniture,Furnishings,West,90045,Los Angeles,California,United States,0.0,26.0316,7,289.24,0.09
US-2020-133158,2019-08-19,2019-08-21,David Wiener,Other,Satellite Sectional Post Binders,Corporate,Office Supplies,Binders,West,90045,Los Angeles,California,United States,0.2,22.5732,2,69.456,0.325
US-2020-143581,2019-08-19,2019-08-23,Bill Shonely,Space Solutions,Space Solutions HD Industrial Steel Shelving.,Corporate,Office Supplies,Storage,South,31907,Columbus,Georgia,United States,0.0,10.3473,3,344.91,0.03
US-2020-156559,2019-08-19,2019-08-26,Lena Hernandez,Hon,"Hon Metal Bookcases, Gray",Consumer,Furniture,Bookcases,South,72401,Jonesboro,Arkansas,United States,0.0,172.4814,9,638.82,0.27
US-2020-164616,2019-08-19,2019-08-21,Maxwell Schwartz,GBC,GBC DocuBind P50 Personal Binding Machine,Consumer,Office Supplies,Binders,East,43229,Columbus,Ohio,United States,0.7,-58.8616,4,76.776,-0.766666667
US-2020-164616,2019-08-19,2019-08-21,Maxwell Schwartz,Acme,Acme Kleencut Forged Steel Scissors,Consumer,Office Supplies,Supplies,East,43229,Columbus,Ohio,United States,0.2,1.148,2,9.184,0.125
US-2020-114321,2019-08-20,2019-08-25,Nick Crebassa,SAFCO,"Safco Chair Connectors, 6/Carton",Corporate,Furniture,Chairs,South,23666,Hampton,Virginia,United States,0.0,145.0696,13,500.24,0.29
US-2020-114321,2019-08-20,2019-08-25,Nick Crebassa,GBC,GBC DocuBind TL300 Electric Binding System,Corporate,Office Supplies,Binders,South,23666,Hampton,Virginia,United States,0.0,421.5853,1,896.99,0.47
US-2020-114321,2019-08-20,2019-08-25,Nick Crebassa,Other,Riverleaf Stik-Withit Designer Note Cubes,Corporate,Office Supplies,Paper,South,23666,Hampton,Virginia,United States,0.0,9.2552,2,20.12,0.46
US-2020-166716,2019-08-20,2019-08-25,Craig Reiter,Global,"Global Leather and Oak Executive Chair, Black",Consumer,Furniture,Chairs,Central,60610,Chicago,Illinois,United States,0.3,-6.0196,2,421.372,-0.014285714
US-2020-123253,2019-08-22,2019-08-25,Deanra Eno,Other,Faber Castell Col-Erase Pencils,Home Office,Office Supplies,Art,East,44107,Lakewood,Ohio,United States,0.2,1.0269,1,3.912,0.2625
US-2020-130918,2019-08-22,2019-08-24,Jeremy Pistek,Acme,Acme Serrated Blade Letter Opener,Consumer,Office Supplies,Supplies,South,33161,North Miami,Florida,United States,0.2,-1.8126,3,7.632,-0.2375
US-2020-166828,2019-08-22,2019-08-25,Jennifer Ferguson,Xerox,Xerox 1899,Consumer,Office Supplies,Paper,Central,63301,Saint Charles,Missouri,United States,0.0,5.6644,2,11.56,0.49
US-2020-110639,2019-08-23,2019-08-23,Rick Hansen,Xerox,Xerox 1994,Consumer,Office Supplies,Paper,East,10009,New York City,New York,United States,0.0,12.4416,4,25.92,0.48
US-2020-110639,2019-08-23,2019-08-23,Rick Hansen,Other,Personal Creations Ink Jet Cards and Labels,Consumer,Office Supplies,Paper,East,10009,New York City,New York,United States,0.0,22.5008,4,45.92,0.49
US-2020-112795,2019-08-23,2019-08-28,Corey Roper,Xerox,Xerox 1993,Home Office,Office Supplies,Paper,Central,49505,Grand Rapids,Michigan,United States,0.0,9.5256,3,19.44,0.49
US-2020-124737,2019-08-23,2019-08-27,Arthur Prichep,Other,Regeneration Desk Collection,Consumer,Furniture,Furnishings,West,80219,Denver,Colorado,United States,0.2,1.2672,3,4.224,0.3
US-2020-124737,2019-08-23,2019-08-27,Arthur Prichep,Xerox,Xerox 1931,Consumer,Office Supplies,Paper,West,80219,Denver,Colorado,United States,0.2,10.8864,6,31.104,0.35
US-2020-124737,2019-08-23,2019-08-27,Arthur Prichep,Xerox,Xerox 1988,Consumer,Office Supplies,Paper,West,80219,Denver,Colorado,United States,0.2,69.705,9,223.056,0.3125
US-2020-124737,2019-08-23,2019-08-27,Arthur Prichep,Xerox,Xerox 1976,Consumer,Office Supplies,Paper,West,80219,Denver,Colorado,United States,0.2,5.4432,3,15.552,0.35
US-2020-124737,2019-08-23,2019-08-27,Arthur Prichep,Acme,Acme Titanium Bonded Scissors,Consumer,Office Supplies,Supplies,West,80219,Denver,Colorado,United States,0.2,0.51,1,6.8,0.075
US-2020-124737,2019-08-23,2019-08-27,Arthur Prichep,Cisco,Cisco SPA525G2 IP Phone - Wireless,Consumer,Technology,Phones,West,80219,Denver,Colorado,United States,0.2,10.773,9,143.64,0.075
US-2020-154837,2019-08-23,2019-08-27,Robert Barroso,GBC,GBC Linen Binding Covers,Corporate,Office Supplies,Binders,West,90032,Los Angeles,California,United States,0.2,17.3488,2,49.568,0.35
US-2020-106719,2019-08-24,2019-08-24,Robert Barroso,Other,"SlimView Poly Binder, 3/8""",Corporate,Office Supplies,Binders,West,59102,Billings,Montana,United States,0.2,2.6936,2,8.288,0.325
US-2020-107916,2019-08-24,2019-08-26,Jennifer Patt,GE,G.E. Longer-Life Indoor Recessed Floodlight Bulbs,Corporate,Furniture,Furnishings,East,11572,Oceanside,New York,United States,0.0,6.3744,2,13.28,0.48
US-2020-107916,2019-08-24,2019-08-26,Jennifer Patt,Wilson Jones,"Wilson Jones 1"" Hanging DublLock Ring Binders",Corporate,Office Supplies,Binders,East,11572,Oceanside,New York,United States,0.2,4.4352,3,12.672,0.35
US-2020-120432,2019-08-24,2019-08-26,Dorothy Wardle,Acme,Acme Titanium Bonded Scissors,Corporate,Office Supplies,Supplies,South,42301,Owensboro,Kentucky,United States,0.0,6.63,3,25.5,0.26
US-2020-103660,2019-08-25,2019-08-30,Mitch Webber,Polycom,Polycom VVX 310 VoIP phone,Consumer,Technology,Phones,West,98103,Seattle,Washington,United States,0.2,75.5958,7,1007.944,0.075
US-2020-104178,2019-08-25,2019-08-29,Janet Molinari,Eldon,"Eldon 200 Class Desk Accessories, Smoke",Corporate,Furniture,Furnishings,West,90036,Los Angeles,California,United States,0.0,2.6376,1,6.28,0.42
US-2020-104178,2019-08-25,2019-08-29,Janet Molinari,Xerox,Xerox 23,Corporate,Office Supplies,Paper,West,90036,Los Angeles,California,United States,0.0,12.4416,4,25.92,0.48
US-2020-104178,2019-08-25,2019-08-29,Janet Molinari,Other,Portable Personal File Box,Corporate,Office Supplies,Storage,West,90036,Los Angeles,California,United States,0.0,13.1868,4,48.84,0.27
US-2020-104178,2019-08-25,2019-08-29,Janet Molinari,SanDisk,SanDisk Cruzer 32 GB USB Flash Drive,Corporate,Technology,Accessories,West,90036,Los Angeles,California,United States,0.0,30.432,5,95.1,0.32
US-2020-107398,2019-08-25,2019-08-30,Brendan Sweed,Wilson Jones,Wilson Jones Custom Binder Spines & Labels,Corporate,Office Supplies,Binders,East,43229,Columbus,Ohio,United States,0.7,-4.5696,4,6.528,-0.7
US-2020-107398,2019-08-25,2019-08-30,Brendan Sweed,Cardinal,"Cardinal Slant-D Ring Binder, Heavy Gauge Vinyl",Corporate,Office Supplies,Binders,East,43229,Columbus,Ohio,United States,0.7,-16.6848,8,20.856,-0.8
US-2020-107398,2019-08-25,2019-08-30,Brendan Sweed,Other,Insertable Tab Indexes For Data Binders,Corporate,Office Supplies,Binders,East,43229,Columbus,Ohio,United States,0.7,-2.2896,3,2.862,-0.8
US-2020-115259,2019-08-25,2019-08-27,Ryan Crowe,Tyvek,"Tyvek  Top-Opening Peel & Seel Envelopes, Plain White",Consumer,Office Supplies,Envelopes,East,43229,Columbus,Ohio,United States,0.2,44.0316,6,130.464,0.3375
US-2020-115259,2019-08-25,2019-08-27,Ryan Crowe,Other,"Redi-Strip #10 Envelopes, 4 1/8 x 9 1/2",Consumer,Office Supplies,Envelopes,East,43229,Columbus,Ohio,United States,0.2,1.652,2,4.72,0.35
US-2020-115259,2019-08-25,2019-08-27,Ryan Crowe,Other,"OIC Colored Binder Clips, Assorted Sizes",Consumer,Office Supplies,Fasteners,East,43229,Columbus,Ohio,United States,0.2,14.5348,14,40.096,0.3625
US-2020-115259,2019-08-25,2019-08-27,Ryan Crowe,Xerox,Xerox 1921,Consumer,Office Supplies,Paper,East,43229,Columbus,Ohio,United States,0.2,7.4925,3,23.976,0.3125
US-2020-126200,2019-08-25,2019-08-29,Joe Elijah,Wilson Jones,"Wilson Jones Elliptical Ring 3 1/2"" Capacity Binders, 800 sheets",Consumer,Office Supplies,Binders,Central,77070,Houston,Texas,United States,0.8,-39.804,3,25.68,-1.55
US-2020-126200,2019-08-25,2019-08-29,Joe Elijah,Other,"Square Ring Data Binders, Rigid 75 Pt. Covers, 11"" x 14-7/8""",Consumer,Office Supplies,Binders,Central,77070,Houston,Texas,United States,0.8,-19.8144,3,12.384,-1.6
US-2020-103331,2019-08-26,2019-09-01,Karl Braun,Other,Acrylic Self-Standing Desk Frames,Consumer,Furniture,Furnishings,East,19711,Newark,Delaware,United States,0.0,4.0584,4,10.68,0.38
US-2020-103331,2019-08-26,2019-09-01,Karl Braun,Xerox,Xerox 1978,Consumer,Office Supplies,Paper,East,19711,Newark,Delaware,United States,0.0,8.4966,3,17.34,0.49
US-2020-103331,2019-08-26,2019-09-01,Karl Braun,Other,Avoid Verbal Orders Carbonless Minifold Book,Consumer,Office Supplies,Paper,East,19711,Newark,Delaware,United States,0.0,1.5548,1,3.38,0.46
US-2020-115413,2019-08-26,2019-09-01,Paul Prost,Newell,Newell 340,Home Office,Office Supplies,Art,East,19711,Newark,Delaware,United States,0.0,2.5056,3,8.64,0.29
US-2020-115413,2019-08-26,2019-09-01,Paul Prost,Plantronics,Plantronics Audio 478 Stereo USB Headset,Home Office,Technology,Accessories,East,19711,Newark,Delaware,United States,0.0,52.4895,3,149.97,0.35
US-2020-123260,2019-08-26,2019-08-30,Frank Merwin,SanDisk,SanDisk Ultra 32 GB MicroSDHC Class 10 Memory Card,Home Office,Technology,Accessories,West,90032,Los Angeles,California,United States,0.0,22.984,8,176.8,0.13
US-2020-101266,2019-08-27,2019-08-30,Michael Moore,Xerox,Xerox 1898,Consumer,Office Supplies,Paper,South,22153,Springfield,Virginia,United States,0.0,6.4128,2,13.36,0.48
US-2020-124688,2019-08-27,2019-08-29,Corey Catlett,Master Caster,"Master Caster Door Stop, Large Neon Orange",Corporate,Furniture,Furnishings,South,22153,Springfield,Virginia,United States,0.0,12.5216,4,29.12,0.43
US-2020-124688,2019-08-27,2019-08-29,Corey Catlett,Bretford,Bretford CR8500 Series Meeting Room Furniture,Corporate,Furniture,Tables,South,22153,Springfield,Virginia,United States,0.0,300.735,3,1202.94,0.25
US-2020-124688,2019-08-27,2019-08-29,Corey Catlett,Other,GE 30522EE2,Corporate,Technology,Phones,South,22153,Springfield,Virginia,United States,0.0,168.1855,5,579.95,0.29
US-2020-143336,2019-08-27,2019-09-01,Zuschuss Donatelli,Newell,Newell 341,Consumer,Office Supplies,Art,West,94109,San Francisco,California,United States,0.0,2.4824,2,8.56,0.29
US-2020-143336,2019-08-27,2019-09-01,Zuschuss Donatelli,Wilson Jones,"Wilson Jones Hanging View Binder, White, 1""",Consumer,Office Supplies,Binders,West,94109,San Francisco,California,United States,0.2,7.384,4,22.72,0.325
US-2020-143336,2019-08-27,2019-09-01,Zuschuss Donatelli,Cisco,Cisco SPA 501G IP Phone,Consumer,Technology,Phones,West,94109,San Francisco,California,United States,0.2,16.011,3,213.48,0.075
US-2020-135699,2019-08-29,2019-08-29,Hilary Holden,Xerox,Xerox 1986,Corporate,Office Supplies,Paper,West,94110,San Francisco,California,United States,0.0,6.4128,2,13.36,0.48
US-2020-135699,2019-08-29,2019-08-29,Hilary Holden,Xerox,Xerox 1940,Corporate,Office Supplies,Paper,West,94110,San Francisco,California,United States,0.0,53.8608,2,109.92,0.49
US-2020-169775,2019-08-29,2019-09-02,Ryan Akin,Balt,Balt Solid Wood Rectangular Table,Consumer,Furniture,Tables,South,33178,Miami,Florida,United States,0.45,-110.7645,3,174.0585,-0.636363636
US-2020-169775,2019-08-29,2019-09-02,Ryan Akin,GBC,GBC DocuBind 200 Manual Binding Machine,Consumer,Office Supplies,Binders,South,33178,Miami,Florida,United States,0.7,-336.784,4,505.176,-0.666666667
US-2020-169775,2019-08-29,2019-09-02,Ryan Akin,Other,Jiffy Padded Mailers with Self-Seal Closure,Consumer,Office Supplies,Envelopes,South,33178,Miami,Florida,United States,0.2,10.8054,2,29.808,0.3625
US-2020-146500,2019-08-30,2019-09-04,Annie Thurman,Wilson Jones,Wilson Jones Standard D-Ring Binders,Consumer,Office Supplies,Binders,East,6010,Bristol,Connecticut,United States,0.0,11.891,5,25.3,0.47
US-2020-146500,2019-08-30,2019-09-04,Annie Thurman,Fellowes,Fellowes Bankers Box Stor/Drawer Steel Plus,Consumer,Office Supplies,Storage,East,6010,Bristol,Connecticut,United States,0.0,9.594,3,95.94,0.1
US-2020-143385,2019-08-31,2019-09-05,Shirley Jackson,KeyTronic,KeyTronic KT400U2 - Keyboard - Black,Consumer,Technology,Accessories,West,87505,Santa Fe,New Mexico,United States,0.0,18.504,9,92.52,0.2
US-2020-109855,2019-09-01,2019-09-05,Lena Hernandez,Wilson Jones,Wilson Jones Hanging Recycled Pressboard Data Binders,Consumer,Office Supplies,Binders,East,10009,New York City,New York,United States,0.2,8.3104,2,23.744,0.35
US-2020-109855,2019-09-01,2019-09-05,Lena Hernandez,WD My Passport,WD My Passport Ultra 2TB Portable External Hard Drive,Consumer,Technology,Accessories,East,10009,New York City,New York,United States,0.0,57.12,3,357.0,0.16
US-2020-126522,2019-09-01,2019-09-05,Larry Tron,Boston,"BOSTON Model 1800 Electric Pencil Sharpeners, Putty/Woodgrain",Consumer,Office Supplies,Art,West,92025,Escondido,California,United States,0.0,15.6426,3,53.94,0.29
US-2020-165428,2019-09-01,2019-09-04,Jack Lebron,Other,Prestige Round Ring Binders,Consumer,Office Supplies,Binders,Central,77036,Houston,Texas,United States,0.8,-6.0192,3,3.648,-1.65
US-2020-165428,2019-09-01,2019-09-04,Jack Lebron,Xerox,Xerox 216,Consumer,Office Supplies,Paper,Central,77036,Houston,Texas,United States,0.2,10.8864,6,31.104,0.35
US-2020-106971,2019-09-02,2019-09-08,Bryan Mills,Logitech,Logitech Gaming G510s - Keyboard,Consumer,Technology,Accessories,Central,60089,Buffalo Grove,Illinois,United States,0.2,95.1888,7,475.944,0.2
US-2020-127936,2019-09-02,2019-09-04,Clay Ludtke,Sanford,SANFORD Major Accent Highlighters,Consumer,Office Supplies,Art,East,10009,New York City,New York,United States,0.0,8.0712,3,21.24,0.38
US-2020-138828,2019-09-02,2019-09-03,Katherine Ducich,Newell,Newell 324,Consumer,Office Supplies,Art,East,10009,New York City,New York,United States,0.0,16.17,5,57.75,0.28
US-2020-138828,2019-09-02,2019-09-03,Katherine Ducich,Easy-staple paper,Easy-staple paper,Consumer,Office Supplies,Paper,East,10009,New York City,New York,United States,0.0,7.0218,3,14.94,0.47
US-2020-151792,2019-09-02,2019-09-07,Christina VanderZanden,Logitech,Logitech Wireless Performance Mouse MX for PC and Mac,Consumer,Technology,Accessories,Central,60653,Chicago,Illinois,United States,0.2,53.9946,3,239.976,0.225
US-2020-152268,2019-09-02,2019-09-07,Sanjit Chand,GBC,GBC DocuBind TL300 Electric Binding System,Consumer,Office Supplies,Binders,South,72701,Fayetteville,Arkansas,United States,0.0,843.1706,2,1793.98,0.47
US-2020-157721,2019-09-02,2019-09-05,Justin MacKendrick,Tenex,"Tenex Carpeted, Granite-Look or Clear Contemporary Contour Shape Chair Mats",Consumer,Furniture,Furnishings,East,13601,Watertown,New York,United States,0.0,4.9497,1,70.71,0.07
US-2020-157721,2019-09-02,2019-09-05,Justin MacKendrick,Holmes,"Holmes Cool Mist Humidifier for the Whole House with 8-Gallon Output per Day, Extended Life Filter",Consumer,Office Supplies,Appliances,East,13601,Watertown,New York,United States,0.0,8.955,1,19.9,0.45
US-2020-158281,2019-09-02,2019-09-07,Andy Gerbode,Epson,Epson TM-T88V Direct Thermal Printer - Monochrome - Desktop,Corporate,Technology,Machines,Central,77095,Houston,Texas,United States,0.4,-121.2705,3,559.71,-0.216666667
US-2020-120236,2019-09-03,2019-09-04,Mathew Reese,GBC,GBC VeloBinder Strips,Home Office,Office Supplies,Binders,Central,77095,Houston,Texas,United States,0.8,-11.52,5,7.68,-1.5
US-2020-125171,2019-09-03,2019-09-03,Allen Goldenen,Avery,Avery 514,Consumer,Office Supplies,Labels,East,10009,New York City,New York,United States,0.0,7.056,5,14.4,0.49
US-2020-106572,2019-09-05,2019-09-10,Nora Preis,Other,Economy Rollaway Files,Consumer,Office Supplies,Storage,East,43402,Bowling Green,Ohio,United States,0.2,19.824,2,264.32,0.075
US-2020-136861,2019-09-05,2019-09-07,Patrick Ryan,Other,Telescoping Adjustable Floor Lamp,Consumer,Furniture,Furnishings,South,33710,Saint Petersburg,Florida,United States,0.2,1.999,2,31.984,0.0625
US-2020-130449,2019-09-06,2019-09-09,Victoria Pisteka,Eldon,"Eldon Expressions Wood and Plastic Desk Accessories, Cherry Wood",Corporate,Furniture,Furnishings,West,94109,San Francisco,California,United States,0.0,12.1452,6,41.88,0.29
US-2020-130449,2019-09-06,2019-09-09,Victoria Pisteka,Avery,Avery 516,Corporate,Office Supplies,Labels,West,94109,San Francisco,California,United States,0.0,27.4856,8,58.48,0.47
US-2020-100006,2019-09-07,2019-09-13,Dennis Kane,AT&T,AT&T EL51110 DECT,Consumer,Technology,Phones,East,10024,New York City,New York,United States,0.0,109.6113,3,377.97,0.29
US-2020-105165,2019-09-07,2019-09-10,Sam Zeldin,Riverside,"Riverside Furniture Oval Coffee Table, Oval End Table, End Table with Drawer",Home Office,Furniture,Tables,Central,77036,Houston,Texas,United States,0.3,-22.948,1,200.795,-0.114285714
US-2020-105165,2019-09-07,2019-09-10,Sam Zeldin,Dixon,Dixon Ticonderoga Core-Lock Colored Pencils,Home Office,Office Supplies,Art,Central,77036,Houston,Texas,United States,0.2,3.5529,3,21.864,0.1625
US-2020-105165,2019-09-07,2019-09-10,Sam Zeldin,Angle-D,"Angle-D Binders with Locking Rings, Label Holders",Home Office,Office Supplies,Binders,Central,77036,Houston,Texas,United States,0.8,-4.818,2,2.92,-1.65
US-2020-105165,2019-09-07,2019-09-10,Sam Zeldin,Belkin,Belkin Standard 104 key USB Keyboard,Home Office,Technology,Accessories,Central,77036,Houston,Texas,United States,0.2,-2.918,4,46.688,-0.0625
US-2020-105165,2019-09-07,2019-09-10,Sam Zeldin,Panasonic,Panasonic KX TS3282B Corded phone,Home Office,Technology,Phones,Central,77036,Houston,Texas,United States,0.2,14.7582,3,196.776,0.075
US-2020-109918,2019-09-07,2019-09-12,Lisa Ryan,Avery,Avery Legal 4-Ring Binder,Corporate,Office Supplies,Binders,West,95051,Santa Clara,California,United States,0.2,31.47,5,83.92,0.375
US-2020-109918,2019-09-07,2019-09-12,Lisa Ryan,Message Book,"Message Book, Wirebound, Four 5 1/2"" X 4"" Forms/Pg., 200 Dupl. Sets/Book",Corporate,Office Supplies,Paper,West,95051,Santa Clara,California,United States,0.0,9.6632,2,20.56,0.47
US-2020-109918,2019-09-07,2019-09-12,Lisa Ryan,Acme,"Acme Design Line 8"" Stainless Steel Bent Scissors w/Champagne Handles, 3-1/8"" Cut",Corporate,Office Supplies,Supplies,West,95051,Santa Clara,California,United States,0.0,7.3872,4,27.36,0.27
US-2020-117765,2019-09-07,2019-09-13,Rick Bensley,Other,"Padded Folding Chairs, Black, 4/Carton",Home Office,Furniture,Chairs,Central,74133,Tulsa,Oklahoma,United States,0.0,45.3488,2,161.96,0.28
US-2020-117765,2019-09-07,2019-09-13,Rick Bensley,KI,KI Adjustable-Height Table,Home Office,Furniture,Tables,Central,74133,Tulsa,Oklahoma,United States,0.0,111.774,5,429.9,0.26
US-2020-117765,2019-09-07,2019-09-13,Rick Bensley,Avery,Avery Recycled Flexi-View Covers for Binding Systems,Home Office,Office Supplies,Binders,Central,74133,Tulsa,Oklahoma,United States,0.0,15.3888,2,32.06,0.48
US-2020-117765,2019-09-07,2019-09-13,Rick Bensley,Akro,Akro-Mils 12-Gallon Tote,Home Office,Office Supplies,Storage,Central,74133,Tulsa,Oklahoma,United States,0.0,5.7594,2,19.86,0.29
US-2020-122882,2019-09-07,2019-09-13,Sean Braxton,DAX,DAX Natural Wood-Tone Poster Frame,Corporate,Furniture,Furnishings,East,19134,Philadelphia,Pennsylvania,United States,0.2,8.4736,2,42.368,0.2
US-2020-122882,2019-09-07,2019-09-13,Sean Braxton,Carina,"Carina 42""Hx23 3/4""W Media Storage Unit",Corporate,Office Supplies,Storage,East,19134,Philadelphia,Pennsylvania,United States,0.2,-14.5764,1,64.784,-0.225
US-2020-122882,2019-09-07,2019-09-13,Sean Braxton,Other,StarTech.com 10/100 VDSL2 Ethernet Extender Kit,Corporate,Technology,Machines,East,19134,Philadelphia,Pennsylvania,United States,0.7,-559.356,4,399.54,-1.4
US-2020-122882,2019-09-07,2019-09-13,Sean Braxton,Other,invisibleSHIELD by ZAGG Smudge-Free Screen Protector,Corporate,Technology,Phones,East,19134,Philadelphia,Pennsylvania,United States,0.4,4.3176,3,32.382,0.133333333
US-2020-126193,2019-09-07,2019-09-14,Shahid Shariari,Avery,Avery Heavy-Duty EZD View Binder with Locking Rings,Consumer,Office Supplies,Binders,Central,60543,Oswego,Illinois,United States,0.8,-6.5076,3,3.828,-1.7
US-2020-126193,2019-09-07,2019-09-14,Shahid Shariari,Ibico,Ibico Hi-Tech Manual Binding System,Consumer,Office Supplies,Binders,Central,60543,Oswego,Illinois,United States,0.8,-533.7325,5,304.99,-1.75
US-2020-126193,2019-09-07,2019-09-14,Shahid Shariari,Acco,Acco Hot Clips Clips to Go,Consumer,Office Supplies,Fasteners,Central,60543,Oswego,Illinois,United States,0.2,4.1125,5,13.16,0.3125
US-2020-131002,2019-09-07,2019-09-12,Tom Boeckenhauer,Executive Impressions,"Executive Impressions 13"" Clairmont Wall Clock",Consumer,Furniture,Furnishings,Central,74133,Tulsa,Oklahoma,United States,0.0,23.6529,3,57.69,0.41
US-2020-131002,2019-09-07,2019-09-12,Tom Boeckenhauer,3M,"3M Polarizing Task Lamp with Clamp Arm, Light Gray",Consumer,Furniture,Furnishings,Central,74133,Tulsa,Oklahoma,United States,0.0,213.6888,6,821.88,0.26
US-2020-131002,2019-09-07,2019-09-12,Tom Boeckenhauer,GBC,"GBC Laser Imprintable Binding System Covers, Desert Sand",Consumer,Office Supplies,Binders,Central,74133,Tulsa,Oklahoma,United States,0.0,20.1207,3,42.81,0.47
US-2020-131002,2019-09-07,2019-09-12,Tom Boeckenhauer,Xerox,Xerox 2000,Consumer,Office Supplies,Paper,Central,74133,Tulsa,Oklahoma,United States,0.0,6.2208,2,12.96,0.48
US-2020-131002,2019-09-07,2019-09-12,Tom Boeckenhauer,Plantronics,Plantronics Cordless Phone Headset with In-line Volume - M214C,Consumer,Technology,Phones,Central,74133,Tulsa,Oklahoma,United States,0.0,28.3095,3,104.85,0.27
US-2020-107818,2019-09-08,2019-09-14,Marc Crier,Hon,"Hon Deluxe Fabric Upholstered Stacking Chairs, Rounded Back",Consumer,Furniture,Chairs,West,99301,Pasco,Washington,United States,0.2,121.99,5,975.92,0.125
US-2020-107818,2019-09-08,2019-09-14,Marc Crier,Hunt,"Hunt PowerHouse Electric Pencil Sharpener, Blue",Consumer,Office Supplies,Art,West,99301,Pasco,Washington,United States,0.0,91.152,8,303.84,0.3
US-2020-107818,2019-09-08,2019-09-14,Marc Crier,Prang,Prang Colored Pencils,Consumer,Office Supplies,Art,West,99301,Pasco,Washington,United States,0.0,2.646,2,5.88,0.45
US-2020-107818,2019-09-08,2019-09-14,Marc Crier,Carina,Carina Double Wide Media Storage Towers in Natural & Black,Consumer,Office Supplies,Storage,West,99301,Pasco,Washington,United States,0.0,19.4352,6,485.88,0.04
US-2020-115987,2019-09-08,2019-09-13,Lisa Hazard,GBC,GBC ProClick Punch Binding System,Consumer,Office Supplies,Binders,Central,75701,Tyler,Texas,United States,0.8,-79.3352,4,51.184,-1.55
US-2020-123127,2019-09-08,2019-09-12,Stefania Perrino,Other,Black & Decker Filter for Double Action Dustbuster Cordless Vac BLDV7210,Corporate,Office Supplies,Appliances,East,11561,Long Beach,New York,United States,0.0,4.195,2,16.78,0.25
US-2020-128839,2019-09-08,2019-09-13,Ted Trevino,Advantus,Advantus Plastic Paper Clips,Consumer,Office Supplies,Fasteners,South,23320,Chesapeake,Virginia,United States,0.0,21.6,9,45.0,0.48
US-2020-128839,2019-09-08,2019-09-13,Ted Trevino,Epson,"Epson WorkForce WF-2530 All-in-One Printer, Copier Scanner",Consumer,Technology,Machines,South,23320,Chesapeake,Virginia,United States,0.0,90.2871,3,209.97,0.43
US-2020-132500,2019-09-08,2019-09-12,Gary Zandusky,Logitech,Logitech Wireless Touch Keyboard K400,Consumer,Technology,Accessories,West,94110,San Francisco,California,United States,0.0,8.4966,2,49.98,0.17
US-2020-139892,2019-09-08,2019-09-12,Becky Martin,SAFCO,SAFCO Arco Folding Chair,Consumer,Furniture,Chairs,Central,78207,San Antonio,Texas,United States,0.3,-24.858,9,1740.06,-0.014285714
US-2020-139892,2019-09-08,2019-09-12,Becky Martin,Kensington,Kensington 7 Outlet MasterPiece Power Center,Consumer,Office Supplies,Appliances,Central,78207,San Antonio,Texas,United States,0.8,-453.849,5,177.98,-2.55
US-2020-139892,2019-09-08,2019-09-12,Becky Martin,Sanford,Sanford Liquid Accent Highlighters,Consumer,Office Supplies,Art,Central,78207,San Antonio,Texas,United States,0.2,6.8136,6,32.064,0.2125
US-2020-139892,2019-09-08,2019-09-12,Becky Martin,BIC,BIC Brite Liner Highlighters,Consumer,Office Supplies,Art,Central,78207,San Antonio,Texas,United States,0.2,2.7324,3,9.936,0.275
US-2020-139892,2019-09-08,2019-09-12,Becky Martin,Space Solutions,Space Solutions HD Industrial Steel Shelving.,Consumer,Office Supplies,Storage,Central,78207,San Antonio,Texas,United States,0.2,-58.6347,3,275.928,-0.2125
US-2020-139892,2019-09-08,2019-09-12,Becky Martin,Other,Lexmark MX611dhe Monochrome Laser Printer,Consumer,Technology,Machines,Central,78207,San Antonio,Texas,United States,0.4,-1359.992,8,8159.952,-0.166666667
US-2020-139892,2019-09-08,2019-09-12,Becky Martin,Other,JBL Micro Wireless Portable Bluetooth Speaker,Consumer,Technology,Phones,Central,78207,San Antonio,Texas,United States,0.2,8.9985,3,143.976,0.0625
US-2020-140032,2019-09-08,2019-09-13,Toby Swindell,Acco,"Acco PRESSTEX Data Binder with Storage Hooks, Light Blue, 9 1/2"" X 11""",Consumer,Office Supplies,Binders,West,94109,San Francisco,California,United States,0.2,3.0128,2,8.608,0.35
US-2020-146283,2019-09-08,2019-09-15,Kean Takahito,SAFCO,SAFCO Arco Folding Chair,Consumer,Furniture,Chairs,Central,77036,Houston,Texas,United States,0.3,-13.81,5,966.7,-0.014285714
US-2020-146283,2019-09-08,2019-09-15,Kean Takahito,Other,"Snap-A-Way Black Print Carbonless Ruled Speed Letter, Triplicate",Consumer,Office Supplies,Paper,Central,77036,Houston,Texas,United States,0.2,61.4628,6,182.112,0.3375
US-2020-146283,2019-09-08,2019-09-15,Kean Takahito,Other,"Geographics Note Cards, Blank, White, 8 1/2"" x 11""",Consumer,Office Supplies,Paper,Central,77036,Houston,Texas,United States,0.2,6.2664,2,17.904,0.35
US-2020-146815,2019-09-08,2019-09-13,Paul Prost,Global,Global Super Steno Chair,Home Office,Furniture,Chairs,East,10009,New York City,New York,United States,0.1,13.4372,2,172.764,0.077777778
US-2020-146815,2019-09-08,2019-09-13,Paul Prost,Other,Nontoxic Chalk,Home Office,Office Supplies,Art,East,10009,New York City,New York,United States,0.0,1.6896,2,3.52,0.48
US-2020-163293,2019-09-08,2019-09-11,Karen Carlisle,Maxell,"Maxell 74 Minute CD-R Spindle, 50/Pack",Corporate,Technology,Accessories,South,31204,Macon,Georgia,United States,0.0,30.1968,4,83.88,0.36
US-2020-163293,2019-09-08,2019-09-11,Karen Carlisle,Memorex,Memorex Froggy Flash Drive 4 GB,Corporate,Technology,Accessories,South,31204,Macon,Georgia,United States,0.0,12.8583,3,32.97,0.39
US-2020-168592,2019-09-08,2019-09-14,Dennis Pardue,Holmes,"Holmes Replacement Filter for HEPA Air Cleaner, Medium Room",Home Office,Office Supplies,Appliances,West,94110,San Francisco,California,United States,0.0,24.3595,5,56.65,0.43
US-2020-168592,2019-09-08,2019-09-14,Dennis Pardue,Other,Ideal Clamps,Home Office,Office Supplies,Fasteners,West,94110,San Francisco,California,United States,0.0,1.9698,2,4.02,0.49
US-2020-168592,2019-09-08,2019-09-14,Dennis Pardue,Other,Pizazz Global Quick File,Home Office,Office Supplies,Storage,West,94110,San Francisco,California,United States,0.0,4.1916,1,14.97,0.28
US-2020-102869,2019-09-09,2019-09-14,Logan Currie,Master Caster,"Master Caster Door Stop, Large Neon Orange",Consumer,Furniture,Furnishings,East,19140,Philadelphia,Pennsylvania,United States,0.2,5.0232,3,17.472,0.2875
US-2020-102869,2019-09-09,2019-09-14,Logan Currie,Xerox,Xerox 210,Consumer,Office Supplies,Paper,East,19140,Philadelphia,Pennsylvania,United States,0.2,5.4432,3,15.552,0.35
US-2020-102869,2019-09-09,2019-09-14,Logan Currie,Other,Rosewill 107 Normal Keys USB Wired Standard Keyboard,Consumer,Technology,Accessories,East,19140,Philadelphia,Pennsylvania,United States,0.2,-4.8528,6,64.704,-0.075
US-2020-102869,2019-09-09,2019-09-14,Logan Currie,Polycom,Polycom SoundPoint IP 450 VoIP phone,Consumer,Technology,Phones,East,19140,Philadelphia,Pennsylvania,United States,0.4,-31.6204,1,135.516,-0.233333333
US-2020-103527,2019-09-09,2019-09-14,Chris Cortes,Ampad,"Ampad Poly Cover Wirebound Steno Book, 6"" x 9"" Assorted Colors, Gregg Ruled",Consumer,Office Supplies,Paper,Central,60653,Chicago,Illinois,United States,0.2,3.405,3,10.896,0.3125
US-2020-115196,2019-09-09,2019-09-13,Daniel Lacy,3D Systems,"3D Systems Cube Printer, 2nd Generation, White",Consumer,Technology,Machines,South,27834,Greenville,North Carolina,United States,0.5,-571.9956,2,1299.99,-0.44
US-2020-126403,2019-09-09,2019-09-12,Rick Reed,Global,Global Italian Leather Office Chair,Corporate,Furniture,Chairs,East,1852,Lowell,Massachusetts,United States,0.0,212.1876,6,785.88,0.27
US-2020-126403,2019-09-09,2019-09-12,Rick Reed,Xerox,Xerox 1913,Corporate,Office Supplies,Paper,East,1852,Lowell,Massachusetts,United States,0.0,79.8912,3,166.44,0.48
US-2020-126403,2019-09-09,2019-09-12,Rick Reed,Advantus,Advantus Motivational Note Cards,Corporate,Office Supplies,Paper,East,1852,Lowell,Massachusetts,United States,0.0,12.838,2,26.2,0.49
US-2020-126403,2019-09-09,2019-09-12,Rick Reed,Tennsco,Tennsco 6- and 18-Compartment Lockers,Corporate,Office Supplies,Storage,East,1852,Lowell,Massachusetts,United States,0.0,238.653,5,1325.85,0.18
US-2020-131870,2019-09-09,2019-09-11,Nicole Fjeld,Nu-Dell,Nu-Dell Executive Frame,Home Office,Furniture,Furnishings,East,43130,Lancaster,Ohio,United States,0.2,12.8928,6,60.672,0.2125
US-2020-131870,2019-09-09,2019-09-11,Nicole Fjeld,Newell,Newell 320,Home Office,Office Supplies,Art,East,43130,Lancaster,Ohio,United States,0.2,2.6964,9,30.816,0.0875
US-2020-144407,2019-09-09,2019-09-15,Maribeth Schnelling,Other,Alphabetical Labels for Top Tab Filing,Consumer,Office Supplies,Labels,Central,48227,Detroit,Michigan,United States,0.0,51.8,7,103.6,0.5
US-2020-113383,2019-09-10,2019-09-13,Sandra Flanagan,Dana,"Dana Fluorescent Magnifying Lamp, White, 36""",Consumer,Furniture,Furnishings,East,7011,Clifton,New Jersey,United States,0.0,76.47,5,254.9,0.3
US-2020-113383,2019-09-10,2019-09-13,Sandra Flanagan,Kensington,Kensington 6 Outlet Guardian Standard Surge Protector,Consumer,Office Supplies,Appliances,East,7011,Clifton,New Jersey,United States,0.0,22.1184,4,81.92,0.27
US-2020-125731,2019-09-10,2019-09-16,Clay Ludtke,Other,GuestStacker Chair with Chrome Finish Legs,Consumer,Furniture,Chairs,West,97030,Gresham,Oregon,United States,0.2,148.704,5,1487.04,0.1
US-2020-125731,2019-09-10,2019-09-16,Clay Ludtke,Peel & Seel,Peel & Seel Envelopes,Consumer,Office Supplies,Envelopes,West,97030,Gresham,Oregon,United States,0.2,7.6048,7,21.728,0.35
US-2020-138835,2019-09-10,2019-09-14,Dianna Arnett,Other,Tuff Stuff Recycled Round Ring Binders,Home Office,Office Supplies,Binders,South,23464,Virginia Beach,Virginia,United States,0.0,4.7236,2,9.64,0.49
US-2020-112837,2019-09-11,2019-09-16,Liz Willingham,Deflect-o,"Deflect-o DuraMat Lighweight, Studded, Beveled Mat for Low Pile Carpeting",Consumer,Furniture,Furnishings,West,93030,Oxnard,California,United States,0.0,21.7515,3,127.95,0.17
US-2020-101476,2019-09-12,2019-09-13,Shirley Daniels,Epson,"Epson WorkForce WF-2530 All-in-One Printer, Copier Scanner",Home Office,Technology,Machines,East,10801,New Rochelle,New York,United States,0.0,30.0957,1,69.99,0.43
US-2020-103702,2019-09-12,2019-09-17,Art Foster,Premier,"Premier Elliptical Ring Binder, Black",Consumer,Office Supplies,Binders,East,45014,Fairfield,Ohio,United States,0.7,-46.8776,7,63.924,-0.733333333
US-2020-116246,2019-09-12,2019-09-17,Luke Weiss,Hon,HON 5400 Series Task Chairs for Big and Tall,Consumer,Furniture,Chairs,East,10035,New York City,New York,United States,0.1,420.588,6,3785.292,0.111111111
US-2020-119081,2019-09-12,2019-09-19,Tom Ashbrook,Seth Thomas,"Seth Thomas 8 1/2"" Cubicle Clock",Home Office,Furniture,Furnishings,Central,66062,Olathe,Kansas,United States,0.0,12.9792,2,40.56,0.32
US-2020-119081,2019-09-12,2019-09-19,Tom Ashbrook,GBC,GBC DocuBind P100 Manual Binding Machine,Home Office,Office Supplies,Binders,Central,66062,Olathe,Kansas,United States,0.0,149.382,2,331.96,0.45
US-2020-119081,2019-09-12,2019-09-19,Tom Ashbrook,Other,Compact Automatic Electric Letter Opener,Home Office,Office Supplies,Supplies,Central,66062,Olathe,Kansas,United States,0.0,7.1586,3,357.93,0.02
US-2020-119081,2019-09-12,2019-09-19,Tom Ashbrook,SanDisk,SanDisk Cruzer 16 GB USB Flash Drive,Home Office,Technology,Accessories,Central,66062,Olathe,Kansas,United States,0.0,10.906,5,57.4,0.19
US-2020-138527,2019-09-12,2019-09-17,Brad Norvell,Fellowes,Fellowes 8 Outlet Superior Workstation Surge Protector,Corporate,Office Supplies,Appliances,South,27511,Cary,North Carolina,United States,0.2,18.7695,5,166.84,0.1125
US-2020-138527,2019-09-12,2019-09-17,Brad Norvell,Xerox,Xerox 220,Corporate,Office Supplies,Paper,South,27511,Cary,North Carolina,United States,0.2,3.6288,2,10.368,0.35
US-2020-138527,2019-09-12,2019-09-17,Brad Norvell,SanDisk,SanDisk Cruzer 32 GB USB Flash Drive,Corporate,Technology,Accessories,South,27511,Cary,North Carolina,United States,0.2,2.2824,1,15.216,0.15
US-2020-150924,2019-09-12,2019-09-16,Pete Takahito,Wilson Jones,Wilson Jones Impact Binders,Consumer,Office Supplies,Binders,Central,77070,Houston,Texas,United States,0.8,-8.029,5,5.18,-1.55
US-2020-113859,2019-09-13,2019-09-17,Becky Castell,Other,"Padded Folding Chairs, Black, 4/Carton",Home Office,Furniture,Chairs,Central,79762,Odessa,Texas,United States,0.3,-9.7176,6,340.116,-0.028571429
US-2020-126277,2019-09-13,2019-09-18,Lena Hernandez,Acco,Acco Suede Grain Vinyl Round Ring Binder,Consumer,Office Supplies,Binders,East,43229,Columbus,Ohio,United States,0.7,-2.0016,3,2.502,-0.8
US-2020-132962,2019-09-13,2019-09-16,Jessica Myrick,Xerox,Xerox 1985,Consumer,Office Supplies,Paper,East,19143,Philadelphia,Pennsylvania,United States,0.2,5.4432,3,15.552,0.35
US-2020-132962,2019-09-13,2019-09-16,Jessica Myrick,Other,Hypercom P1300 Pinpad,Consumer,Technology,Accessories,East,19143,Philadelphia,Pennsylvania,United States,0.2,53.55,5,252.0,0.2125
US-2020-140039,2019-09-13,2019-09-17,Odella Nelson,Eldon,Eldon File Chest Portable File,Corporate,Office Supplies,Storage,West,85281,Tempe,Arizona,United States,0.2,5.955,5,79.4,0.075
US-2020-142769,2019-09-13,2019-09-13,Resi Pölking,C-Line,C-Line Cubicle Keepers Polyproplyene Holder With Velcro Backings,Consumer,Furniture,Furnishings,West,98103,Seattle,Washington,United States,0.0,5.5341,3,14.19,0.39
US-2020-142769,2019-09-13,2019-09-13,Resi Pölking,Holmes,"Holmes Replacement Filter for HEPA Air Cleaner, Medium Room",Consumer,Office Supplies,Appliances,West,98103,Seattle,Washington,United States,0.0,9.7438,2,22.66,0.43
US-2020-142769,2019-09-13,2019-09-13,Resi Pölking,OIC,OIC Thumb-Tacks,Consumer,Office Supplies,Fasteners,West,98103,Seattle,Washington,United States,0.0,2.679,5,5.7,0.47
US-2020-142769,2019-09-13,2019-09-13,Resi Pölking,Xerox,Xerox 1942,Consumer,Office Supplies,Paper,West,98103,Seattle,Washington,United States,0.0,24.47,1,48.94,0.5
US-2020-142769,2019-09-13,2019-09-13,Resi Pölking,Acme,Acme Value Line Scissors,Consumer,Office Supplies,Supplies,West,98103,Seattle,Washington,United States,0.0,2.19,2,7.3,0.3
US-2020-142769,2019-09-13,2019-09-13,Resi Pölking,WD My Passport,WD My Passport Ultra 500GB Portable External Hard Drive,Consumer,Technology,Accessories,West,98103,Seattle,Washington,United States,0.0,20.06,2,118.0,0.17
US-2020-142769,2019-09-13,2019-09-13,Resi Pölking,Logitech,Logitech Wireless Performance Mouse MX for PC and Mac,Consumer,Technology,Accessories,West,98103,Seattle,Washington,United States,0.0,75.9924,2,199.98,0.38
US-2020-142769,2019-09-13,2019-09-13,Resi Pölking,Memorex,Memorex Mini Travel Drive 64 GB USB 2.0 Flash Drive,Consumer,Technology,Accessories,West,98103,Seattle,Washington,United States,0.0,60.8832,4,144.96,0.42
US-2020-145212,2019-09-13,2019-09-19,Dan Campbell,Newell,Newell 322,Consumer,Office Supplies,Art,East,10011,New York City,New York,United States,0.0,1.4742,3,5.46,0.27
US-2020-156216,2019-09-13,2019-09-17,Erin Ashbrook,GBC,GBC Instant Index System for Binding Systems,Corporate,Office Supplies,Binders,South,28205,Charlotte,North Carolina,United States,0.7,-12.432,7,18.648,-0.666666667
US-2020-100853,2019-09-14,2019-09-19,Jennifer Braxton,Kensington,Kensington 7 Outlet MasterPiece HOMEOFFICE Power Control Center,Corporate,Office Supplies,Appliances,Central,60623,Chicago,Illinois,United States,0.8,-131.12,2,52.448,-2.5
US-2020-100853,2019-09-14,2019-09-19,Jennifer Braxton,Avery,Avery 51,Corporate,Office Supplies,Labels,Central,60623,Chicago,Illinois,United States,0.2,6.552,4,20.16,0.325
US-2020-113362,2019-09-14,2019-09-19,Astrea Jones,Other,Colored Envelopes,Consumer,Office Supplies,Envelopes,East,14609,Rochester,New York,United States,0.0,5.0922,3,11.07,0.46
US-2020-113362,2019-09-14,2019-09-19,Astrea Jones,Fellowes,Fellowes Officeware Wire Shelving,Consumer,Office Supplies,Storage,East,14609,Rochester,New York,United States,0.0,8.983,5,449.15,0.02
US-2020-127635,2019-09-14,2019-09-18,Scott Cohen,Other,Stacking Trays by OIC,Corporate,Furniture,Furnishings,Central,78415,Corpus Christi,Texas,United States,0.6,-6.723,5,9.96,-0.675
US-2020-127635,2019-09-14,2019-09-18,Scott Cohen,Other,Trimflex Flexible Post Binders,Corporate,Office Supplies,Binders,Central,78415,Corpus Christi,Texas,United States,0.8,-13.6832,2,8.552,-1.6
US-2020-127635,2019-09-14,2019-09-18,Scott Cohen,Other,Revere Boxed Rubber Bands by Revere,Corporate,Office Supplies,Fasteners,Central,78415,Corpus Christi,Texas,United States,0.2,-1.3608,4,6.048,-0.225
US-2020-127635,2019-09-14,2019-09-18,Scott Cohen,Xerox,Xerox 1900,Corporate,Office Supplies,Paper,Central,78415,Corpus Christi,Texas,United States,0.2,2.14,2,6.848,0.3125
US-2020-145576,2019-09-14,2019-09-18,Cynthia Arntzen,Advantus,Advantus Panel Wall Acrylic Frame,Consumer,Furniture,Furnishings,South,33614,Tampa,Florida,United States,0.2,3.7743,3,13.128,0.2875
US-2020-145576,2019-09-14,2019-09-18,Cynthia Arntzen,Other,"Sanitaire Vibra Groomer IR Commercial Upright Vacuum, Replacement Belts",Consumer,Office Supplies,Appliances,South,33614,Tampa,Florida,United States,0.2,1.3,5,13.0,0.1
US-2020-159184,2019-09-14,2019-09-19,John Castell,Seth Thomas,"Seth Thomas 14"" Day/Date Wall Clock",Consumer,Furniture,Furnishings,South,31204,Macon,Georgia,United States,0.0,52.688,5,142.4,0.37
US-2020-159184,2019-09-14,2019-09-19,John Castell,Avery,Avery Poly Binder Pockets,Consumer,Office Supplies,Binders,South,31204,Macon,Georgia,United States,0.0,3.4368,2,7.16,0.48
US-2020-160766,2019-09-14,2019-09-14,Darrin Martin,KI,KI Adjustable-Height Table,Consumer,Furniture,Tables,East,10009,New York City,New York,United States,0.4,-108.3348,9,464.292,-0.233333333
US-2020-160766,2019-09-14,2019-09-14,Darrin Martin,Honeywell,Honeywell Enviracaire Portable HEPA Air Cleaner for 17' x 22' Room,Consumer,Office Supplies,Appliances,East,10009,New York City,New York,United States,0.0,198.429,2,601.3,0.33
US-2020-160766,2019-09-14,2019-09-14,Darrin Martin,Staple envelope,Staple envelope,Consumer,Office Supplies,Envelopes,East,10009,New York City,New York,United States,0.0,31.4916,7,68.46,0.46
US-2020-160766,2019-09-14,2019-09-14,Darrin Martin,Xerox,Xerox 198,Consumer,Office Supplies,Paper,East,10009,New York City,New York,United States,0.0,21.0654,9,44.82,0.47
US-2020-160766,2019-09-14,2019-09-14,Darrin Martin,Ativa,Ativa V4110MDD Micro-Cut Shredder,Consumer,Technology,Machines,East,10009,New York City,New York,United States,0.0,1371.9804,4,2799.96,0.49
US-2020-160766,2019-09-14,2019-09-14,Darrin Martin,Other,Vtech CS6719,Consumer,Technology,Phones,East,10009,New York City,New York,United States,0.0,80.6316,3,287.97,0.28
US-2020-160766,2019-09-14,2019-09-14,Darrin Martin,Other,Spigen Samsung Galaxy S5 Case Wallet,Consumer,Technology,Phones,East,10009,New York City,New York,United States,0.0,4.4174,1,16.99,0.26
US-2020-138100,2019-09-15,2019-09-20,Alex Avila,Master Caster,"Master Caster Door Stop, Large Neon Orange",Consumer,Furniture,Furnishings,East,10011,New York City,New York,United States,0.0,6.2608,2,14.56,0.43
US-2020-138100,2019-09-15,2019-09-20,Alex Avila,Easy-staple paper,Easy-staple paper,Consumer,Office Supplies,Paper,East,10011,New York City,New York,United States,0.0,7.0218,3,14.94,0.47
US-2020-149594,2019-09-15,2019-09-19,Monica Federle,Seth Thomas,"Seth Thomas 16"" Steel Case Clock",Corporate,Furniture,Furnishings,East,19120,Philadelphia,Pennsylvania,United States,0.2,16.8896,4,103.936,0.1625
US-2020-141152,2019-09-16,2019-09-19,Randy Ferguson,Avery,"Avery Trapezoid Extra Heavy Duty 4"" Binders",Corporate,Office Supplies,Binders,East,10024,New York City,New York,United States,0.2,12.582,1,33.552,0.375
US-2020-103940,2019-09-17,2019-09-21,Bradley Nguyen,Executive Impressions,"Executive Impressions 12"" Wall Clock",Consumer,Furniture,Furnishings,West,98103,Seattle,Washington,United States,0.0,13.4292,2,35.34,0.38
US-2020-103940,2019-09-17,2019-09-21,Bradley Nguyen,GBC,GBC Prestige Therm-A-Bind Covers,Consumer,Office Supplies,Binders,West,98103,Seattle,Washington,United States,0.2,46.3185,5,137.24,0.3375
US-2020-103940,2019-09-17,2019-09-21,Bradley Nguyen,Eldon,Eldon ProFile File 'N Store Portable File Tub Letter/Legal Size Black,Consumer,Office Supplies,Storage,West,98103,Seattle,Washington,United States,0.0,16.2204,3,57.93,0.28
US-2020-103940,2019-09-17,2019-09-21,Bradley Nguyen,Eldon,Eldon Gobal File Keepers,Consumer,Office Supplies,Storage,West,98103,Seattle,Washington,United States,0.0,1.2112,2,30.28,0.04
US-2020-112851,2019-09-17,2019-09-21,Nick Radford,Tyvek,"Tyvek Interoffice Envelopes, 9 1/2"" x 12 1/2"", 100/Box",Consumer,Office Supplies,Envelopes,West,91911,Chula Vista,California,United States,0.0,85.9818,3,182.94,0.47
US-2020-117170,2019-09-17,2019-09-24,Kean Takahito,Xerox,Xerox 1924,Consumer,Office Supplies,Paper,South,27604,Raleigh,North Carolina,United States,0.2,1.6762,1,4.624,0.3625
US-2020-117170,2019-09-17,2019-09-24,Kean Takahito,Logitech,Logitech Trackman Marble Mouse,Consumer,Technology,Accessories,South,27604,Raleigh,North Carolina,United States,0.2,13.1956,2,47.984,0.275
US-2020-131947,2019-09-17,2019-09-22,Joseph Airdo,Boston,Boston 16701 Slimline Battery Pencil Sharpener,Consumer,Office Supplies,Art,West,97477,Springfield,Oregon,United States,0.2,4.782,3,38.256,0.125
US-2020-131947,2019-09-17,2019-09-22,Joseph Airdo,Newell,Newell 313,Consumer,Office Supplies,Art,West,97477,Springfield,Oregon,United States,0.2,0.4592,2,5.248,0.0875
US-2020-131947,2019-09-17,2019-09-22,Joseph Airdo,Other,Riverleaf Stik-Withit Designer Note Cubes,Consumer,Office Supplies,Paper,West,97477,Springfield,Oregon,United States,0.2,13.078,5,40.24,0.325
US-2020-131947,2019-09-17,2019-09-22,Joseph Airdo,Xerox,Xerox 1960,Consumer,Office Supplies,Paper,West,97477,Springfield,Oregon,United States,0.2,46.47,6,148.704,0.3125
US-2020-131947,2019-09-17,2019-09-22,Joseph Airdo,Verbatim,"Verbatim 25 GB 6x Blu-ray Single Layer Recordable Disc, 3/Pack",Consumer,Technology,Accessories,West,97477,Springfield,Oregon,United States,0.2,16.776,10,55.92,0.3
US-2020-131947,2019-09-17,2019-09-22,Joseph Airdo,Plantronics,Plantronics Single Ear Headset,Consumer,Technology,Machines,West,97477,Springfield,Oregon,United States,0.7,-21.945,5,29.925,-0.733333333
US-2020-158638,2019-09-17,2019-09-21,Anthony Garverick,Acco,"Acco Pressboard Covers with Storage Hooks, 14 7/8"" x 11"", Light Blue",Home Office,Office Supplies,Binders,East,19120,Philadelphia,Pennsylvania,United States,0.7,-4.1244,4,5.892,-0.7
US-2020-106992,2019-09-19,2019-09-21,Sean Braxton,Other,Lexmark MX611dhe Monochrome Laser Printer,Corporate,Technology,Machines,Central,77036,Houston,Texas,United States,0.4,-509.997,3,3059.982,-0.166666667
US-2020-106992,2019-09-19,2019-09-21,Sean Braxton,Xerox,Xerox WorkCentre 6505DN Laser Multifunction Printer,Corporate,Technology,Machines,Central,77036,Houston,Texas,United States,0.4,-251.9958,7,2519.958,-0.1
US-2020-127299,2019-09-19,2019-09-24,John Lee,Other,Project Tote Personal File,Consumer,Office Supplies,Storage,South,28205,Charlotte,North Carolina,United States,0.2,7.5762,6,67.344,0.1125
US-2020-127299,2019-09-19,2019-09-24,John Lee,Hewlett-Packard,"HP Designjet T520 Inkjet Large Format Printer - 24"" Color",Consumer,Technology,Machines,South,28205,Charlotte,North Carolina,United States,0.5,-944.9946,3,2624.985,-0.36
US-2020-132787,2019-09-19,2019-09-23,Mike Caudle,Decoflex,"Decoflex Hanging Personal Folder File, Blue",Corporate,Office Supplies,Storage,West,98115,Seattle,Washington,United States,0.0,24.9804,6,92.52,0.27
US-2020-138177,2019-09-19,2019-09-24,Neil Ducich,Hon,Hon 2111 Invitation Series Straight Table,Corporate,Furniture,Tables,West,85224,Chandler,Arizona,United States,0.5,-45.8273,1,73.915,-0.62
US-2020-156601,2019-09-19,2019-09-24,Frank Atkinson,Other,OIC Binder Clips,Corporate,Office Supplies,Fasteners,West,90805,Long Beach,California,United States,0.0,3.58,2,7.16,0.5
US-2020-159849,2019-09-19,2019-09-19,Jim Kriz,Other,Revere Boxed Rubber Bands by Revere,Home Office,Office Supplies,Fasteners,West,94110,San Francisco,California,United States,0.0,0.1134,3,5.67,0.02
US-2020-168130,2019-09-19,2019-09-19,Bill Shonely,Hon,Hon Olson Stacker Stools,Corporate,Furniture,Chairs,East,10011,New York City,New York,United States,0.1,177.4206,7,887.103,0.2
US-2020-120411,2019-09-20,2019-09-23,Sarah Brown,Bush,"Bush Heritage Pine Collection 5-Shelf Bookcase, Albany Pine Finish, *Special Order",Consumer,Furniture,Bookcases,Central,60653,Chicago,Illinois,United States,0.3,-70.49,5,493.43,-0.142857143
US-2020-120411,2019-09-20,2019-09-23,Sarah Brown,Other,QVS USB Car Charger 2-Port 2.1Amp for iPod/iPhone/iPad/iPad 2/iPad 3,Consumer,Technology,Phones,Central,60653,Chicago,Illinois,United States,0.2,3.475,2,11.12,0.3125
US-2020-125997,2019-09-20,2019-09-23,Mitch Webber,DMI,DMI Eclipse Executive Suite Bookcases,Consumer,Furniture,Bookcases,East,10011,New York City,New York,United States,0.2,-10.0196,2,801.568,-0.0125
US-2020-125997,2019-09-20,2019-09-23,Mitch Webber,Global,Global Leather Executive Chair,Consumer,Furniture,Chairs,East,10011,New York City,New York,United States,0.1,140.396,2,631.782,0.222222222
US-2020-125997,2019-09-20,2019-09-23,Mitch Webber,Euro Pro,Euro-Pro Shark Turbo Vacuum,Consumer,Office Supplies,Appliances,East,10011,New York City,New York,United States,0.0,8.0548,1,30.98,0.26
US-2020-125997,2019-09-20,2019-09-23,Mitch Webber,Avery,Avery 485,Consumer,Office Supplies,Labels,East,10011,New York City,New York,United States,0.0,35.3346,6,75.18,0.47
US-2020-125997,2019-09-20,2019-09-23,Mitch Webber,Panasonic,Panasonic KX-TG9541B DECT 6.0 Digital 2-Line Expandable Cordless Phone With Digital Answering System,Consumer,Technology,Phones,East,10011,New York City,New York,United States,0.0,661.4559,9,1349.91,0.49
US-2020-125997,2019-09-20,2019-09-23,Mitch Webber,Other,Ooma Telo VoIP Home Phone System,Consumer,Technology,Phones,East,10011,New York City,New York,United States,0.0,157.4875,5,629.95,0.25
US-2020-126480,2019-09-20,2019-09-24,Henry Goldwyn,Xerox,Xerox 1900,Corporate,Office Supplies,Paper,West,92024,San Diego,California,United States,0.0,3.852,2,8.56,0.45
US-2020-133704,2019-09-20,2019-09-26,Michelle Arnett,Staple holder,Staple holder,Home Office,Office Supplies,Appliances,West,90004,Los Angeles,California,United States,0.0,11.8584,4,43.92,0.27
US-2020-133704,2019-09-20,2019-09-26,Michelle Arnett,Ibico,Ibico Plastic and Wire Spiral Binding Combs,Home Office,Office Supplies,Binders,West,90004,Los Angeles,California,United States,0.2,6.5754,3,20.232,0.325
US-2020-134614,2019-09-20,2019-09-25,Philip Fox,Bevis,Bevis 44 x 96 Conference Tables,Consumer,Furniture,Tables,Central,61701,Bloomington,Illinois,United States,0.5,-407.682,6,617.7,-0.66
US-2020-151953,2019-09-20,2019-09-25,Dorothy Badders,Other,Nontoxic Chalk,Corporate,Office Supplies,Art,South,32216,Jacksonville,Florida,United States,0.2,0.9856,2,2.816,0.35
US-2020-156433,2019-09-20,2019-09-26,Erica Smith,Avery,Avery 499,Consumer,Office Supplies,Labels,West,94110,San Francisco,California,United States,0.0,4.5816,2,9.96,0.46
US-2020-156433,2019-09-20,2019-09-26,Erica Smith,Wirebound,"Wirebound Message Book, 4 per Page",Consumer,Office Supplies,Paper,West,94110,San Francisco,California,United States,0.0,10.6428,4,21.72,0.49
US-2020-166744,2019-09-20,2019-09-24,Duane Noonan,O'Sullivan,O'Sullivan Living Dimensions 2-Shelf Bookcases,Consumer,Furniture,Bookcases,East,21044,Columbia,Maryland,United States,0.0,36.294,3,362.94,0.1
US-2020-166744,2019-09-20,2019-09-24,Duane Noonan,C-Line,"C-Line Cubicle Keepers Polyproplyene Holder w/Velcro Back, 8-1/2x11, 25/Bx",Consumer,Furniture,Furnishings,East,21044,Columbia,Maryland,United States,0.0,50.9082,3,164.22,0.31
US-2020-166744,2019-09-20,2019-09-24,Duane Noonan,Logitech,Logitech 910-002974 M325 Wireless Mouse for Web Scrolling,Consumer,Technology,Accessories,East,21044,Columbia,Maryland,United States,0.0,26.3912,2,59.98,0.44
US-2020-117478,2019-09-21,2019-09-24,Larry Hughes,Angle-D,"Angle-D Binders with Locking Rings, Label Holders",Consumer,Office Supplies,Binders,East,19140,Philadelphia,Pennsylvania,United States,0.7,-5.037,3,6.57,-0.766666667
US-2020-124513,2019-09-21,2019-09-25,Sara Luxemburg,Boston,Boston 16801 Nautilus Battery Pencil Sharpener,Home Office,Office Supplies,Art,East,10011,New York City,New York,United States,0.0,17.1678,3,66.03,0.26
US-2020-125514,2019-09-21,2019-09-22,Brian Moss,Fellowes,Fellowes Basic Home/Office Series Surge Protectors,Corporate,Office Supplies,Appliances,Central,68104,Omaha,Nebraska,United States,0.0,7.5284,2,25.96,0.29
US-2020-125514,2019-09-21,2019-09-22,Brian Moss,Acco,Acco 6 Outlet Guardian Standard Surge Suppressor,Corporate,Office Supplies,Appliances,Central,68104,Omaha,Nebraska,United States,0.0,10.881,3,36.27,0.3
US-2020-125514,2019-09-21,2019-09-22,Brian Moss,Xerox,Xerox 224,Corporate,Office Supplies,Paper,Central,68104,Omaha,Nebraska,United States,0.0,3.1104,1,6.48,0.48
US-2020-135972,2019-09-21,2019-09-23,Jack Garza,Canon,Canon PC1080F Personal Copier,Consumer,Technology,Copiers,West,98198,Des Moines,Washington,United States,0.0,701.9883,3,1799.97,0.39
US-2020-135972,2019-09-21,2019-09-23,Jack Garza,Nortel,Nortel Meridian M3904 Professional Digital phone,Consumer,Technology,Phones,West,98198,Des Moines,Washington,United States,0.2,27.7182,2,246.384,0.1125
US-2020-153969,2019-09-21,2019-09-25,Herbert Flentye,Newell,Newell 34,Consumer,Office Supplies,Art,West,94109,San Francisco,California,United States,0.0,15.4752,3,59.52,0.26
US-2020-153969,2019-09-21,2019-09-25,Herbert Flentye,Staple envelope,Staple envelope,Consumer,Office Supplies,Envelopes,West,94109,San Francisco,California,United States,0.0,7.3132,2,15.56,0.47
US-2020-153969,2019-09-21,2019-09-25,Herbert Flentye,Other,"#10 White Business Envelopes,4 1/8 x 9 1/2",Consumer,Office Supplies,Envelopes,West,94109,San Francisco,California,United States,0.0,36.8245,5,78.35,0.47
US-2020-153969,2019-09-21,2019-09-25,Herbert Flentye,Xerox 1971,Xerox 1971,Consumer,Office Supplies,Paper,West,94109,San Francisco,California,United States,0.0,17.334,9,38.52,0.45
US-2020-153969,2019-09-21,2019-09-25,Herbert Flentye,Wirebound,"Wirebound Four 2-3/4 x 5 Forms per Page, 400 Sets per Book",Consumer,Office Supplies,Paper,West,94109,San Francisco,California,United States,0.0,9.4815,3,19.35,0.49
US-2020-153969,2019-09-21,2019-09-25,Herbert Flentye,Polycom,Polycom CX300 Desktop Phone USB VoIP phone,Consumer,Technology,Phones,West,94109,San Francisco,California,United States,0.2,23.9984,2,239.984,0.1
US-2020-166310,2019-09-21,2019-09-23,Joni Sundaresam,Dana,Dana Swing-Arm Lamps,Home Office,Furniture,Furnishings,Central,75043,Garland,Texas,United States,0.6,-7.476,2,8.544,-0.875
US-2020-168823,2019-09-21,2019-09-24,Matt Abelman,Staple-on labels,Staple-on labels,Home Office,Office Supplies,Labels,East,19143,Philadelphia,Pennsylvania,United States,0.2,7.0227,9,20.808,0.3375
US-2020-168823,2019-09-21,2019-09-24,Matt Abelman,Other,"While You Were Out Pads, 50 per Pad, 4 x 5 1/4, Green Cycle",Home Office,Office Supplies,Paper,East,19143,Philadelphia,Pennsylvania,United States,0.2,4.1151,3,11.352,0.3625
US-2020-103191,2019-09-22,2019-09-27,Vivek Grady,SAFCO,"SAFCO Commercial Wire Shelving, Black",Corporate,Office Supplies,Storage,Central,60653,Chicago,Illinois,United States,0.2,-82.884,3,331.536,-0.25
US-2020-127488,2019-09-22,2019-09-24,Maribeth Schnelling,Avery,Avery File Folder Labels,Consumer,Office Supplies,Labels,South,33433,Boca Raton,Florida,United States,0.2,1.6704,2,4.608,0.3625
US-2020-156160,2019-09-22,2019-09-29,Adam Shillingsburg,Office Star,Office Star - Mid Back Dual function Ergonomic High Back Chair with 2-Way Adjustable Arms,Consumer,Furniture,Chairs,East,10035,New York City,New York,United States,0.1,83.7096,4,579.528,0.144444444
US-2020-156160,2019-09-22,2019-09-29,Adam Shillingsburg,Other,"Computer Room Manger, 14""",Consumer,Furniture,Furnishings,East,10035,New York City,New York,United States,0.0,35.0784,3,97.44,0.36
US-2020-156160,2019-09-22,2019-09-29,Adam Shillingsburg,Avery,"Avery Hi-Liter GlideStik Fluorescent Highlighter, Yellow Ink",Consumer,Office Supplies,Art,East,10035,New York City,New York,United States,0.0,5.7376,4,13.04,0.44
US-2020-156160,2019-09-22,2019-09-29,Adam Shillingsburg,Cardinal,Cardinal Holdit Business Card Pockets,Consumer,Office Supplies,Binders,East,10035,New York City,New York,United States,0.2,1.3944,1,3.984,0.35
US-2020-158225,2019-09-22,2019-09-28,Sanjit Engle,Other,"File Shuttle II and Handi-File, Black",Consumer,Office Supplies,Storage,West,95123,San Jose,California,United States,0.0,42.3625,5,169.45,0.25
US-2020-158225,2019-09-22,2019-09-28,Sanjit Engle,Tennsco,Tennsco Commercial Shelving,Consumer,Office Supplies,Storage,West,95123,San Jose,California,United States,0.0,0.4068,2,40.68,0.01
US-2020-113964,2019-09-23,2019-09-30,Julie Prescott,Avery,Avery Binding System Hidden Tab Executive Style Index Sets,Home Office,Office Supplies,Binders,East,10011,New York City,New York,United States,0.2,6.924,4,18.464,0.375
US-2020-116904,2019-09-23,2019-09-28,Sanjit Chand,GBC,GBC Instant Report Kit,Consumer,Office Supplies,Binders,Central,55407,Minneapolis,Minnesota,United States,0.0,6.47,2,12.94,0.5
US-2020-116904,2019-09-23,2019-09-28,Sanjit Chand,Ibico,Ibico EPK-21 Electric Binding System,Consumer,Office Supplies,Binders,Central,55407,Minneapolis,Minnesota,United States,0.0,4630.4755,5,9449.95,0.49
US-2020-116904,2019-09-23,2019-09-28,Sanjit Chand,Xerox,Xerox 217,Consumer,Office Supplies,Paper,Central,55407,Minneapolis,Minnesota,United States,0.0,15.552,5,32.4,0.48
US-2020-116904,2019-09-23,2019-09-28,Sanjit Chand,Carina,Carina Double Wide Media Storage Towers in Natural & Black,Consumer,Office Supplies,Storage,Central,55407,Minneapolis,Minnesota,United States,0.0,16.196,5,404.9,0.04
US-2020-134733,2019-09-23,2019-09-28,Brian Moss,Rush,"Rush Hierlooms Collection 1"" Thick Stackable Bookcases",Corporate,Furniture,Bookcases,West,92037,San Diego,California,United States,0.15,20.5176,3,435.999,0.047058824
US-2020-134733,2019-09-23,2019-09-28,Brian Moss,Other,netTALK DUO VoIP Telephone Service,Corporate,Technology,Phones,West,92037,San Diego,California,United States,0.2,31.494,2,83.984,0.375
US-2020-147900,2019-09-23,2019-09-28,Jim Kriz,Other,EcoTones Memo Sheets,Home Office,Office Supplies,Paper,East,44107,Lakewood,Ohio,United States,0.2,10.08,9,28.8,0.35
US-2020-148369,2019-09-23,2019-09-27,Thea Hudgings,Wilson Jones,Wilson Jones Suede Grain Vinyl Binders,Corporate,Office Supplies,Binders,East,19711,Newark,Delaware,United States,0.0,5.4488,4,11.12,0.49
US-2020-163559,2019-09-23,2019-09-28,Shui Tom,Avery,Avery Arch Ring Binders,Consumer,Office Supplies,Binders,East,10035,New York City,New York,United States,0.2,47.061,3,139.44,0.3375
US-2020-163650,2019-09-23,2019-09-25,Thomas Thornton,Newell,Newell 351,Consumer,Office Supplies,Art,East,19901,Dover,Delaware,United States,0.0,2.8536,3,9.84,0.29
US-2020-163650,2019-09-23,2019-09-25,Thomas Thornton,Ibico,Ibico Covers for Plastic or Wire Binding Elements,Consumer,Office Supplies,Binders,East,19901,Dover,Delaware,United States,0.0,15.525,3,34.5,0.45
US-2020-123344,2019-09-24,2019-09-29,Julia Dunbar,Gould Plastics,"Gould Plastics 9-Pocket Panel Bin, 18-3/8w x 5-1/4d x 20-1/2h, Black",Consumer,Office Supplies,Storage,West,94109,San Francisco,California,United States,0.0,8.4784,4,211.96,0.04
US-2020-112914,2019-09-25,2019-09-30,Michelle Tran,O'Sullivan,O'Sullivan Living Dimensions 5-Shelf Bookcases,Home Office,Furniture,Bookcases,Central,77041,Houston,Texas,United States,0.32,-97.2312,2,300.5328,-0.323529412
US-2020-112914,2019-09-25,2019-09-30,Michelle Tran,Avery,Avery Self-Adhesive Photo Pockets for Polaroid Photos,Home Office,Office Supplies,Binders,Central,77041,Houston,Texas,United States,0.8,-4.3584,2,2.724,-1.6
US-2020-112914,2019-09-25,2019-09-30,Michelle Tran,Poly,Poly String Tie Envelopes,Home Office,Office Supplies,Envelopes,Central,77041,Houston,Texas,United States,0.2,1.1016,2,3.264,0.3375
US-2020-112914,2019-09-25,2019-09-30,Michelle Tran,Xerox,Xerox 1954,Home Office,Office Supplies,Paper,Central,77041,Houston,Texas,United States,0.2,10.56,8,33.792,0.3125
US-2020-141355,2019-09-25,2019-09-30,Barry Franz,Dixon,Dixon Ticonderoga Core-Lock Colored Pencils,Home Office,Office Supplies,Art,West,80013,Aurora,Colorado,United States,0.2,2.3686,2,14.576,0.1625
US-2020-115049,2019-09-26,2019-10-01,Michael Moore,Maxell,"Maxell Pro 80 Minute CD-R, 10/Pack",Consumer,Technology,Accessories,Central,60623,Chicago,Illinois,United States,0.2,38.456,11,153.824,0.25
US-2020-115133,2019-09-26,2019-09-30,Dianna Arnett,Hoover,Hoover Commercial Lightweight Upright Vacuum,Home Office,Office Supplies,Appliances,East,43130,Lancaster,Ohio,United States,0.2,1.2528,6,16.704,0.075
US-2020-115133,2019-09-26,2019-09-30,Dianna Arnett,Message Book,"Message Book, Wirebound, Four 5 1/2"" X 4"" Forms/Pg., 200 Dupl. Sets/Book",Home Office,Office Supplies,Paper,East,43130,Lancaster,Ohio,United States,0.2,11.1024,4,32.896,0.3375
US-2020-115133,2019-09-26,2019-09-30,Dianna Arnett,Maxell,Maxell CD-R Discs,Home Office,Technology,Accessories,East,43130,Lancaster,Ohio,United States,0.2,0.4728,2,3.152,0.15
US-2020-127586,2019-09-26,2019-09-30,Christopher Schild,Other,"Dual Level, Single-Width Filing Carts",Home Office,Office Supplies,Storage,West,98115,Seattle,Washington,United States,0.0,80.6312,2,310.12,0.26
US-2020-132451,2019-09-26,2019-09-27,Karen Ferguson,Hon,"Hon Deluxe Fabric Upholstered Stacking Chairs, Rounded Back",Home Office,Furniture,Chairs,West,92105,San Diego,California,United States,0.2,73.194,3,585.552,0.125
US-2020-132451,2019-09-26,2019-09-27,Karen Ferguson,Xerox,Xerox 217,Home Office,Office Supplies,Paper,West,92105,San Diego,California,United States,0.0,9.3312,3,19.44,0.48
US-2020-144974,2019-09-26,2019-09-30,Craig Molinari,DAX,DAX Black Cherry Wood-Tone Poster Frame,Corporate,Furniture,Furnishings,East,19140,Philadelphia,Pennsylvania,United States,0.2,4.7664,1,21.184,0.225
US-2020-144974,2019-09-26,2019-09-30,Craig Molinari,Acco,"Acco Six-Outlet Power Strip, 4' Cord Length",Corporate,Office Supplies,Appliances,East,19140,Philadelphia,Pennsylvania,United States,0.2,3.1032,6,41.376,0.075
US-2020-144974,2019-09-26,2019-09-30,Craig Molinari,Avery,"Avery Durable Slant Ring Binders, No Labels",Corporate,Office Supplies,Binders,East,19140,Philadelphia,Pennsylvania,United States,0.7,-4.577,5,5.97,-0.766666667
US-2020-151925,2019-09-26,2019-10-01,Kean Takahito,Other,"Leather Task Chair, Black",Consumer,Furniture,Chairs,West,90049,Los Angeles,California,United States,0.2,0.0,2,145.568,0.0
US-2020-152723,2019-09-26,2019-09-26,Henry Goldwyn,Acco,Acco 3-Hole Punch,Corporate,Office Supplies,Binders,Central,75150,Mesquite,Texas,United States,0.8,-1.4016,1,0.876,-1.6
US-2020-164385,2019-09-26,2019-10-01,Nicole Brennan,Belkin,Belkin 8 Outlet SurgeMaster II Gold Surge Protector,Corporate,Office Supplies,Appliances,East,19134,Philadelphia,Pennsylvania,United States,0.2,14.3952,3,143.952,0.1
US-2020-120887,2019-09-27,2019-10-03,Thomas Seio,Deflect-o,"Deflect-o SuperTray Unbreakable Stackable Tray, Letter, Black",Corporate,Furniture,Furnishings,East,7601,Hackensack,New Jersey,United States,0.0,37.6422,3,87.54,0.43
US-2020-133130,2019-09-27,2019-10-01,Thea Hendricks,DMI,DMI Arturo Collection Mission-style Design Wood Chair,Consumer,Furniture,Chairs,West,92037,San Diego,California,United States,0.2,45.294,5,603.92,0.075
US-2020-133130,2019-09-27,2019-10-01,Thea Hendricks,Xerox,Xerox 1919,Consumer,Office Supplies,Paper,West,92037,San Diego,California,United States,0.0,40.1702,2,81.98,0.49
US-2020-107153,2019-09-28,2019-10-03,George Zrebassa,Decoflex,"Decoflex Hanging Personal Folder File, Blue",Corporate,Office Supplies,Storage,East,1841,Lawrence,Massachusetts,United States,0.0,12.4902,3,46.26,0.27
US-2020-114335,2019-09-28,2019-10-03,Xylona Preis,Deflect-o,Deflect-o DuraMat Antistatic Studded Beveled Mat for Medium Pile Carpeting,Consumer,Furniture,Furnishings,South,33021,Hollywood,Florida,United States,0.2,16.8544,4,337.088,0.05
US-2020-125136,2019-09-28,2019-10-03,Keith Dawkins,Other,White GlueTop Scratch Pads,Corporate,Office Supplies,Paper,South,28314,Fayetteville,North Carolina,United States,0.2,31.2832,8,96.256,0.325
US-2020-125136,2019-09-28,2019-10-03,Keith Dawkins,Xerox,Xerox 195,Corporate,Office Supplies,Paper,South,28314,Fayetteville,North Carolina,United States,0.2,3.7408,2,10.688,0.35
US-2020-111962,2019-09-29,2019-10-04,Evan Bailliet,GBC,GBC Standard Plastic Binding Systems' Combs,Consumer,Office Supplies,Binders,West,98115,Seattle,Washington,United States,0.2,3.14,2,10.048,0.3125
US-2020-111962,2019-09-29,2019-10-04,Evan Bailliet,Fellowes,Fellowes Super Stor/Drawer Files,Consumer,Office Supplies,Storage,West,98115,Seattle,Washington,United States,0.0,153.4725,5,807.75,0.19
US-2020-122931,2019-09-29,2019-10-03,Suzanne McNair,Hon,Hon 4060 Series Tables,Corporate,Furniture,Tables,East,19134,Philadelphia,Pennsylvania,United States,0.4,-20.1528,1,67.176,-0.3
US-2020-122931,2019-09-29,2019-10-03,Suzanne McNair,Hon,"Hon 30"" x 60"" Table with Locking Drawer",Corporate,Furniture,Tables,East,19134,Philadelphia,Pennsylvania,United States,0.4,-81.8544,2,409.272,-0.2
US-2020-122931,2019-09-29,2019-10-03,Suzanne McNair,Other,Nontoxic Chalk,Corporate,Office Supplies,Art,East,19134,Philadelphia,Pennsylvania,United States,0.2,1.4784,3,4.224,0.35
US-2020-122931,2019-09-29,2019-10-03,Suzanne McNair,Other,"Permanent Self-Adhesive File Folder Labels for Typewriters, 1 1/8 x 3 1/2, White",Corporate,Office Supplies,Labels,East,19134,Philadelphia,Pennsylvania,United States,0.2,18.018,11,55.44,0.325
US-2020-122931,2019-09-29,2019-10-03,Suzanne McNair,Southworth,Southworth Parchment Paper & Envelopes,Corporate,Office Supplies,Paper,East,19134,Philadelphia,Pennsylvania,United States,0.2,6.8016,4,20.928,0.325
US-2020-122931,2019-09-29,2019-10-03,Suzanne McNair,Tennsco,Tennsco Single-Tier Lockers,Corporate,Office Supplies,Storage,East,19134,Philadelphia,Pennsylvania,United States,0.2,-337.806,6,1801.632,-0.1875
US-2020-124856,2019-09-29,2019-10-03,Lisa DeCherney,Seth Thomas,"Seth Thomas 14"" Putty-Colored Wall Clock",Consumer,Furniture,Furnishings,East,10011,New York City,New York,United States,0.0,36.3816,4,117.36,0.31
US-2020-124856,2019-09-29,2019-10-03,Lisa DeCherney,Avery,Avery 48,Consumer,Office Supplies,Labels,East,10011,New York City,New York,United States,0.0,8.694,3,18.9,0.46
US-2020-124856,2019-09-29,2019-10-03,Lisa DeCherney,Other,White Computer Printout Paper by Universal,Consumer,Office Supplies,Paper,East,10011,New York City,New York,United States,0.0,37.9848,2,77.52,0.49
US-2020-124856,2019-09-29,2019-10-03,Lisa DeCherney,Other,"Dual Level, Single-Width Filing Carts",Consumer,Office Supplies,Storage,East,10011,New York City,New York,United States,0.0,362.8404,9,1395.54,0.26
US-2020-126683,2019-09-29,2019-10-01,Paul Prost,Other,Longer-Life Soft White Bulbs,Home Office,Furniture,Furnishings,West,98115,Seattle,Washington,United States,0.0,2.9568,2,6.16,0.48
US-2020-126683,2019-09-29,2019-10-01,Paul Prost,Bevis,"Bevis Oval Conference Table, Walnut",Home Office,Furniture,Tables,West,98115,Seattle,Washington,United States,0.0,399.2994,9,2348.82,0.17
US-2020-146969,2019-09-29,2019-10-03,Arthur Prichep,Luxo,Luxo Professional Combination Clamp-On Lamps,Consumer,Furniture,Furnishings,West,90045,Los Angeles,California,United States,0.0,53.196,2,204.6,0.26
US-2020-146969,2019-09-29,2019-10-03,Arthur Prichep,Stockwell,Stockwell Push Pins,Consumer,Office Supplies,Fasteners,West,90045,Los Angeles,California,United States,0.0,2.8776,4,8.72,0.33
US-2020-146969,2019-09-29,2019-10-03,Arthur Prichep,Xerox,Xerox 223,Consumer,Office Supplies,Paper,West,90045,Los Angeles,California,United States,0.0,3.1104,1,6.48,0.48
US-2020-146969,2019-09-29,2019-10-03,Arthur Prichep,Fellowes,"Fellowes Mobile File Cart, Black",Consumer,Office Supplies,Storage,West,90045,Los Angeles,California,United States,0.0,16.7886,1,62.18,0.27
US-2020-146969,2019-09-29,2019-10-03,Arthur Prichep,Other,Star Micronics TSP800 TSP847IIU Receipt Printer,Consumer,Technology,Machines,West,90045,Los Angeles,California,United States,0.2,223.054,2,686.32,0.325
US-2020-102008,2019-09-30,2019-10-04,Russell Applegate,Other,Tops Green Bar Computer Printout Paper,Consumer,Office Supplies,Paper,East,10011,New York City,New York,United States,0.0,24.47,1,48.94,0.5
US-2020-137351,2019-09-30,2019-10-04,Doug Bickford,DXL,DXL Angle-View Binders with Locking Rings by Samsill,Consumer,Office Supplies,Binders,West,98105,Seattle,Washington,United States,0.2,13.4925,7,43.176,0.3125
US-2020-140886,2019-09-30,2019-10-04,Kelly Williams,Holmes,Holmes Odor Grabber,Consumer,Office Supplies,Appliances,South,37042,Clarksville,Tennessee,United States,0.2,11.2476,6,69.216,0.1625
US-2020-141649,2019-09-30,2019-09-30,Dario Medina,Eureka,Eureka Sanitaire  Commercial Upright,Corporate,Office Supplies,Appliances,East,45014,Fairfield,Ohio,United States,0.2,59.6556,6,795.408,0.075
US-2020-159478,2019-09-30,2019-10-06,Maya Herman,Master Caster,"Master Caster Door Stop, Brown",Corporate,Furniture,Furnishings,East,10035,New York City,New York,United States,0.0,5.1816,3,15.24,0.34
US-2020-167633,2019-09-30,2019-10-05,Ben Wallace,Xerox,Xerox 217,Consumer,Office Supplies,Paper,South,33437,Boynton Beach,Florida,United States,0.2,5.4432,3,15.552,0.35
US-2020-132745,2019-10-01,2019-10-05,Neil Französisch,Alliance,Sterling Rubber Bands by Alliance,Home Office,Office Supplies,Fasteners,West,89502,Reno,Nevada,United States,0.0,0.0,1,4.71,0.0
US-2020-108189,2019-10-02,2019-10-05,Erin Smith,Other,Letter or Legal Size Expandable Poly String Tie Envelopes,Corporate,Office Supplies,Envelopes,West,85281,Tempe,Arizona,United States,0.2,4.6284,6,12.768,0.3625
US-2020-108189,2019-10-02,2019-10-05,Erin Smith,Other,Staples,Corporate,Office Supplies,Fasteners,West,85281,Tempe,Arizona,United States,0.2,1.46,2,4.672,0.3125
US-2020-108189,2019-10-02,2019-10-05,Erin Smith,Adams,"Adams Telephone Message Book W/Dividers/Space For Phone Numbers, 5 1/4""X8 1/2"", 300/Messages",Corporate,Office Supplies,Paper,West,85281,Tempe,Arizona,United States,0.2,3.4104,2,9.408,0.3625
US-2020-108189,2019-10-02,2019-10-05,Erin Smith,Other,Stiletto Hand Letter Openers,Corporate,Office Supplies,Supplies,West,85281,Tempe,Arizona,United States,0.2,-3.264,2,15.36,-0.2125
US-2020-108189,2019-10-02,2019-10-05,Erin Smith,Kingston,Kingston Digital DataTraveler 16GB USB 2.0,Corporate,Technology,Accessories,West,85281,Tempe,Arizona,United States,0.2,-0.0895,1,7.16,-0.0125
US-2020-108189,2019-10-02,2019-10-05,Erin Smith,Pyle,Pyle PMP37LED,Corporate,Technology,Phones,West,85281,Tempe,Arizona,United States,0.2,20.1579,3,230.376,0.0875
US-2020-108189,2019-10-02,2019-10-05,Erin Smith,Other,Bose SoundLink Bluetooth Speaker,Corporate,Technology,Phones,West,85281,Tempe,Arizona,United States,0.2,107.46,2,318.4,0.3375
US-2020-108903,2019-10-03,2019-10-03,Denny Ordway,Hunt,Hunt Boston Vacuum Mount KS Pencil Sharpener,Consumer,Office Supplies,Art,East,43229,Columbus,Ohio,United States,0.2,4.1988,2,55.984,0.075
US-2020-108903,2019-10-03,2019-10-03,Denny Ordway,Other,Convenience Packs of Business Envelopes,Consumer,Office Supplies,Envelopes,East,43229,Columbus,Ohio,United States,0.2,4.887,5,14.48,0.3375
US-2020-108903,2019-10-03,2019-10-03,Denny Ordway,Logitech,Logitech G105 Gaming Keyboard,Consumer,Technology,Accessories,East,43229,Columbus,Ohio,United States,0.2,-3.5622,3,142.488,-0.025
US-2020-120775,2019-10-03,2019-10-07,Russell D'Ascenzo,DAX,DAX Natural Wood-Tone Poster Frame,Consumer,Furniture,Furnishings,Central,75217,Dallas,Texas,United States,0.6,-19.0656,3,31.776,-0.6
US-2020-120775,2019-10-03,2019-10-07,Russell D'Ascenzo,Avery,Avery Hidden Tab Dividers for Binding Systems,Consumer,Office Supplies,Binders,Central,75217,Dallas,Texas,United States,0.8,-3.0396,3,1.788,-1.7
US-2020-120775,2019-10-03,2019-10-07,Russell D'Ascenzo,Alliance,Sterling Rubber Bands by Alliance,Consumer,Office Supplies,Fasteners,Central,75217,Dallas,Texas,United States,0.2,-3.768,4,15.072,-0.25
US-2020-120775,2019-10-03,2019-10-07,Russell D'Ascenzo,Other,Colored Push Pins,Consumer,Office Supplies,Fasteners,Central,75217,Dallas,Texas,United States,0.2,0.8688,3,4.344,0.2
US-2020-120775,2019-10-03,2019-10-07,Russell D'Ascenzo,Smead,Smead Alpha-Z Color-Coded Second Alphabetical Labels and Starter Set,Consumer,Office Supplies,Labels,Central,75217,Dallas,Texas,United States,0.2,1.7248,2,4.928,0.35
US-2020-153976,2019-10-03,2019-10-08,Beth Paige,Global,"Global High-Back Leather Tilter, Burgundy",Consumer,Furniture,Chairs,Central,60201,Evanston,Illinois,United States,0.3,-70.1043,3,258.279,-0.271428571
US-2020-155817,2019-10-03,2019-10-09,Sara Luxemburg,Dixon,DIXON Oriole Pencils,Home Office,Office Supplies,Art,South,27707,Durham,North Carolina,United States,0.2,0.4644,3,6.192,0.075
US-2020-155817,2019-10-03,2019-10-09,Sara Luxemburg,Advantus,Advantus Rolling Drawer Organizers,Home Office,Office Supplies,Storage,South,27707,Durham,North Carolina,United States,0.2,4.6176,2,61.568,0.075
US-2020-157882,2019-10-03,2019-10-08,Allen Rosenblatt,Global,"Global Deluxe Stacking Chair, Gray",Corporate,Furniture,Chairs,West,90036,Los Angeles,California,United States,0.2,13.7646,3,122.352,0.1125
US-2020-157882,2019-10-03,2019-10-08,Allen Rosenblatt,Bevis,Bevis Round Conference Room Tables and Bases,Corporate,Furniture,Tables,West,90036,Los Angeles,California,United States,0.2,3.5858,1,143.432,0.025
US-2020-102085,2019-10-04,2019-10-09,Joy Daniels,Avery,Avery 519,Consumer,Office Supplies,Labels,West,98115,Seattle,Washington,United States,0.0,13.7428,4,29.24,0.47
US-2020-153479,2019-10-04,2019-10-08,David Flashing,GBC,GBC Recycled Regency Composition Covers,Consumer,Office Supplies,Binders,West,94591,Vallejo,California,United States,0.2,31.0856,2,95.648,0.325
US-2020-153479,2019-10-04,2019-10-08,David Flashing,Avery,Avery 512,Consumer,Office Supplies,Labels,West,94591,Vallejo,California,United States,0.0,6.7915,5,14.45,0.47
US-2020-166891,2019-10-04,2019-10-06,Chris Cortes,Office Star,"Office Star - Contemporary Task Swivel chair with Loop Arms, Charcoal",Consumer,Furniture,Chairs,East,10024,New York City,New York,United States,0.1,-6.549,5,589.41,-0.011111111
US-2020-152233,2019-10-05,2019-10-06,Keith Herrera,Plantronics,Plantronics Audio 478 Stereo USB Headset,Consumer,Technology,Accessories,West,91767,Pomona,California,United States,0.0,34.993,2,99.98,0.35
US-2020-152422,2019-10-05,2019-10-10,Brian Derr,Belkin,Belkin F5C206VTEL 6 Outlet Surge,Consumer,Office Supplies,Appliances,East,43229,Columbus,Ohio,United States,0.2,11.49,5,91.92,0.125
US-2020-109680,2019-10-06,2019-10-09,Victoria Pisteka,Fellowes,Fellowes Staxonsteel Drawer Files,Corporate,Office Supplies,Storage,Central,46203,Indianapolis,Indiana,United States,0.0,54.0876,2,386.34,0.14
US-2020-110611,2019-10-06,2019-10-13,Joy Daniels,Tennsco,"Tennsco Lockers, Gray",Consumer,Office Supplies,Storage,East,19120,Philadelphia,Pennsylvania,United States,0.2,-13.637,5,83.92,-0.1625
US-2020-132542,2019-10-06,2019-10-08,Alice McCarthy,GBC,GBC VeloBinder Strips,Corporate,Office Supplies,Binders,Central,68104,Omaha,Nebraska,United States,0.0,7.68,2,15.36,0.5
US-2020-134677,2019-10-06,2019-10-10,Xylona Preis,Imation,Imation USB 2.0 Swivel Flash Drive USB flash drive - 4 GB - Pink,Consumer,Technology,Accessories,West,92024,San Diego,California,United States,0.0,1.9089,3,9.09,0.21
US-2020-117429,2019-10-07,2019-10-13,Mathew Reese,Seth Thomas,"Seth Thomas 16"" Steel Case Clock",Home Office,Furniture,Furnishings,East,19140,Philadelphia,Pennsylvania,United States,0.2,21.112,5,129.92,0.1625
US-2020-132801,2019-10-07,2019-10-12,John Grady,Fellowes,"Fellowes Personal Hanging Folder Files, Navy",Corporate,Office Supplies,Storage,Central,75217,Dallas,Texas,United States,0.2,10.744,10,107.44,0.1
US-2020-119977,2019-10-08,2019-10-13,Duane Noonan,Xerox,Xerox 197,Consumer,Office Supplies,Paper,East,10011,New York City,New York,United States,0.0,55.764,4,123.92,0.45
US-2020-142951,2019-10-08,2019-10-08,Jack Garza,Maxell,"Maxell 74 Minute CDR, 10/Pack",Consumer,Technology,Accessories,South,28205,Charlotte,North Carolina,United States,0.2,4.9878,3,23.472,0.2125
US-2020-137911,2019-10-09,2019-10-15,Bart Pistole,Other,"Eaton Premium Continuous-Feed Paper, 25% Cotton, Letter Size, White, 1000 Shts/Box",Corporate,Office Supplies,Paper,South,28540,Jacksonville,North Carolina,United States,0.2,31.0688,2,88.768,0.35
US-2020-138240,2019-10-09,2019-10-14,Shirley Jackson,Boston,Boston Heavy-Duty Trimline Electric Pencil Sharpeners,Consumer,Office Supplies,Art,West,94122,San Francisco,California,United States,0.0,41.934,3,144.6,0.29
US-2020-138240,2019-10-09,2019-10-14,Shirley Jackson,iOttie,iOttie HLCRIO102 Car Mount,Consumer,Technology,Phones,West,94122,San Francisco,California,United States,0.2,-2.9985,1,15.992,-0.1875
US-2020-103492,2019-10-10,2019-10-15,Craig Molinari,Avery,Avery Non-Stick Binders,Corporate,Office Supplies,Binders,Central,77340,Huntsville,Texas,United States,0.8,-1.5715,1,0.898,-1.75
US-2020-103492,2019-10-10,2019-10-15,Craig Molinari,GBC,GBC Personal VeloBind Strips,Corporate,Office Supplies,Binders,Central,77340,Huntsville,Texas,United States,0.8,-19.168,5,11.98,-1.6
US-2020-103492,2019-10-10,2019-10-15,Craig Molinari,Motorola,Motorola Droid Maxx,Corporate,Technology,Phones,Central,77340,Huntsville,Texas,United States,0.2,71.9952,6,719.952,0.1
US-2020-103492,2019-10-10,2019-10-15,Craig Molinari,Cisco,Cisco 8x8 Inc. 6753i IP Business Phone System,Corporate,Technology,Phones,Central,77340,Huntsville,Texas,United States,0.2,66.1451,7,755.944,0.0875
US-2020-105137,2019-10-10,2019-10-10,Richard Bierner,Premier,"Premier Elliptical Ring Binder, Black",Consumer,Office Supplies,Binders,East,43229,Columbus,Ohio,United States,0.7,-13.3936,2,18.264,-0.733333333
US-2020-105137,2019-10-10,2019-10-10,Richard Bierner,Hewlett-Packard,Hewlett-Packard Deskjet F4180 All-in-One Color Ink-jet - Printer / copier / scanner,Consumer,Technology,Machines,East,43229,Columbus,Ohio,United States,0.7,-71.3958,2,101.994,-0.7
US-2020-134054,2019-10-10,2019-10-10,Fred Chung,Dixon,"Dixon Ticonderoga Core-Lock Colored Pencils, 48-Color Set",Corporate,Office Supplies,Art,West,87105,Albuquerque,New Mexico,United States,0.0,112.574,7,255.85,0.44
US-2020-140403,2019-10-10,2019-10-10,Tanja Norvell,Global,"Global Deluxe Stacking Chair, Gray",Home Office,Furniture,Chairs,West,95336,Manteca,California,United States,0.2,13.7646,3,122.352,0.1125
US-2020-140403,2019-10-10,2019-10-10,Tanja Norvell,Other,"#10- 4 1/8"" x 9 1/2"" Security-Tint Envelopes",Home Office,Office Supplies,Envelopes,West,95336,Manteca,California,United States,0.0,7.4872,2,15.28,0.49
US-2020-150329,2019-10-10,2019-10-14,Shirley Daniels,Westinghouse,Westinghouse Clip-On Gooseneck Lamps,Home Office,Furniture,Furnishings,West,85023,Phoenix,Arizona,United States,0.2,3.5154,7,46.872,0.075
US-2020-114314,2019-10-11,2019-10-15,Dorothy Badders,Eldon,Eldon Pizzaz Desk Accessories,Corporate,Furniture,Furnishings,South,72701,Fayetteville,Arkansas,United States,0.0,3.9248,4,8.92,0.44
US-2020-114314,2019-10-11,2019-10-15,Dorothy Badders,Universal,Self-Adhesive Address Labels for Typewriters by Universal,Corporate,Office Supplies,Labels,South,72701,Fayetteville,Arkansas,United States,0.0,3.4357,1,7.31,0.47
US-2020-116834,2019-10-11,2019-10-16,Dean percer,DAX,DAX Cubicle Frames - 8x10,Home Office,Furniture,Furnishings,West,98115,Seattle,Washington,United States,0.0,19.041,11,63.47,0.3
US-2020-116834,2019-10-11,2019-10-16,Dean percer,WD My Passport,WD My Passport Ultra 1TB Portable External Hard Drive,Home Office,Technology,Accessories,West,98115,Seattle,Washington,United States,0.0,58.65,5,345.0,0.17
US-2020-126571,2019-10-11,2019-10-15,Jill Fjeld,Other,Airmail Envelopes,Consumer,Office Supplies,Envelopes,East,19120,Philadelphia,Pennsylvania,United States,0.2,67.9833,3,201.432,0.3375
US-2020-126571,2019-10-11,2019-10-15,Jill Fjeld,Fellowes,Fellowes High-Stak Drawer Files,Consumer,Office Supplies,Storage,East,19120,Philadelphia,Pennsylvania,United States,0.2,10.5714,2,281.904,0.0375
US-2020-128538,2019-10-11,2019-10-15,Alan Shonely,Other,"#10- 4 1/8"" x 9 1/2"" Security-Tint Envelopes",Consumer,Office Supplies,Envelopes,West,90278,Redondo Beach,California,United States,0.0,3.7436,1,7.64,0.49
US-2020-157924,2019-10-11,2019-10-13,Helen Andreada,Global,Global Enterprise Series Seating High-Back Swivel/Tilt Chairs,Consumer,Furniture,Chairs,West,91104,Pasadena,California,United States,0.2,-65.0352,2,433.568,-0.15
US-2020-157924,2019-10-11,2019-10-13,Helen Andreada,Iris,Iris Project Case,Consumer,Office Supplies,Storage,West,91104,Pasadena,California,United States,0.0,8.2992,4,31.92,0.26
US-2020-139451,2019-10-12,2019-10-16,Duane Noonan,Other,"Premium Writing Pencils, Soft, #2 by Central Association for the Blind",Consumer,Office Supplies,Art,West,94122,San Francisco,California,United States,0.0,4.172,5,14.9,0.28
US-2020-139451,2019-10-12,2019-10-16,Duane Noonan,Other,"Sortfiler Multipurpose Personal File Organizer, Black",Consumer,Office Supplies,Storage,West,94122,San Francisco,California,United States,0.0,6.2031,1,21.39,0.29
US-2020-154655,2019-10-12,2019-10-17,Barry Pond,Acme,"Acme Hot Forged Carbon Steel Scissors with Nickel-Plated Handles, 3 7/8"" Cut, 8""L",Corporate,Office Supplies,Supplies,Central,60623,Chicago,Illinois,United States,0.2,2.502,2,22.24,0.1125
US-2020-123316,2019-10-13,2019-10-17,Sibella Parks,Other,Recycled Pressboard Report Cover with Reinforced Top Hinge,Corporate,Office Supplies,Binders,East,10550,Mount Vernon,New York,United States,0.2,2.8101,3,7.752,0.3625
US-2020-132010,2019-10-13,2019-10-15,Michelle Arnett,Wilson Jones,Wilson Jones Standard D-Ring Binders,Home Office,Office Supplies,Binders,South,23223,Richmond,Virginia,United States,0.0,7.1346,3,15.18,0.47
US-2020-132010,2019-10-13,2019-10-15,Michelle Arnett,Other,Pastel Pink Envelopes,Home Office,Office Supplies,Envelopes,South,23223,Richmond,Virginia,United States,0.0,17.472,5,36.4,0.48
US-2020-132010,2019-10-13,2019-10-15,Michelle Arnett,Space Solutions,Space Solutions Industrial Galvanized Steel Shelving.,Home Office,Office Supplies,Storage,South,23223,Richmond,Virginia,United States,0.0,6.304,4,315.2,0.02
US-2020-132010,2019-10-13,2019-10-15,Michelle Arnett,SanDisk,SanDisk Cruzer 16 GB USB Flash Drive,Home Office,Technology,Accessories,South,23223,Richmond,Virginia,United States,0.0,4.3624,2,22.96,0.19
US-2020-151995,2019-10-13,2019-10-15,Zuschuss Carroll,Bevis,"Bevis Round Bullnose 29"" High Table Top",Consumer,Furniture,Tables,West,98026,Edmonds,Washington,United States,0.0,311.652,5,1298.55,0.24
US-2020-151995,2019-10-13,2019-10-15,Zuschuss Carroll,Belkin,Belkin F9G930V10-GRY 9 Outlet Surge,Consumer,Office Supplies,Appliances,West,98026,Edmonds,Washington,United States,0.0,62.0368,4,213.92,0.29
US-2020-151995,2019-10-13,2019-10-15,Zuschuss Carroll,Newell,Newell 32,Consumer,Office Supplies,Art,West,98026,Edmonds,Washington,United States,0.0,3.2256,4,11.52,0.28
US-2020-151995,2019-10-13,2019-10-15,Zuschuss Carroll,Sony,Sony 16GB Class 10 Micro SDHC R40 Memory Card,Consumer,Technology,Accessories,West,98026,Edmonds,Washington,United States,0.0,2.578,2,25.78,0.1
US-2020-164742,2019-10-13,2019-10-18,Marina Lichtenstein,Global,"Global High-Back Leather Tilter, Burgundy",Corporate,Furniture,Chairs,East,8701,Lakewood,New Jersey,United States,0.0,27.0578,2,245.98,0.11
US-2020-164742,2019-10-13,2019-10-18,Marina Lichtenstein,Other,Flexible Leather- Look Classic Collection Ring Binder,Corporate,Office Supplies,Binders,East,8701,Lakewood,New Jersey,United States,0.0,9.47,1,18.94,0.5
US-2020-146353,2019-10-14,2019-10-16,Jim Epp,Avery,Avery Metallic Poly Binders,Corporate,Office Supplies,Binders,East,3301,Concord,New Hampshire,United States,0.0,11.0016,4,22.92,0.48
US-2020-146353,2019-10-14,2019-10-16,Jim Epp,Fellowes,Fellowes Bankers Box Recycled Super Stor/Drawer,Corporate,Office Supplies,Storage,East,3301,Concord,New Hampshire,United States,0.0,16.194,5,269.9,0.06
US-2020-151015,2019-10-14,2019-10-20,Bradley Drucker,Pressboard,"Pressboard Covers with Storage Hooks, 9 1/2"" x 11"", Light Blue",Consumer,Office Supplies,Binders,Central,60653,Chicago,Illinois,United States,0.8,-4.8609,3,2.946,-1.65
US-2020-151015,2019-10-14,2019-10-20,Bradley Drucker,Xerox,Xerox 1903,Consumer,Office Supplies,Paper,Central,60653,Chicago,Illinois,United States,0.2,6.9368,4,19.136,0.3625
US-2020-151015,2019-10-14,2019-10-20,Bradley Drucker,Xerox,Xerox 1951,Consumer,Office Supplies,Paper,Central,60653,Chicago,Illinois,United States,0.2,100.685,13,322.192,0.3125
US-2020-151330,2019-10-14,2019-10-17,Toby Carlisle,Office Star,Office Star - Ergonomic Mid Back Chair with 2-Way Adjustable Arms,Consumer,Furniture,Chairs,East,2149,Everett,Massachusetts,United States,0.0,260.6112,9,1628.82,0.16
US-2020-151330,2019-10-14,2019-10-17,Toby Carlisle,Other,"SimpliFile Personal File, Black Granite, 15w x 6-15/16d x 11-1/4h",Consumer,Office Supplies,Storage,East,2149,Everett,Massachusetts,United States,0.0,22.246,7,79.45,0.28
US-2020-151330,2019-10-14,2019-10-17,Toby Carlisle,WD My Passport,WD My Passport Ultra 500GB Portable External Hard Drive,Consumer,Technology,Accessories,East,2149,Everett,Massachusetts,United States,0.0,30.09,3,177.0,0.17
US-2020-163748,2019-10-14,2019-10-18,Hunter Glantz,Hoover,"Hoover Replacement Belts For Soft Guard & Commercial Ltweight Upright Vacs, 2/Pk",Consumer,Office Supplies,Appliances,Central,76106,Fort Worth,Texas,United States,0.8,-8.532,4,3.16,-2.7
US-2020-163748,2019-10-14,2019-10-18,Hunter Glantz,Hewlett-Packard,Hewlett Packard 610 Color Digital Copier / Printer,Consumer,Technology,Copiers,Central,76106,Fort Worth,Texas,United States,0.2,624.9875,5,1999.96,0.3125
US-2020-122021,2019-10-15,2019-10-17,Anna Chung,Global,Global Italian Leather Office Chair,Consumer,Furniture,Chairs,East,44134,Parma,Ohio,United States,0.3,-7.8588,2,183.372,-0.042857143
US-2020-122021,2019-10-15,2019-10-17,Anna Chung,Xerox,Xerox 1897,Consumer,Office Supplies,Paper,East,44134,Parma,Ohio,United States,0.2,2.8884,2,7.968,0.3625
US-2020-143182,2019-10-15,2019-10-20,Dan Lawera,Executive Impressions,"Executive Impressions 13"" Clairmont Wall Clock",Consumer,Furniture,Furnishings,South,33012,Hialeah,Florida,United States,0.2,4.0383,1,15.384,0.2625
US-2020-109456,2019-10-16,2019-10-17,Lynn Smith,Avery,Avery Non-Stick Heavy Duty View Round Locking Ring Binders,Consumer,Office Supplies,Binders,West,94110,San Francisco,California,United States,0.2,5.0232,3,14.352,0.35
US-2020-109456,2019-10-16,2019-10-17,Lynn Smith,Logitech,Logitech Illuminated - Keyboard,Consumer,Technology,Accessories,West,94110,San Francisco,California,United States,0.0,86.3856,3,179.97,0.48
US-2020-103086,2019-10-17,2019-10-19,Evan Bailliet,GE,G.E. Longer-Life Indoor Recessed Floodlight Bulbs,Consumer,Furniture,Furnishings,Central,77095,Houston,Texas,United States,0.6,-1.5936,2,5.312,-0.3
US-2020-124394,2019-10-17,2019-10-22,Tracy Blumstein,GBC,"GBC Standard Recycled Report Covers, Clear Plastic Sheets",Consumer,Office Supplies,Binders,Central,77705,Beaumont,Texas,United States,0.8,-17.248,5,10.78,-1.6
US-2020-124394,2019-10-17,2019-10-22,Tracy Blumstein,Other,Case Logic 2.4GHz Wireless Keyboard,Consumer,Technology,Accessories,Central,77705,Beaumont,Texas,United States,0.2,-17.9964,3,119.976,-0.15
US-2020-110408,2019-10-18,2019-10-20,Alan Schoenberger,Global,"Global Wood Trimmed Manager's Task Chair, Khaki",Corporate,Furniture,Chairs,South,36116,Montgomery,Alabama,United States,0.0,70.9644,6,545.88,0.13
US-2020-110408,2019-10-18,2019-10-20,Alan Schoenberger,Gould Plastics,"Gould Plastics 18-Pocket Panel Bin, 34w x 5-1/4d x 20-1/2h",Corporate,Office Supplies,Storage,South,36116,Montgomery,Alabama,United States,0.0,11.0388,3,275.97,0.04
US-2020-110408,2019-10-18,2019-10-20,Alan Schoenberger,Avaya,Avaya IP Phone 1140E VoIP phone,Corporate,Technology,Phones,South,36116,Montgomery,Alabama,United States,0.0,362.687,5,1394.95,0.26
US-2020-115084,2019-10-18,2019-10-22,Luke Schmidt,Office Star,Office Star Flex Back Scooter Chair with Aluminum Finish Frame,Corporate,Furniture,Chairs,South,71854,Texarkana,Arkansas,United States,0.0,145.2816,6,605.34,0.24
US-2020-138450,2019-10-18,2019-10-22,Edward Hooks,Other,"White Business Envelopes with Contemporary Seam, Recycled White Business Envelopes",Corporate,Office Supplies,Envelopes,East,19134,Philadelphia,Pennsylvania,United States,0.2,19.692,6,52.512,0.375
US-2020-138450,2019-10-18,2019-10-22,Edward Hooks,Adams,"Adams ""While You Were Out"" Message Pads",Corporate,Office Supplies,Paper,East,19134,Philadelphia,Pennsylvania,United States,0.2,3.14,4,10.048,0.3125
US-2020-138450,2019-10-18,2019-10-22,Edward Hooks,Eldon,"Eldon Base for stackable storage shelf, platinum",Corporate,Office Supplies,Storage,East,19134,Philadelphia,Pennsylvania,United States,0.2,-35.046,6,186.912,-0.1875
US-2020-143168,2019-10-18,2019-10-23,Ivan Gibson,Other,Computer Printout Index Tabs,Consumer,Office Supplies,Binders,West,98103,Seattle,Washington,United States,0.2,0.4704,1,1.344,0.35
US-2020-143168,2019-10-18,2019-10-23,Ivan Gibson,Xerox,Xerox 1925,Consumer,Office Supplies,Paper,West,98103,Seattle,Washington,United States,0.0,27.882,2,61.96,0.45
US-2020-100867,2019-10-19,2019-10-24,Eugene Hildebrand,RCA,RCA Visys Integrated PBX 8-Line Router,Home Office,Technology,Phones,West,90712,Lakewood,California,United States,0.2,20.097,6,321.552,0.0625
US-2020-117317,2019-10-19,2019-10-19,Jeremy Farry,Adams,Spiral Phone Message Books with Labels by Adams,Consumer,Office Supplies,Paper,West,90032,Los Angeles,California,United States,0.0,6.5856,3,13.44,0.49
US-2020-155264,2019-10-19,2019-10-22,Rachel Payne,ACCOHIDE,Accohide Poly Flexible Ring Binders,Corporate,Office Supplies,Binders,West,94110,San Francisco,California,United States,0.2,1.122,1,2.992,0.375
US-2020-155264,2019-10-19,2019-10-22,Rachel Payne,Avery,Avery Durable Slant Ring Binders With Label Holder,Corporate,Office Supplies,Binders,West,94110,San Francisco,California,United States,0.2,7.0224,6,20.064,0.35
US-2020-155264,2019-10-19,2019-10-22,Rachel Payne,Avery,Avery 480,Corporate,Office Supplies,Labels,West,94110,San Francisco,California,United States,0.0,9.0,5,18.75,0.48
US-2020-155264,2019-10-19,2019-10-22,Rachel Payne,Xerox,Xerox 1917,Corporate,Office Supplies,Paper,West,94110,San Francisco,California,United States,0.0,68.9631,3,146.73,0.47
US-2020-155264,2019-10-19,2019-10-22,Rachel Payne,Panasonic,Panasonic KX TS208W Corded phone,Corporate,Technology,Phones,West,94110,San Francisco,California,United States,0.2,11.7576,3,117.576,0.1
US-2020-137092,2019-10-20,2019-10-22,Lindsay Shagiari,Other,Satellite Sectional Post Binders,Home Office,Office Supplies,Binders,Central,60653,Chicago,Illinois,United States,0.8,-14.7594,1,8.682,-1.7
US-2020-137092,2019-10-20,2019-10-22,Lindsay Shagiari,Avery,"Avery 4027 File Folder Labels for Dot Matrix Printers, 5000 Labels per Box, White",Home Office,Office Supplies,Labels,Central,60653,Chicago,Illinois,United States,0.2,7.9378,1,24.424,0.325
US-2020-137092,2019-10-20,2019-10-22,Lindsay Shagiari,Wirebound,Wirebound Voice Message Log Book,Home Office,Office Supplies,Paper,Central,60653,Chicago,Illinois,United States,0.2,1.2376,1,3.808,0.325
US-2020-137092,2019-10-20,2019-10-22,Lindsay Shagiari,Other,"24 Capacity Maxi Data Binder Racks, Pearl",Home Office,Office Supplies,Storage,Central,60653,Chicago,Illinois,United States,0.2,31.5825,3,505.32,0.0625
US-2020-137092,2019-10-20,2019-10-22,Lindsay Shagiari,Logitech,Logitech Wireless Performance Mouse MX for PC and Mac,Home Office,Technology,Accessories,Central,60653,Chicago,Illinois,United States,0.2,71.9928,4,319.968,0.225
US-2020-146703,2019-10-20,2019-10-25,Patrick O'Donnell,Gould Plastics,"Gould Plastics 9-Pocket Panel Bin, 18-3/8w x 5-1/4d x 20-1/2h, Black",Consumer,Office Supplies,Storage,Central,48185,Westland,Michigan,United States,0.0,8.4784,4,211.96,0.04
US-2020-169684,2019-10-20,2019-10-23,Fred Hopkins,Lesro,"Lesro Round Back Collection Coffee Table, End Table",Corporate,Furniture,Tables,South,37918,Knoxville,Tennessee,United States,0.4,-147.8655,3,328.59,-0.45
US-2020-169684,2019-10-20,2019-10-23,Fred Hopkins,Other,"Contico 72""H Heavy-Duty Storage System",Corporate,Office Supplies,Storage,South,37918,Knoxville,Tennessee,United States,0.2,-24.588,3,98.352,-0.25
US-2020-100916,2019-10-21,2019-10-26,Frank Hawley,Hon,Hon 2111 Invitation Series Straight Table,Corporate,Furniture,Tables,South,23602,Newport News,Virginia,United States,0.0,112.3508,4,591.32,0.19
US-2020-100916,2019-10-21,2019-10-26,Frank Hawley,Sanford,SANFORD Liquid Accent Tank-Style Highlighters,Corporate,Office Supplies,Art,South,23602,Newport News,Virginia,United States,0.0,0.8804,1,2.84,0.31
US-2020-100916,2019-10-21,2019-10-26,Frank Hawley,Eldon,"Eldon Base for stackable storage shelf, platinum",Corporate,Office Supplies,Storage,South,23602,Newport News,Virginia,United States,0.0,9.735,5,194.7,0.05
US-2020-142587,2019-10-21,2019-10-22,Tracy Blumstein,Hon,"Hon Practical Foundations 30 x 60 Training Table, Light Gray/Charcoal",Consumer,Furniture,Tables,East,45014,Fairfield,Ohio,United States,0.4,-122.877,3,409.59,-0.3
US-2020-142587,2019-10-21,2019-10-22,Tracy Blumstein,Fellowes,Fellowes Superior 10 Outlet Split Surge Protector,Consumer,Office Supplies,Appliances,East,45014,Fairfield,Ohio,United States,0.2,13.7016,4,121.792,0.1125
US-2020-169852,2019-10-21,2019-10-26,Sylvia Foulston,Other,Plastic Binding Combs,Corporate,Office Supplies,Binders,West,92024,San Diego,California,United States,0.2,12.2715,3,36.36,0.3375
US-2020-110072,2019-10-22,2019-10-28,Maureen Gastineau,Seth Thomas,"Seth Thomas 14"" Putty-Colored Wall Clock",Home Office,Furniture,Furnishings,East,43055,Newark,Ohio,United States,0.2,12.9096,4,93.888,0.1375
US-2020-151967,2019-10-22,2019-10-26,Nicole Brennan,Tenex,Tenex Chairmats For Use with Hard Floors,Corporate,Furniture,Furnishings,South,71111,Bossier City,Louisiana,United States,0.0,10.3936,4,129.92,0.08
US-2020-108707,2019-10-24,2019-10-29,Daniel Byrd,Xerox,Xerox 210,Home Office,Office Supplies,Paper,South,33311,Fort Lauderdale,Florida,United States,0.2,3.6288,2,10.368,0.35
US-2020-113047,2019-10-24,2019-10-24,Arthur Prichep,Advantus,Advantus Map Pennant Flags and Round Head Tacks,Consumer,Office Supplies,Fasteners,South,29730,Rock Hill,South Carolina,United States,0.0,3.792,3,11.85,0.32
US-2020-130729,2019-10-24,2019-10-29,Allen Armold,Avery,Avery Premier Heavy-Duty Binder with Round Locking Rings,Consumer,Office Supplies,Binders,West,91730,Rancho Cucamonga,California,United States,0.2,11.1384,3,34.272,0.325
US-2020-139542,2019-10-25,2019-10-29,Evan Henry,GBC,"GBC Twin Loop Wire Binding Elements, 9/16"" Spine, Black",Consumer,Office Supplies,Binders,East,19120,Philadelphia,Pennsylvania,United States,0.7,-9.5886,3,13.698,-0.7
US-2020-139542,2019-10-25,2019-10-29,Evan Henry,Memorex,"Memorex 25GB 6X Branded Blu-Ray Recordable Disc, 15/Pack",Consumer,Technology,Accessories,East,19120,Philadelphia,Pennsylvania,United States,0.2,0.5097,3,40.776,0.0125
US-2020-158400,2019-10-25,2019-10-28,Aaron Hawkins,GBC,GBC VeloBind Cover Sets,Corporate,Office Supplies,Binders,West,94109,San Francisco,California,United States,0.2,18.528,4,49.408,0.375
US-2020-162278,2019-10-26,2019-10-30,Angele Hood,Tenex,Tenex Chairmats For Use With Carpeted Floors,Consumer,Furniture,Furnishings,West,98105,Seattle,Washington,United States,0.0,3.196,4,63.92,0.05
US-2020-162278,2019-10-26,2019-10-30,Angele Hood,Other,Vtech CS6719,Consumer,Technology,Phones,West,98105,Seattle,Washington,United States,0.2,38.396,5,383.96,0.1
US-2020-148285,2019-10-27,2019-11-01,Ross DeVincentis,Easy-staple paper,Easy-staple paper,Home Office,Office Supplies,Paper,South,28314,Fayetteville,North Carolina,United States,0.2,4.0338,3,11.952,0.3375
US-2020-148285,2019-10-27,2019-11-01,Ross DeVincentis,Xerox,Xerox 2,Home Office,Office Supplies,Paper,South,28314,Fayetteville,North Carolina,United States,0.2,3.6288,2,10.368,0.35
US-2020-101931,2019-10-28,2019-10-31,Todd Sumrall,O'Sullivan,O'Sullivan Living Dimensions 2-Shelf Bookcases,Corporate,Furniture,Bookcases,West,90049,Los Angeles,California,United States,0.15,-36.294,6,616.998,-0.058823529
US-2020-101931,2019-10-28,2019-10-31,Todd Sumrall,Avery,Avery Non-Stick Binders,Corporate,Office Supplies,Binders,West,90049,Los Angeles,California,United States,0.2,2.245,2,7.184,0.3125
US-2020-101931,2019-10-28,2019-10-31,Todd Sumrall,Eldon,Eldon Portable Mobile Manager,Corporate,Office Supplies,Storage,West,90049,Los Angeles,California,United States,0.0,38.178,5,141.4,0.27
US-2020-101931,2019-10-28,2019-10-31,Todd Sumrall,Other,Premier Automatic Letter Opener,Corporate,Office Supplies,Supplies,West,90049,Los Angeles,California,United States,0.0,14.4222,2,480.74,0.03
US-2020-101931,2019-10-28,2019-10-31,Todd Sumrall,Other,Serrated Blade or Curved Handle Hand Letter Openers,Corporate,Office Supplies,Supplies,West,90049,Los Angeles,California,United States,0.0,0.0628,2,6.28,0.01
US-2020-107769,2019-10-28,2019-11-01,Bill Tyler,Other,Digium D40 VoIP phone,Corporate,Technology,Phones,Central,67846,Garden City,Kansas,United States,0.0,74.8142,2,257.98,0.29
US-2020-154627,2019-10-29,2019-10-31,Sue Ann Reed,Apple,Apple iPhone 5S,Consumer,Technology,Phones,Central,60610,Chicago,Illinois,United States,0.2,341.994,6,2735.952,0.125
US-2020-166590,2019-10-29,2019-11-02,Noah Childs,Other,"Snap-A-Way Black Print Carbonless Ruled Speed Letter, Triplicate",Corporate,Office Supplies,Paper,Central,47201,Columbus,Indiana,United States,0.0,35.6636,2,75.88,0.47
US-2020-166590,2019-10-29,2019-11-02,Noah Childs,Maxell,Maxell 4.7GB DVD+R 5/Pack,Corporate,Technology,Accessories,Central,47201,Columbus,Indiana,United States,0.0,0.891,2,1.98,0.45
US-2020-106439,2019-10-31,2019-11-04,Greg Guthrie,Novimex,Novimex Fabric Task Chair,Corporate,Furniture,Chairs,West,90049,Los Angeles,California,United States,0.2,-9.147,3,146.352,-0.0625
US-2020-106439,2019-10-31,2019-11-04,Greg Guthrie,Newell,Newell 325,Corporate,Office Supplies,Art,West,90049,Los Angeles,California,United States,0.0,3.717,3,12.39,0.3
US-2020-106439,2019-10-31,2019-11-04,Greg Guthrie,Avery,"Avery Framed View Binder, EZD Ring (Locking), Navy, 1 1/2""",Corporate,Office Supplies,Binders,West,90049,Los Angeles,California,United States,0.2,5.3892,2,15.968,0.3375
US-2020-106439,2019-10-31,2019-11-04,Greg Guthrie,Fellowes,"Fellowes Twister Kit, Gray/Clear, 3/pkg",Corporate,Office Supplies,Binders,West,90049,Los Angeles,California,United States,0.2,6.03,3,19.296,0.3125
US-2020-106439,2019-10-31,2019-11-04,Greg Guthrie,Other,Staples,Corporate,Office Supplies,Fasteners,West,90049,Los Angeles,California,United States,0.0,5.2164,3,11.34,0.46
US-2020-106439,2019-10-31,2019-11-04,Greg Guthrie,Xerox,Xerox 1952,Corporate,Office Supplies,Paper,West,90049,Los Angeles,California,United States,0.0,30.4278,13,64.74,0.47
US-2020-106439,2019-10-31,2019-11-04,Greg Guthrie,Tennsco,Tennsco Regal Shelving Units,Corporate,Office Supplies,Storage,West,90049,Los Angeles,California,United States,0.0,12.1692,4,405.64,0.03
US-2020-106439,2019-10-31,2019-11-04,Greg Guthrie,Other,"Letter/Legal File Tote with Clear Snap-On Lid, Black Granite",Corporate,Office Supplies,Storage,West,90049,Los Angeles,California,United States,0.0,20.878,5,80.3,0.26
US-2020-106439,2019-10-31,2019-11-04,Greg Guthrie,Maxell,Maxell LTO Ultrium - 800 GB,Corporate,Technology,Accessories,West,90049,Los Angeles,California,United States,0.0,47.8629,9,251.91,0.19
US-2020-108609,2019-10-31,2019-11-02,Anthony Jacobs,Hon,Hon 94000 Series Round Tables,Corporate,Furniture,Tables,East,44052,Lorain,Ohio,United States,0.4,-734.5264,8,1421.664,-0.516666667
US-2020-120313,2019-10-31,2019-11-02,Nancy Lomonaco,Motorola,Motorola L804,Home Office,Technology,Phones,West,94110,San Francisco,California,United States,0.2,8.2782,2,73.584,0.1125
US-2020-145387,2019-10-31,2019-11-02,Anne McFarland,Hon,Hon Pagoda Stacking Chairs,Consumer,Furniture,Chairs,East,2920,Cranston,Rhode Island,United States,0.0,481.47,5,1604.9,0.3
US-2020-145387,2019-10-31,2019-11-02,Anne McFarland,Eldon,Eldon Wave Desk Accessories,Consumer,Furniture,Furnishings,East,2920,Cranston,Rhode Island,United States,0.0,7.7748,3,17.67,0.44
US-2020-145387,2019-10-31,2019-11-02,Anne McFarland,Eldon,"Eldon Expressions Wood Desk Accessories, Oak",Consumer,Furniture,Furnishings,East,2920,Cranston,Rhode Island,United States,0.0,4.2804,2,14.76,0.29
US-2020-145387,2019-10-31,2019-11-02,Anne McFarland,Chromcraft,"Chromcraft Bull-Nose Wood 48"" x 96"" Rectangular Conference Tables",Consumer,Furniture,Tables,East,2920,Cranston,Rhode Island,United States,0.3,-60.6078,1,385.686,-0.157142857
US-2020-145387,2019-10-31,2019-11-02,Anne McFarland,Other,Lumber Crayons,Consumer,Office Supplies,Art,East,2920,Cranston,Rhode Island,United States,0.0,18.715,5,49.25,0.38
US-2020-145387,2019-10-31,2019-11-02,Anne McFarland,GBC,GBC Recycled VeloBinder Covers,Consumer,Office Supplies,Binders,East,2920,Cranston,Rhode Island,United States,0.0,15.6768,2,34.08,0.46
US-2020-145387,2019-10-31,2019-11-02,Anne McFarland,Other,"RSVP Cards & Envelopes, Blank White, 8-1/2"" X 11"", 24 Cards/25 Envelopes/Set",Consumer,Office Supplies,Paper,East,2920,Cranston,Rhode Island,United States,0.0,4.7752,2,10.16,0.47
US-2020-167262,2019-10-31,2019-11-03,Amy Cox,Plantronics,Plantronics HL10 Handset Lifter,Consumer,Technology,Phones,West,85323,Avondale,Arizona,United States,0.2,83.5128,8,742.336,0.1125
US-2020-102673,2019-11-01,2019-11-05,Ken Heidel,Newell,Newell 320,Corporate,Office Supplies,Art,South,28205,Charlotte,North Carolina,United States,0.2,0.8988,3,10.272,0.0875
US-2020-102673,2019-11-01,2019-11-05,Ken Heidel,Other,Staples,Corporate,Office Supplies,Fasteners,South,28205,Charlotte,North Carolina,United States,0.2,1.41,5,7.52,0.1875
US-2020-102673,2019-11-01,2019-11-05,Ken Heidel,Avery,Avery 513,Corporate,Office Supplies,Labels,South,28205,Charlotte,North Carolina,United States,0.2,15.5376,12,47.808,0.325
US-2020-102673,2019-11-01,2019-11-05,Ken Heidel,Cisco,Cisco IP Phone 7961G VoIP phone - Dark gray,Corporate,Technology,Phones,South,28205,Charlotte,North Carolina,United States,0.2,110.1195,9,978.84,0.1125
US-2020-114195,2019-11-01,2019-11-03,Erin Ashbrook,Howard Miller,"Howard Miller 13"" Diameter Pewter Finish Round Wall Clock",Corporate,Furniture,Furnishings,East,45040,Mason,Ohio,United States,0.2,16.3172,2,68.704,0.2375
US-2020-114195,2019-11-01,2019-11-03,Erin Ashbrook,Acco,Acco Economy Flexible Poly Round Ring Binder,Corporate,Office Supplies,Binders,East,45040,Mason,Ohio,United States,0.7,-2.61,2,3.132,-0.833333333
US-2020-114195,2019-11-01,2019-11-03,Erin Ashbrook,GBC,GBC Standard Therm-A-Bind Covers,Corporate,Office Supplies,Binders,East,45040,Mason,Ohio,United States,0.7,-17.9424,3,22.428,-0.8
US-2020-126907,2019-11-01,2019-11-08,Suzanne McNair,Southworth,Southworth Parchment Paper & Envelopes,Corporate,Office Supplies,Paper,Central,60610,Chicago,Illinois,United States,0.2,5.1012,3,15.696,0.325
US-2020-134313,2019-11-01,2019-11-07,Russell Applegate,Other,Model L Table or Wall-Mount Pencil Sharpener,Consumer,Office Supplies,Art,West,80219,Denver,Colorado,United States,0.2,4.3176,3,43.176,0.1
US-2020-134313,2019-11-01,2019-11-07,Russell Applegate,ClearOne,ClearOne CHATAttach 160 - speaker phone,Consumer,Technology,Phones,West,80219,Denver,Colorado,United States,0.2,247.996,4,1983.968,0.125
US-2020-137155,2019-11-01,2019-11-05,Daniel Lacy,Other,"Master Big Foot Doorstop, Beige",Consumer,Furniture,Furnishings,East,11561,Long Beach,New York,United States,0.0,9.8208,6,31.68,0.31
US-2020-137155,2019-11-01,2019-11-05,Daniel Lacy,Kensington,Kensington 7 Outlet MasterPiece Power Center,Consumer,Office Supplies,Appliances,East,11561,Long Beach,New York,United States,0.0,154.8426,3,533.94,0.29
US-2020-137155,2019-11-01,2019-11-05,Daniel Lacy,Xerox,Xerox 1934,Consumer,Office Supplies,Paper,East,11561,Long Beach,New York,United States,0.0,82.2906,3,167.94,0.49
US-2020-139423,2019-11-01,2019-11-05,Deirdre Greer,Fellowes,Fellowes Superior 10 Outlet Split Surge Protector,Corporate,Office Supplies,Appliances,East,7050,Orange,New Jersey,United States,0.0,22.0748,2,76.12,0.29
US-2020-148915,2019-11-01,2019-11-05,Natalie DeCherney,Carina,"Carina Mini System Audio Rack, Model AR050B",Consumer,Office Supplies,Storage,West,97206,Portland,Oregon,United States,0.2,-94.333,5,443.92,-0.2125
US-2020-148915,2019-11-01,2019-11-05,Natalie DeCherney,Plantronics,Plantronics Voyager Pro HD - Bluetooth Headset,Consumer,Technology,Phones,West,97206,Portland,Oregon,United States,0.2,54.5916,3,155.976,0.35
US-2020-152562,2019-11-01,2019-11-08,Jack O'Briant,Other,"OIC #2 Pencils, Medium Soft",Corporate,Office Supplies,Art,South,40475,Richmond,Kentucky,United States,0.0,1.6356,3,5.64,0.29
US-2020-152562,2019-11-01,2019-11-08,Jack O'Briant,Other,"Multi-Use Personal File Cart and Caster Set, Three Stacking Bins",Corporate,Office Supplies,Storage,South,40475,Richmond,Kentucky,United States,0.0,19.4656,2,69.52,0.28
US-2020-168305,2019-11-01,2019-11-08,Paul Lucas,Avery,Avery 475,Home Office,Office Supplies,Labels,West,90049,Los Angeles,California,United States,0.0,22.2,3,44.4,0.5
US-2020-168305,2019-11-01,2019-11-08,Paul Lucas,Easy-staple paper,Easy-staple paper,Home Office,Office Supplies,Paper,West,90049,Los Angeles,California,United States,0.0,9.63,5,21.4,0.45
US-2020-107454,2019-11-02,2019-11-06,Roger Demir,Tensor,Tensor Computer Mounted Lamp,Consumer,Furniture,Furnishings,East,10024,New York City,New York,United States,0.0,24.1218,6,89.34,0.27
US-2020-107454,2019-11-02,2019-11-06,Roger Demir,Avery,Avery 499,Consumer,Office Supplies,Labels,East,10024,New York City,New York,United States,0.0,16.0356,7,34.86,0.46
US-2020-115889,2019-11-02,2019-11-06,Shahid Hopkins,Other,Adjustable Depth Letter/Legal Cart,Consumer,Office Supplies,Storage,West,94122,San Francisco,California,United States,0.0,105.2468,2,362.92,0.29
US-2020-115889,2019-11-02,2019-11-06,Shahid Hopkins,AT&T,AT&T CL82213,Consumer,Technology,Phones,West,94122,San Francisco,California,United States,0.2,5.2182,2,46.384,0.1125
US-2020-120670,2019-11-02,2019-11-06,Julie Kriz,Razer,Razer Kraken 7.1 Surround Sound Over Ear USB Gaming Headset,Home Office,Technology,Accessories,South,33311,Fort Lauderdale,Florida,United States,0.2,239.976,10,799.92,0.3
US-2020-129147,2019-11-02,2019-11-06,Liz Carlisle,Acco,Acco D-Ring Binder w/DublLock,Consumer,Office Supplies,Binders,East,44256,Medina,Ohio,United States,0.7,-13.4694,3,19.242,-0.7
US-2020-129147,2019-11-02,2019-11-06,Liz Carlisle,Polycom,Polycom CX300 Desktop Phone USB VoIP phone,Consumer,Technology,Phones,East,44256,Medina,Ohio,United States,0.4,-107.9928,6,539.964,-0.2
US-2020-129147,2019-11-02,2019-11-06,Liz Carlisle,Other,I Need's 3d Hello Kitty Hybrid Silicone Case Cover for HTC One X 4g with 3d Hello Kitty Stylus Pen Green/pink,Consumer,Technology,Phones,East,44256,Medina,Ohio,United States,0.4,-10.0464,7,50.232,-0.2
US-2020-134726,2019-11-02,2019-11-07,Steven Ward,Maxell,"Maxell 74 Minute CD-R Spindle, 50/Pack",Corporate,Technology,Accessories,West,98115,Seattle,Washington,United States,0.0,15.0984,2,41.94,0.36
US-2020-134726,2019-11-02,2019-11-07,Steven Ward,Samsung,Samsung Rugby III,Corporate,Technology,Phones,West,98115,Seattle,Washington,United States,0.2,4.6193,1,52.792,0.0875
US-2020-148782,2019-11-02,2019-11-07,Patrick O'Brill,Logitech,"Logitech B530 USB Headset - headset - Full size, Binaural",Consumer,Technology,Phones,Central,75061,Irving,Texas,United States,0.2,7.7679,3,88.776,0.0875
US-2020-119529,2019-11-03,2019-11-05,Denise Monton,Avery,Avery Durable Binders,Corporate,Office Supplies,Binders,East,7050,Orange,New Jersey,United States,0.0,2.8224,2,5.76,0.49
US-2020-121573,2019-11-03,2019-11-07,Speros Goranitis,Other,Surelock Post Binders,Consumer,Office Supplies,Binders,East,10009,New York City,New York,United States,0.2,18.336,2,48.896,0.375
US-2020-121573,2019-11-03,2019-11-07,Speros Goranitis,Acco,"Acco Pressboard Covers with Storage Hooks, 14 7/8"" x 11"", Light Blue",Consumer,Office Supplies,Binders,East,10009,New York City,New York,United States,0.2,2.8478,2,7.856,0.3625
US-2020-121573,2019-11-03,2019-11-07,Speros Goranitis,Panasonic,Panasonic KX-TG9471B,Consumer,Technology,Phones,East,10009,New York City,New York,United States,0.0,219.5088,4,783.96,0.28
US-2020-124625,2019-11-03,2019-11-07,Stephanie Phelps,Belkin,Belkin F8E887 USB Wired Ergonomic Keyboard,Corporate,Technology,Accessories,Central,68104,Omaha,Nebraska,United States,0.0,18.8937,3,89.97,0.21
US-2020-137589,2019-11-03,2019-11-08,Maxwell Schwartz,Other,Compact Automatic Electric Letter Opener,Consumer,Office Supplies,Supplies,East,17602,Lancaster,Pennsylvania,United States,0.2,-64.4274,3,286.344,-0.225
US-2020-146731,2019-11-03,2019-11-08,Annie Thurman,Ampad,"Ampad Evidence Wirebond Steno Books, 6"" x 9""",Consumer,Office Supplies,Paper,South,37211,Nashville,Tennessee,United States,0.2,1.1772,2,3.488,0.3375
US-2020-146731,2019-11-03,2019-11-08,Annie Thurman,Xerox,Xerox 1884,Consumer,Office Supplies,Paper,South,37211,Nashville,Tennessee,United States,0.2,48.5514,9,143.856,0.3375
US-2020-153619,2019-11-03,2019-11-03,Tracy Collins,Prang,Prang Dustless Chalk Sticks,Home Office,Office Supplies,Art,West,90049,Los Angeles,California,United States,0.0,3.36,4,6.72,0.5
US-2020-155593,2019-11-03,2019-11-08,Resi Pölking,Acme,Acme Kleen Earth Office Shears,Consumer,Office Supplies,Supplies,East,6824,Fairfield,Connecticut,United States,0.0,3.3756,3,11.64,0.29
US-2020-165764,2019-11-03,2019-11-07,Shahid Hopkins,Tenex,Tenex Antistatic Computer Chair Mats,Consumer,Furniture,Furnishings,South,28540,Jacksonville,North Carolina,United States,0.2,-51.294,3,410.352,-0.125
US-2020-165764,2019-11-03,2019-11-07,Shahid Hopkins,Hon,Hon Racetrack Conference Tables,Consumer,Furniture,Tables,South,28540,Jacksonville,North Carolina,United States,0.4,-299.2614,6,945.036,-0.316666667
US-2020-165764,2019-11-03,2019-11-07,Shahid Hopkins,Avery,Avery Self-Adhesive Photo Pockets for Polaroid Photos,Consumer,Office Supplies,Binders,South,28540,Jacksonville,North Carolina,United States,0.7,-10.4874,7,14.301,-0.733333333
US-2020-165764,2019-11-03,2019-11-07,Shahid Hopkins,Acco,Acco Perma 4000 Stacking Storage Drawers,Consumer,Office Supplies,Storage,South,28540,Jacksonville,North Carolina,United States,0.2,-1.624,2,25.984,-0.0625
US-2020-121286,2019-11-04,2019-11-08,Odella Nelson,Acco,Acco 6 Outlet Guardian Premium Surge Suppressor,Corporate,Office Supplies,Appliances,South,27511,Cary,North Carolina,United States,0.2,5.096,5,58.24,0.0875
US-2020-121286,2019-11-04,2019-11-08,Odella Nelson,Other,OIC Bulk Pack Metal Binder Clips,Corporate,Office Supplies,Fasteners,South,27511,Cary,North Carolina,United States,0.2,2.7222,3,8.376,0.325
US-2020-125829,2019-11-04,2019-11-11,William Brown,Bevis,"Bevis Round Conference Table Top, X-Base",Consumer,Furniture,Tables,West,90045,Los Angeles,California,United States,0.2,-64.5444,4,573.728,-0.1125
US-2020-125829,2019-11-04,2019-11-11,William Brown,Cardinal,Cardinal EasyOpen D-Ring Binders,Consumer,Office Supplies,Binders,West,90045,Los Angeles,California,United States,0.2,8.226,3,21.936,0.375
US-2020-125829,2019-11-04,2019-11-11,William Brown,Xerox,Xerox 2000,Consumer,Office Supplies,Paper,West,90045,Los Angeles,California,United States,0.0,9.3312,3,19.44,0.48
US-2020-125829,2019-11-04,2019-11-11,William Brown,Hewlett-Packard,Hewlett-Packard Deskjet D4360 Printer,Consumer,Technology,Machines,West,90045,Los Angeles,California,United States,0.2,139.99,4,447.968,0.3125
US-2020-125829,2019-11-04,2019-11-11,William Brown,Polycom,Polycom SoundPoint Pro SE-225 Corded phone,Consumer,Technology,Phones,West,90045,Los Angeles,California,United States,0.2,66.6344,7,666.344,0.1
US-2020-132227,2019-11-04,2019-11-10,Sam Zeldin,Acco,"Acco Flexible ACCOHIDE Square Ring Data Binder, Dark Blue, 11 1/2"" X 14"" 7/8""",Home Office,Office Supplies,Binders,East,10011,New York City,New York,United States,0.2,18.8732,4,52.064,0.3625
US-2020-134187,2019-11-04,2019-11-11,Tiffany House,Newell,Newell 343,Corporate,Office Supplies,Art,West,90805,Long Beach,California,United States,0.0,0.7938,1,2.94,0.27
US-2020-149244,2019-11-04,2019-11-08,MaryBeth Skach,Executive Impressions,"Executive Impressions 12"" Wall Clock",Consumer,Furniture,Furnishings,West,92037,San Diego,California,United States,0.0,13.4292,2,35.34,0.38
US-2020-164973,2019-11-04,2019-11-09,Nathan Mautz,DMI,DMI Arturo Collection Mission-style Design Wood Chair,Home Office,Furniture,Chairs,East,10024,New York City,New York,United States,0.1,24.1568,1,135.882,0.177777778
US-2020-164973,2019-11-04,2019-11-09,Nathan Mautz,Other,"Trav-L-File Heavy-Duty Shuttle II, Black",Home Office,Office Supplies,Storage,East,10024,New York City,New York,United States,0.0,13.071,1,43.57,0.3
US-2020-164973,2019-11-04,2019-11-09,Nathan Mautz,NETGEAR,NETGEAR N750 Dual Band Wi-Fi Gigabit Router,Home Office,Technology,Accessories,East,10024,New York City,New York,United States,0.0,129.6,4,360.0,0.36
US-2020-164973,2019-11-04,2019-11-09,Nathan Mautz,Canon,Canon imageCLASS MF7460 Monochrome Digital Laser Multifunction Copier,Home Office,Technology,Machines,East,10024,New York City,New York,United States,0.0,1995.99,2,3991.98,0.5
US-2020-164973,2019-11-04,2019-11-09,Nathan Mautz,Panasonic,Panasonic Kx-TS550,Home Office,Technology,Phones,East,10024,New York City,New York,United States,0.0,80.0226,6,275.94,0.29
US-2020-109134,2019-11-05,2019-11-10,Deanra Eno,OIC,OIC Stacking Trays,Home Office,Furniture,Furnishings,West,90008,Los Angeles,California,United States,0.0,8.8176,6,20.04,0.44
US-2020-114251,2019-11-05,2019-11-10,Maribeth Dona,Tenex,Tenex Antistatic Computer Chair Mats,Consumer,Furniture,Furnishings,East,19143,Philadelphia,Pennsylvania,United States,0.2,-34.196,2,273.568,-0.125
US-2020-114251,2019-11-05,2019-11-10,Maribeth Dona,Wilson Jones,Wilson Jones Legal Size Ring Binders,Consumer,Office Supplies,Binders,East,19143,Philadelphia,Pennsylvania,United States,0.7,-8.796,2,13.194,-0.666666667
US-2020-114251,2019-11-05,2019-11-10,Maribeth Dona,Tennsco,Tennsco Double-Tier Lockers,Consumer,Office Supplies,Storage,East,19143,Philadelphia,Pennsylvania,United States,0.2,-94.5084,6,1080.096,-0.0875
US-2020-114251,2019-11-05,2019-11-10,Maribeth Dona,Sony,Sony 16GB Class 10 Micro SDHC R40 Memory Card,Consumer,Technology,Accessories,East,19143,Philadelphia,Pennsylvania,United States,0.2,-6.445,5,51.56,-0.125
US-2020-114251,2019-11-05,2019-11-10,Maribeth Dona,Memorex,Memorex Micro Travel Drive 32 GB,Consumer,Technology,Accessories,East,19143,Philadelphia,Pennsylvania,United States,0.2,16.7946,2,58.416,0.2875
US-2020-114377,2019-11-05,2019-11-05,Barry Gonzalez,Global,"Global Stack Chair with Arms, Black",Consumer,Furniture,Chairs,South,23666,Hampton,Virginia,United States,0.0,40.473,5,149.9,0.27
US-2020-133634,2019-11-05,2019-11-10,Steven Roelle,Maxell,Maxell 4.7GB DVD-RW 3/Pack,Home Office,Technology,Accessories,South,22204,Arlington,Virginia,United States,0.0,16.2486,3,47.79,0.34
US-2020-120950,2019-11-06,2019-11-11,George Ashbrook,Array,"Array Parchment Paper, Assorted Colors",Consumer,Office Supplies,Paper,South,31907,Columbus,Georgia,United States,0.0,20.9664,6,43.68,0.48
US-2020-120278,2019-11-07,2019-11-12,Maribeth Schnelling,Belkin,Belkin 8 Outlet Surge Protector,Consumer,Office Supplies,Appliances,Central,54401,Wausau,Wisconsin,United States,0.0,68.8464,6,245.88,0.28
US-2020-120278,2019-11-07,2019-11-12,Maribeth Schnelling,ACCOHIDE,"ACCOHIDE 3-Ring Binder, Blue, 1""",Consumer,Office Supplies,Binders,Central,54401,Wausau,Wisconsin,United States,0.0,5.8233,3,12.39,0.47
US-2020-120278,2019-11-07,2019-11-12,Maribeth Schnelling,Other,X-Rack File for Hanging Folders,Consumer,Office Supplies,Storage,Central,54401,Wausau,Wisconsin,United States,0.0,5.8708,2,22.58,0.26
US-2020-120278,2019-11-07,2019-11-12,Maribeth Schnelling,Other,Portable Personal File Box,Consumer,Office Supplies,Storage,Central,54401,Wausau,Wisconsin,United States,0.0,9.8901,3,36.63,0.27
US-2020-123323,2019-11-07,2019-11-12,Lena Hernandez,Wilson Jones,Wilson Jones Legal Size Ring Binders,Consumer,Office Supplies,Binders,West,94110,San Francisco,California,United States,0.2,46.179,7,123.144,0.375
US-2020-123498,2019-11-07,2019-11-09,Tamara Chand,Other,Satellite Sectional Post Binders,Corporate,Office Supplies,Binders,Central,77041,Houston,Texas,United States,0.8,-44.2782,3,26.046,-1.7
US-2020-123498,2019-11-07,2019-11-09,Tamara Chand,Staple envelope,Staple envelope,Corporate,Office Supplies,Envelopes,Central,77041,Houston,Texas,United States,0.2,26.9526,3,74.352,0.3625
US-2020-139640,2019-11-07,2019-11-11,Troy Blackwell,Panasonic,Panasonic KP-150 Electric Pencil Sharpener,Consumer,Office Supplies,Art,West,97206,Portland,Oregon,United States,0.2,9.0576,4,120.768,0.075
US-2020-139640,2019-11-07,2019-11-11,Troy Blackwell,Xerox,Xerox 1995,Consumer,Office Supplies,Paper,West,97206,Portland,Oregon,United States,0.2,9.072,5,25.92,0.35
US-2020-146990,2019-11-07,2019-11-08,Bart Pistole,OIC,Binder Clips by OIC,Corporate,Office Supplies,Fasteners,East,10024,New York City,New York,United States,0.0,2.8416,4,5.92,0.48
US-2020-146990,2019-11-07,2019-11-08,Bart Pistole,Other,Riverleaf Stik-Withit Designer Note Cubes,Corporate,Office Supplies,Paper,East,10024,New York City,New York,United States,0.0,13.8828,3,30.18,0.46
US-2020-159310,2019-11-07,2019-11-12,Steven Cartwright,Hon,"Hon Deluxe Fabric Upholstered Stacking Chairs, Squared Back",Consumer,Furniture,Chairs,Central,77070,Houston,Texas,United States,0.3,0.0,4,683.144,0.0
US-2020-159310,2019-11-07,2019-11-12,Steven Cartwright,Avery,"Avery Triangle Shaped Sheet Lifters, Black, 2/Pack",Consumer,Office Supplies,Binders,Central,77070,Houston,Texas,United States,0.8,-2.214,3,1.476,-1.5
US-2020-159310,2019-11-07,2019-11-12,Steven Cartwright,Acme,Acme Stainless Steel Office Snips,Consumer,Office Supplies,Supplies,Central,77070,Houston,Texas,United States,0.2,3.5623,7,40.712,0.0875
US-2020-126340,2019-11-08,2019-11-14,Emily Burns,Other,Toshiba IPT2010-SD IP Telephone,Consumer,Technology,Phones,West,96003,Redding,California,United States,0.2,25.0182,3,333.576,0.075
US-2020-103219,2019-11-09,2019-11-13,Benjamin Farhat,Eldon,"Eldon 200 Class Desk Accessories, Black",Home Office,Furniture,Furnishings,East,10035,New York City,New York,United States,0.0,21.4776,9,56.52,0.38
US-2020-144666,2019-11-09,2019-11-11,Jeremy Pistek,Sauder,"Sauder Mission Library with Doors, Fruitwood Finish",Consumer,Furniture,Bookcases,West,94110,San Francisco,California,United States,0.15,10.4784,2,222.666,0.047058824
US-2020-144666,2019-11-09,2019-11-11,Jeremy Pistek,Other,"Recycled Desk Saver Line ""While You Were Out"" Book, 5 1/2"" X 4""",Consumer,Office Supplies,Paper,West,94110,San Francisco,California,United States,0.0,28.819,7,62.65,0.46
US-2020-144666,2019-11-09,2019-11-11,Jeremy Pistek,Xerox,Xerox 1912,Consumer,Office Supplies,Paper,West,94110,San Francisco,California,United States,0.0,45.528,5,94.85,0.48
US-2020-144666,2019-11-09,2019-11-11,Jeremy Pistek,Decoflex,"Decoflex Hanging Personal Folder File, Blue",Consumer,Office Supplies,Storage,West,94110,San Francisco,California,United States,0.0,24.9804,6,92.52,0.27
US-2020-144666,2019-11-09,2019-11-11,Jeremy Pistek,SAFCO,SAFCO Boltless Steel Shelving,Consumer,Office Supplies,Storage,West,94110,San Francisco,California,United States,0.0,3.4092,3,340.92,0.01
US-2020-144666,2019-11-09,2019-11-11,Jeremy Pistek,Samsung,Samsung Galaxy Note 3,Consumer,Technology,Phones,West,94110,San Francisco,California,United States,0.2,87.996,4,703.968,0.125
US-2020-121006,2019-11-10,2019-11-16,Sam Craven,Hon,Hon Every-Day Series Multi-Task Chairs,Consumer,Furniture,Chairs,Central,48640,Midland,Michigan,United States,0.0,112.788,3,563.94,0.2
US-2020-121006,2019-11-10,2019-11-16,Sam Craven,Avery,"Avery Hi-Liter Comfort Grip Fluorescent Highlighter, Yellow Ink",Consumer,Office Supplies,Art,Central,48640,Midland,Michigan,United States,0.0,1.521,2,3.9,0.39
US-2020-121006,2019-11-10,2019-11-16,Sam Craven,Xerox,Xerox 199,Consumer,Office Supplies,Paper,Central,48640,Midland,Michigan,United States,0.0,5.778,3,12.84,0.45
US-2020-121006,2019-11-10,2019-11-16,Sam Craven,Xerox,Xerox 4200 Series MultiUse Premium Copy Paper (20Lb. and 84 Bright),Consumer,Office Supplies,Paper,Central,48640,Midland,Michigan,United States,0.0,7.128,3,15.84,0.45
US-2020-121006,2019-11-10,2019-11-16,Sam Craven,Other,"Hot File 7-Pocket, Floor Stand",Consumer,Office Supplies,Storage,Central,48640,Midland,Michigan,United States,0.0,160.623,3,535.41,0.3
US-2020-121006,2019-11-10,2019-11-16,Sam Craven,Acco,Acco Perma 3000 Stacking Storage Drawers,Consumer,Office Supplies,Storage,Central,48640,Midland,Michigan,United States,0.0,11.9586,3,62.94,0.19
US-2020-158372,2019-11-10,2019-11-16,Ruben Dartt,Luxo,Luxo Economy Swing Arm Lamp,Consumer,Furniture,Furnishings,West,92037,San Diego,California,United States,0.0,11.1664,2,39.88,0.28
US-2020-158372,2019-11-10,2019-11-16,Ruben Dartt,Eldon,"Eldon Expressions Punched Metal & Wood Desk Accessories, Pewter & Cherry",Consumer,Furniture,Furnishings,West,92037,San Diego,California,United States,0.0,14.896,5,53.2,0.28
US-2020-158372,2019-11-10,2019-11-16,Ruben Dartt,Avery,Avery White Multi-Purpose Labels,Consumer,Office Supplies,Labels,West,92037,San Diego,California,United States,0.0,18.3264,8,39.84,0.46
US-2020-158372,2019-11-10,2019-11-16,Ruben Dartt,Southworth,"Southworth 100% Résumé Paper, 24lb.",Consumer,Office Supplies,Paper,West,92037,San Diego,California,United States,0.0,28.008,8,62.24,0.45
US-2020-158372,2019-11-10,2019-11-16,Ruben Dartt,Memorex,Memorex Froggy Flash Drive 4 GB,Consumer,Technology,Accessories,West,92037,San Diego,California,United States,0.0,4.2861,1,10.99,0.39
US-2020-158372,2019-11-10,2019-11-16,Ruben Dartt,Jabra,Jabra SPEAK 410,Consumer,Technology,Phones,West,92037,San Diego,California,United States,0.2,60.1536,8,601.536,0.1
US-2020-105270,2019-11-11,2019-11-18,Arthur Prichep,Hon,Hon Olson Stacker Stools,Consumer,Furniture,Chairs,West,90008,Los Angeles,California,United States,0.2,11.2648,1,112.648,0.1
US-2020-105270,2019-11-11,2019-11-18,Arthur Prichep,Other,50 Colored Long Pencils,Consumer,Office Supplies,Art,West,90008,Los Angeles,California,United States,0.0,7.9248,3,30.48,0.26
US-2020-105893,2019-11-11,2019-11-18,Pete Kriz,Other,"Stur-D-Stor Shelving, Vertical 5-Shelf: 72""H x 36""W x 18 1/2""D",Consumer,Office Supplies,Storage,Central,53711,Madison,Wisconsin,United States,0.0,13.3176,6,665.88,0.02
US-2020-128524,2019-11-11,2019-11-13,Mary Zewe,Belkin,Belkin F5C206VTEL 6 Outlet Surge,Corporate,Office Supplies,Appliances,West,98115,Seattle,Washington,United States,0.0,6.894,1,22.98,0.3
US-2020-128524,2019-11-11,2019-11-13,Mary Zewe,Fellowes,Fellowes PB500 Electric Punch Plastic Comb Binding Machine with Manual Bind,Corporate,Office Supplies,Binders,West,98115,Seattle,Washington,United States,0.2,762.594,2,2033.584,0.375
US-2020-128524,2019-11-11,2019-11-13,Mary Zewe,Belkin,Belkin Standard 104 key USB Keyboard,Corporate,Technology,Accessories,West,98115,Seattle,Washington,United States,0.0,15.3195,7,102.13,0.15
US-2020-140732,2019-11-11,2019-11-13,Matt Abelman,Other,"Commercial WindTunnel Clean Air Upright Vacuum, Replacement Belts, Filtration Bags",Home Office,Office Supplies,Appliances,West,90004,Los Angeles,California,United States,0.0,2.0228,2,7.78,0.26
US-2020-140732,2019-11-11,2019-11-13,Matt Abelman,Xerox,Xerox 1979,Home Office,Office Supplies,Paper,West,90004,Los Angeles,California,United States,0.0,55.764,4,123.92,0.45
US-2020-140732,2019-11-11,2019-11-13,Matt Abelman,Other,Mophie Juice Pack Helium for iPhone,Home Office,Technology,Phones,West,90004,Los Angeles,California,United States,0.2,57.5928,9,575.928,0.1
US-2020-140914,2019-11-11,2019-11-15,Brosina Hoffman,Global,Global Commerce Series High-Back Swivel/Tilt Chairs,Consumer,Furniture,Chairs,Central,60653,Chicago,Illinois,United States,0.3,-56.996,4,797.944,-0.071428571
US-2020-140914,2019-11-11,2019-11-15,Brosina Hoffman,DAX,DAX Wood Document Frame,Consumer,Furniture,Furnishings,Central,60653,Chicago,Illinois,United States,0.6,-7.9634,2,10.984,-0.725
US-2020-143287,2019-11-11,2019-11-17,Kristina Nunn,Wirebound,"Wirebound Message Books, Four 2 3/4"" x 5"" Forms per Page, 600 Sets per Book",Home Office,Office Supplies,Paper,East,10801,New Rochelle,New York,United States,0.0,21.7845,5,46.35,0.47
US-2020-143287,2019-11-11,2019-11-17,Kristina Nunn,Xerox,Xerox 1882,Home Office,Office Supplies,Paper,East,10801,New Rochelle,New York,United States,0.0,109.7208,4,223.92,0.49
US-2020-143287,2019-11-11,2019-11-17,Kristina Nunn,Acme,Acme Value Line Scissors,Home Office,Office Supplies,Supplies,East,10801,New Rochelle,New York,United States,0.0,2.19,2,7.3,0.3
US-2020-155796,2019-11-11,2019-11-15,Tom Stivers,Atlantic,"Atlantic Metals Mobile 3-Shelf Bookcases, Custom Colors",Corporate,Furniture,Bookcases,East,19601,Reading,Pennsylvania,United States,0.5,-250.5408,4,521.96,-0.48
US-2020-155796,2019-11-11,2019-11-15,Tom Stivers,GE,"GE 4 Foot Flourescent Tube, 40 Watt",Corporate,Furniture,Furnishings,East,19601,Reading,Pennsylvania,United States,0.2,7.7896,2,23.968,0.325
US-2020-163419,2019-11-11,2019-11-14,Tracy Zic,Global,"Global Airflow Leather Mesh Back Chair, Black",Consumer,Furniture,Chairs,West,80027,Louisville,Colorado,United States,0.2,75.49,5,603.92,0.125
US-2020-163419,2019-11-11,2019-11-14,Tracy Zic,BIC,"BIC Brite Liner Grip Highlighters, Assorted, 5/Pack",Consumer,Office Supplies,Art,West,80027,Louisville,Colorado,United States,0.2,0.8056,1,3.392,0.2375
US-2020-163419,2019-11-11,2019-11-14,Tracy Zic,Samsung,Samsung Galaxy S III - 16GB - pebble blue (T-Mobile),Consumer,Technology,Phones,West,80027,Louisville,Colorado,United States,0.2,55.9984,2,559.984,0.1
US-2020-165309,2019-11-11,2019-11-15,Karen Daniels,Boston,"Boston Electric Pencil Sharpener, Model 1818, Charcoal Black",Consumer,Office Supplies,Art,Central,77095,Houston,Texas,United States,0.2,6.756,3,67.56,0.1
US-2020-165309,2019-11-11,2019-11-15,Karen Daniels,Universal,"Universal Recycled Hanging Pressboard Report Binders, Letter Size",Consumer,Office Supplies,Binders,Central,77095,Houston,Texas,United States,0.8,-1.9744,1,1.234,-1.6
US-2020-165309,2019-11-11,2019-11-15,Karen Daniels,GBC,GBC DocuBind TL300 Electric Binding System,Consumer,Office Supplies,Binders,Central,77095,Houston,Texas,United States,0.8,-1480.0335,5,896.99,-1.65
US-2020-165309,2019-11-11,2019-11-15,Karen Daniels,Xerox,Xerox 1893,Consumer,Office Supplies,Paper,Central,77095,Houston,Texas,United States,0.2,95.0968,8,262.336,0.3625
US-2020-165309,2019-11-11,2019-11-15,Karen Daniels,Wirebound,"Wirebound Message Book, 4 per Page",Consumer,Office Supplies,Paper,Central,77095,Houston,Texas,United States,0.2,7.8735,5,21.72,0.3625
US-2020-165309,2019-11-11,2019-11-15,Karen Daniels,Other,Geemarc AmpliPOWER60,Consumer,Technology,Phones,Central,77095,Houston,Texas,United States,0.2,16.704,2,148.48,0.1125
US-2020-165309,2019-11-11,2019-11-15,Karen Daniels,Other,Classic Ivory Antique Telephone ZL1810,Consumer,Technology,Phones,Central,77095,Houston,Texas,United States,0.2,15.0735,3,241.176,0.0625
US-2020-122609,2019-11-12,2019-11-18,Darren Powers,GE,"GE General Use Halogen Bulbs, 100 Watts, 1 Bulb per Pack",Consumer,Furniture,Furnishings,Central,75007,Carrollton,Texas,United States,0.6,-6.9102,3,25.128,-0.275
US-2020-122609,2019-11-12,2019-11-18,Darren Powers,Logitech,Logitech G602 Wireless Gaming Mouse,Consumer,Technology,Accessories,Central,75007,Carrollton,Texas,United States,0.2,25.5968,2,127.984,0.2
US-2020-151078,2019-11-12,2019-11-12,Roy Französisch,Other,"Personal Filing Tote with Lid, Black/Gray",Consumer,Office Supplies,Storage,Central,78207,San Antonio,Texas,United States,0.2,4.9632,4,49.632,0.1
US-2020-151295,2019-11-12,2019-11-16,Joseph Airdo,Bevis,Bevis Boat-Shaped Conference Table,Consumer,Furniture,Tables,West,90045,Los Angeles,California,United States,0.2,31.4532,3,629.064,0.05
US-2020-151295,2019-11-12,2019-11-16,Joseph Airdo,Xerox,Xerox 1974,Consumer,Office Supplies,Paper,West,90045,Los Angeles,California,United States,0.0,5.8604,2,11.96,0.49
US-2020-159618,2019-11-12,2019-11-16,Darren Budd,Bestar,Bestar Classic Bookcase,Corporate,Furniture,Bookcases,Central,77036,Houston,Texas,United States,0.32,-12.9987,1,67.9932,-0.191176471
US-2020-159618,2019-11-12,2019-11-16,Darren Budd,Avery,Avery Fluorescent Highlighter Four-Color Set,Corporate,Office Supplies,Art,Central,77036,Houston,Texas,United States,0.2,0.334,1,2.672,0.125
US-2020-159618,2019-11-12,2019-11-16,Darren Budd,Xerox,Xerox 216,Corporate,Office Supplies,Paper,Central,77036,Houston,Texas,United States,0.2,12.7008,7,36.288,0.35
US-2020-159618,2019-11-12,2019-11-16,Darren Budd,Acco,Acco Side-Punched Conventional Columnar Pads,Corporate,Office Supplies,Supplies,Central,77036,Houston,Texas,United States,0.2,-3.123,6,16.656,-0.1875
US-2020-159618,2019-11-12,2019-11-16,Darren Budd,Imation,Imation 16GB Mini TravelDrive USB 2.0 Flash Drive,Corporate,Technology,Accessories,Central,77036,Houston,Texas,United States,0.2,20.8719,3,79.512,0.2625
US-2020-164910,2019-11-12,2019-11-17,Denise Monton,Newell,Newell 350,Corporate,Office Supplies,Art,South,28806,Asheville,North Carolina,United States,0.2,0.8856,3,7.872,0.1125
US-2020-125556,2019-11-14,2019-11-16,Maris LaWare,Acco,Acco 3-Hole Punch,Consumer,Office Supplies,Binders,East,6824,Fairfield,Connecticut,United States,0.0,21.024,10,43.8,0.48
US-2020-125556,2019-11-14,2019-11-16,Maris LaWare,Polycom,Polycom SoundPoint Pro SE-225 Corded phone,Consumer,Technology,Phones,East,6824,Fairfield,Connecticut,United States,0.0,233.2204,7,832.93,0.28
US-2020-151554,2019-11-14,2019-11-15,Candace McMahon,Xerox,Xerox 221,Corporate,Office Supplies,Paper,Central,77506,Pasadena,Texas,United States,0.2,7.2576,4,20.736,0.35
US-2020-161634,2019-11-14,2019-11-20,Chris Cortes,Xerox,Xerox 192,Consumer,Office Supplies,Paper,South,23320,Chesapeake,Virginia,United States,0.0,15.552,5,32.4,0.48
US-2020-162362,2019-11-14,2019-11-18,Jeremy Lonsdale,Avery,Avery Durable Binders,Consumer,Office Supplies,Binders,Central,48640,Midland,Michigan,United States,0.0,5.6448,4,11.52,0.49
US-2020-162362,2019-11-14,2019-11-18,Jeremy Lonsdale,Storex,Storex DuraTech Recycled Plastic Frosted Binders,Consumer,Office Supplies,Binders,Central,48640,Midland,Michigan,United States,0.0,6.36,3,12.72,0.5
US-2020-166989,2019-11-14,2019-11-18,Robert Marley,SAFCO,"Safco Chair Connectors, 6/Carton",Home Office,Furniture,Chairs,East,10011,New York City,New York,United States,0.1,14.6224,2,69.264,0.211111111
US-2020-166989,2019-11-14,2019-11-18,Robert Marley,Adams,"Adams Write n' Stick Phone Message Book, 11"" X 5 1/4"", 200 Messages",Home Office,Office Supplies,Paper,East,10011,New York City,New York,United States,0.0,5.2256,2,11.36,0.46
US-2020-116407,2019-11-15,2019-11-21,Jamie Frazer,Other,"1.7 Cubic Foot Compact ""Cube"" Office Refrigerators",Consumer,Office Supplies,Appliances,South,37604,Johnson City,Tennessee,United States,0.2,29.1424,2,333.056,0.0875
US-2020-116407,2019-11-15,2019-11-21,Jamie Frazer,Newell,Newell 310,Consumer,Office Supplies,Art,South,37604,Johnson City,Tennessee,United States,0.2,0.4752,3,4.224,0.1125
US-2020-116407,2019-11-15,2019-11-21,Jamie Frazer,Southworth,"Southworth 100% Résumé Paper, 24lb.",Consumer,Office Supplies,Paper,South,37604,Johnson City,Tennessee,United States,0.2,7.78,4,24.896,0.3125
US-2020-127558,2019-11-15,2019-11-18,Shahid Shariari,Eldon,Eldon 100 Class Desk Accessories,Consumer,Furniture,Furnishings,West,90008,Los Angeles,California,United States,0.0,3.2352,3,10.11,0.32
US-2020-127558,2019-11-15,2019-11-18,Shahid Shariari,Acme,Acme Box Cutter Scissors,Consumer,Office Supplies,Supplies,West,90008,Los Angeles,California,United States,0.0,5.3196,2,20.46,0.26
US-2020-127558,2019-11-15,2019-11-18,Shahid Shariari,Logitech,Logitech P710e Mobile Speakerphone,Consumer,Technology,Accessories,West,90008,Los Angeles,California,United States,0.0,146.7693,3,772.47,0.19
US-2020-128622,2019-11-15,2019-11-17,Scott Cohen,Acme,Acme Value Line Scissors,Corporate,Office Supplies,Supplies,West,94110,San Francisco,California,United States,0.0,3.285,3,10.95,0.3
US-2020-128888,2019-11-15,2019-11-22,Peter Bühler,Other,Ames Color-File Green Diamond Border X-ray Mailers,Consumer,Office Supplies,Envelopes,Central,77095,Houston,Texas,United States,0.2,204.0714,9,604.656,0.3375
US-2020-119144,2019-11-16,2019-11-18,Justin Deggeller,Bush,"Bush Andora Bookcase, Maple/Graphite Gray Finish",Corporate,Furniture,Bookcases,West,90008,Los Angeles,California,United States,0.15,25.1979,3,305.9745,0.082352941
US-2020-119144,2019-11-16,2019-11-18,Justin Deggeller,Space Solutions,Space Solutions HD Industrial Steel Shelving.,Corporate,Office Supplies,Storage,West,90008,Los Angeles,California,United States,0.0,10.3473,3,344.91,0.03
US-2020-119144,2019-11-16,2019-11-18,Justin Deggeller,OtterBox,OtterBox Commuter Series Case - Samsung Galaxy S4,Corporate,Technology,Phones,West,90008,Los Angeles,California,United States,0.2,-17.9928,4,79.968,-0.225
US-2020-139500,2019-11-16,2019-11-20,Alan Barnes,SAFCO,SAFCO Optional Arm Kit for Workspace Cribbage Stacking Chair,Consumer,Furniture,Chairs,Central,62521,Decatur,Illinois,United States,0.3,-1.0656,2,37.296,-0.028571429
US-2020-147704,2019-11-16,2019-11-21,Steven Roelle,Wilson Jones,Wilson Jones Active Use Binders,Home Office,Office Supplies,Binders,Central,47401,Bloomington,Indiana,United States,0.0,14.2688,4,29.12,0.49
US-2020-147704,2019-11-16,2019-11-21,Steven Roelle,Other,"#10 White Business Envelopes,4 1/8 x 9 1/2",Home Office,Office Supplies,Envelopes,Central,47401,Bloomington,Indiana,United States,0.0,36.8245,5,78.35,0.47
US-2020-147704,2019-11-16,2019-11-21,Steven Roelle,Xerox,Xerox 1954,Home Office,Office Supplies,Paper,Central,47401,Bloomington,Indiana,United States,0.0,14.256,6,31.68,0.45
US-2020-147704,2019-11-16,2019-11-21,Steven Roelle,Other,"File Shuttle II and Handi-File, Black",Home Office,Office Supplies,Storage,Central,47401,Bloomington,Indiana,United States,0.0,42.3625,5,169.45,0.25
US-2020-149643,2019-11-16,2019-11-20,Rick Huthwaite,Jawbone,Jawbone MINI JAMBOX Wireless Bluetooth Speaker,Home Office,Technology,Phones,Central,66502,Manhattan,Kansas,United States,0.0,10.9584,2,273.96,0.04
US-2020-160066,2019-11-16,2019-11-22,Adam Hart,Universal,Permanent Self-Adhesive File Folder Labels for Typewriters by Universal,Corporate,Office Supplies,Labels,West,92646,Huntington Beach,California,United States,0.0,2.4012,2,5.22,0.46
US-2020-101833,2019-11-17,2019-11-22,Frank Gastineau,Southworth,Southworth 100% Cotton The Best Paper,Home Office,Office Supplies,Paper,East,10024,New York City,New York,United States,0.0,17.22,3,34.44,0.5
US-2020-119375,2019-11-17,2019-11-22,Yoseph Carroll,Eldon,Eldon Econocleat Chair Mats for Low Pile Carpets,Corporate,Furniture,Furnishings,East,19711,Newark,Delaware,United States,0.0,14.9292,3,124.41,0.12
US-2020-119375,2019-11-17,2019-11-22,Yoseph Carroll,Other,Deluxe Chalkboard Eraser Cleaner,Corporate,Office Supplies,Art,East,19711,Newark,Delaware,United States,0.0,26.565,5,57.75,0.46
US-2020-119375,2019-11-17,2019-11-22,Yoseph Carroll,Smead,Smead Adjustable Mobile File Trolley with Lockable Top,Corporate,Office Supplies,Storage,East,19711,Newark,Delaware,United States,0.0,792.2691,7,2934.33,0.27
US-2020-128209,2019-11-17,2019-11-22,Greg Tran,DMI,DMI Eclipse Executive Suite Bookcases,Consumer,Furniture,Bookcases,East,14215,Buffalo,New York,United States,0.2,-50.098,10,4007.84,-0.0125
US-2020-128209,2019-11-17,2019-11-22,Greg Tran,GBC,GBC DocuBind TL300 Electric Binding System,Consumer,Office Supplies,Binders,East,14215,Buffalo,New York,United States,0.2,726.5619,3,2152.776,0.3375
US-2020-130869,2019-11-17,2019-11-21,Cassandra Brandow,Other,"Redi-Strip #10 Envelopes, 4 1/8 x 9 1/2",Consumer,Office Supplies,Envelopes,Central,75104,Cedar Hill,Texas,United States,0.2,2.478,3,7.08,0.35
US-2020-140662,2019-11-17,2019-11-19,Thomas Seio,Other,APC 7 Outlet Network SurgeArrest Surge Protector,Corporate,Office Supplies,Appliances,West,94109,San Francisco,California,United States,0.0,72.432,3,241.44,0.3
US-2020-140662,2019-11-17,2019-11-19,Thomas Seio,Xerox,Xerox 1941,Corporate,Office Supplies,Paper,West,94109,San Francisco,California,United States,0.0,352.296,7,733.95,0.48
US-2020-140662,2019-11-17,2019-11-19,Thomas Seio,Other,Case Logic 2.4GHz Wireless Keyboard,Corporate,Technology,Accessories,West,94109,San Francisco,California,United States,0.0,7.9984,2,99.98,0.08
US-2020-145926,2019-11-17,2019-11-21,Mark Packer,Global,Global Super Steno Chair,Home Office,Furniture,Chairs,Central,56560,Moorhead,Minnesota,United States,0.0,81.583,5,479.9,0.17
US-2020-159835,2019-11-17,2019-11-24,Randy Bradley,Hon,Hon Every-Day Series Multi-Task Chairs,Consumer,Furniture,Chairs,East,19143,Philadelphia,Pennsylvania,United States,0.3,-93.99,5,657.93,-0.142857143
US-2020-159835,2019-11-17,2019-11-24,Randy Bradley,Southworth,"Southworth 100% Résumé Paper, 24lb.",Consumer,Office Supplies,Paper,East,19143,Philadelphia,Pennsylvania,United States,0.2,3.89,2,12.448,0.3125
US-2020-104829,2019-11-18,2019-11-21,John Grady,Adams,"Adams ""While You Were Out"" Message Pads",Corporate,Office Supplies,Paper,West,84604,Provo,Utah,United States,0.0,9.891,7,21.98,0.45
US-2020-115336,2019-11-18,2019-11-25,Ann Blume,GBC,"GBC White Gloss Covers, Plain Front",Corporate,Office Supplies,Binders,Central,60623,Chicago,Illinois,United States,0.8,-23.892,5,14.48,-1.65
US-2020-124702,2019-11-18,2019-11-25,Maya Herman,Howard Miller,"Howard Miller 13-1/2"" Diameter Rosebrook Wall Clock",Corporate,Furniture,Furnishings,West,98105,Seattle,Washington,United States,0.0,55.016,2,137.54,0.4
US-2020-124702,2019-11-18,2019-11-25,Maya Herman,Lesro,"Lesro Round Back Collection Coffee Table, End Table",Corporate,Furniture,Tables,West,98105,Seattle,Washington,United States,0.0,94.926,4,730.2,0.13
US-2020-133809,2019-11-18,2019-11-23,MaryBeth Skach,Pressboard,Pressboard Hanging Data Binders for Unburst Sheets,Consumer,Office Supplies,Binders,East,45014,Fairfield,Ohio,United States,0.7,-8.6592,8,11.808,-0.733333333
US-2020-133809,2019-11-18,2019-11-23,MaryBeth Skach,Other,PNY Rapid USB Car Charger - Black,Consumer,Technology,Phones,East,45014,Fairfield,Ohio,United States,0.4,-2.0774,2,9.588,-0.216666667
US-2020-141173,2019-11-18,2019-11-20,Julie Creighton,Fellowes,Fellowes Desktop Hanging File Manager,Corporate,Office Supplies,Storage,Central,55407,Minneapolis,Minnesota,United States,0.0,16.7875,5,67.15,0.25
US-2020-159926,2019-11-18,2019-11-22,Carlos Soltero,Eldon,"Eldon Executive Woodline II Desk Accessories, Mahogany",Consumer,Furniture,Furnishings,East,19140,Philadelphia,Pennsylvania,United States,0.2,5.2773,3,60.312,0.0875
US-2020-159926,2019-11-18,2019-11-22,Carlos Soltero,Fellowes,Fellowes PB200 Plastic Comb Binding Machine,Consumer,Office Supplies,Binders,East,19140,Philadelphia,Pennsylvania,United States,0.7,-40.7976,1,50.997,-0.8
US-2020-159926,2019-11-18,2019-11-22,Carlos Soltero,Other,Peel & Stick Add-On Corner Pockets,Consumer,Office Supplies,Binders,East,19140,Philadelphia,Pennsylvania,United States,0.7,-1.4256,3,1.944,-0.733333333
US-2020-159926,2019-11-18,2019-11-22,Carlos Soltero,SAFCO,Safco Industrial Wire Shelving,Consumer,Office Supplies,Storage,East,19140,Philadelphia,Pennsylvania,United States,0.2,-16.3183,1,76.792,-0.2125
US-2020-159926,2019-11-18,2019-11-22,Carlos Soltero,Motorola,Motorola Droid Maxx,Consumer,Technology,Phones,East,19140,Philadelphia,Pennsylvania,United States,0.4,-107.9928,6,539.964,-0.2
US-2020-161032,2019-11-18,2019-11-23,Michael Kennedy,Office Star,Office Star - Mesh Screen back chair with Vinyl seat,Corporate,Furniture,Chairs,Central,53132,Franklin,Wisconsin,United States,0.0,43.2234,3,392.94,0.11
US-2020-163468,2019-11-18,2019-11-21,Joe Kamberova,Hon,Hon 4-Shelf Metal Bookcases,Consumer,Furniture,Bookcases,Central,60016,Des Plaines,Illinois,United States,0.3,-30.294,6,424.116,-0.071428571
US-2020-163468,2019-11-18,2019-11-21,Joe Kamberova,Dana,Dana Swing-Arm Lamps,Consumer,Furniture,Furnishings,Central,60016,Des Plaines,Illinois,United States,0.6,-7.476,2,8.544,-0.875
US-2020-163468,2019-11-18,2019-11-21,Joe Kamberova,Other,BPI Conference Tables,Consumer,Furniture,Tables,Central,60016,Des Plaines,Illinois,United States,0.5,-175.26,4,292.1,-0.6
US-2020-163468,2019-11-18,2019-11-21,Joe Kamberova,Wilson Jones,Wilson Jones Turn Tabs Binder Tool for Ring Binders,Consumer,Office Supplies,Binders,Central,60016,Des Plaines,Illinois,United States,0.8,-4.9164,3,2.892,-1.7
US-2020-163468,2019-11-18,2019-11-21,Joe Kamberova,Fellowes,Fellowes Stor/Drawer Steel Plus Storage Drawers,Consumer,Office Supplies,Storage,Central,60016,Des Plaines,Illinois,United States,0.2,-66.801,5,381.72,-0.175
US-2020-164210,2019-11-18,2019-11-20,Pierre Wener,Bevis,Bevis Rectangular Conference Tables,Consumer,Furniture,Tables,West,80027,Louisville,Colorado,United States,0.5,-99.2664,2,145.98,-0.68
US-2020-164210,2019-11-18,2019-11-20,Pierre Wener,Other,"Geographics Note Cards, Blank, White, 8 1/2"" x 11""",Consumer,Office Supplies,Paper,West,80027,Louisville,Colorado,United States,0.2,12.5328,4,35.808,0.35
US-2020-100972,2019-11-19,2019-11-24,Dennis Bolton,Xerox,Xerox 1888,Home Office,Office Supplies,Paper,West,84106,Salt Lake City,Utah,United States,0.0,79.8912,3,166.44,0.48
US-2020-123183,2019-11-19,2019-11-25,Georgia Rosenberg,Sauder,Sauder Inglewood Library Bookcases,Corporate,Furniture,Bookcases,East,19805,Wilmington,Delaware,United States,0.0,235.9524,6,1025.88,0.23
US-2020-123183,2019-11-19,2019-11-25,Georgia Rosenberg,Premier,"Premier Elliptical Ring Binder, Black",Corporate,Office Supplies,Binders,East,19805,Wilmington,Delaware,United States,0.0,102.2784,7,213.08,0.48
US-2020-123183,2019-11-19,2019-11-25,Georgia Rosenberg,Avery,Avery 499,Corporate,Office Supplies,Labels,East,19805,Wilmington,Delaware,United States,0.0,4.5816,2,9.96,0.46
US-2020-123183,2019-11-19,2019-11-25,Georgia Rosenberg,Avery,Avery 480,Corporate,Office Supplies,Labels,East,19805,Wilmington,Delaware,United States,0.0,10.8,6,22.5,0.48
US-2020-128062,2019-11-19,2019-11-22,Alan Dominguez,Other,"1/4 Fold Party Design Invitations & White Envelopes, 24 8-1/2"" X 11"" Cards, 25 Env./Pack",Home Office,Office Supplies,Paper,East,19134,Philadelphia,Pennsylvania,United States,0.2,1.9845,1,5.88,0.3375
US-2020-144624,2019-11-19,2019-11-23,John Murray,Apple,Apple iPhone 5,Consumer,Technology,Phones,East,14701,Jamestown,New York,United States,0.0,1228.1787,7,4548.81,0.27
US-2020-149034,2019-11-19,2019-11-21,Ruben Dartt,Logitech,Logitech G105 Gaming Keyboard,Consumer,Technology,Accessories,East,19120,Philadelphia,Pennsylvania,United States,0.2,-1.1874,1,47.496,-0.025
US-2020-150518,2019-11-19,2019-11-24,Mitch Webber,Other,Recycled Steel Personal File for Standard File Folders,Consumer,Office Supplies,Storage,Central,55433,Coon Rapids,Minnesota,United States,0.0,57.5016,4,221.16,0.26
US-2020-150518,2019-11-19,2019-11-24,Mitch Webber,Jabra,Jabra SPEAK 410,Consumer,Technology,Phones,Central,55433,Coon Rapids,Minnesota,United States,0.0,78.9516,3,281.97,0.28
US-2020-158274,2019-11-19,2019-11-24,Robert Marley,HP,HP Standard 104 key PS/2 Keyboard,Home Office,Technology,Accessories,South,71203,Monroe,Louisiana,United States,0.0,7.25,2,29.0,0.25
US-2020-158274,2019-11-19,2019-11-24,Robert Marley,AT&T,AT&T TR1909W,Home Office,Technology,Phones,South,71203,Monroe,Louisiana,United States,0.0,131.0296,4,503.96,0.26
US-2020-158274,2019-11-19,2019-11-24,Robert Marley,Nokia,Nokia Lumia 521 (T-Mobile),Home Office,Technology,Phones,South,71203,Monroe,Louisiana,United States,0.0,41.986,5,149.95,0.28
US-2020-140396,2019-11-20,2019-11-25,Katharine Harms,3M,3M Organizer Strips,Corporate,Office Supplies,Binders,East,10024,New York City,New York,United States,0.2,4.536,3,12.96,0.35
US-2020-140396,2019-11-20,2019-11-25,Katharine Harms,Peel & Seel,"Peel & Seel Recycled Catalog Envelopes, Brown",Corporate,Office Supplies,Envelopes,East,10024,New York City,New York,United States,0.0,17.37,3,34.74,0.5
US-2020-140396,2019-11-20,2019-11-25,Katharine Harms,Xerox,Xerox 2000,Corporate,Office Supplies,Paper,East,10024,New York City,New York,United States,0.0,12.4416,4,25.92,0.48
US-2020-140396,2019-11-20,2019-11-25,Katharine Harms,Other,Toshiba IPT2010-SD IP Telephone,Corporate,Technology,Phones,East,10024,New York City,New York,United States,0.0,216.8244,6,833.94,0.26
US-2020-102274,2019-11-21,2019-11-26,Dave Hallsten,Newell,Newell 322,Corporate,Office Supplies,Art,South,40475,Richmond,Kentucky,United States,0.0,1.4742,3,5.46,0.27
US-2020-102274,2019-11-21,2019-11-26,Dave Hallsten,Other,Multicolor Computer Printout Paper,Corporate,Office Supplies,Paper,South,40475,Richmond,Kentucky,United States,0.0,301.968,6,629.1,0.48
US-2020-102274,2019-11-21,2019-11-26,Dave Hallsten,Space Solutions,Space Solutions Commercial Steel Shelving,Corporate,Office Supplies,Storage,South,40475,Richmond,Kentucky,United States,0.0,9.6975,3,193.95,0.05
US-2020-102274,2019-11-21,2019-11-26,Dave Hallsten,Logitech,"Logitech B530 USB Headset - headset - Full size, Binaural",Corporate,Technology,Phones,South,40475,Richmond,Kentucky,United States,0.0,9.9873,1,36.99,0.27
US-2020-103401,2019-11-21,2019-11-26,Georgia Rosenberg,Xerox,Xerox 211,Corporate,Office Supplies,Paper,West,94110,San Francisco,California,United States,0.0,6.2208,2,12.96,0.48
US-2020-154781,2019-11-21,2019-11-26,Steve Carroll,TOPS,Tops Wirebound Message Log Books,Home Office,Office Supplies,Paper,West,94110,San Francisco,California,United States,0.0,3.0268,2,6.58,0.46
US-2020-154781,2019-11-21,2019-11-26,Steve Carroll,Kensington,Kensington Expert Mouse Optical USB Trackball for PC or Mac,Home Office,Technology,Accessories,West,94110,San Francisco,California,United States,0.0,28.497,1,94.99,0.3
US-2020-168501,2019-11-21,2019-11-27,Jason Klamczynski,Poly,Poly String Tie Envelopes,Corporate,Office Supplies,Envelopes,Central,75220,Dallas,Texas,United States,0.2,0.5508,1,1.632,0.3375
US-2020-168501,2019-11-21,2019-11-27,Jason Klamczynski,RCA,RCA Visys Integrated PBX 8-Line Router,Corporate,Technology,Phones,Central,75220,Dallas,Texas,United States,0.2,16.7475,5,267.96,0.0625
US-2020-105340,2019-11-22,2019-11-25,Evan Henry,Wilson Jones,Wilson Jones Heavy-Duty Casebound Ring Binders with Metal Hinges,Consumer,Office Supplies,Binders,Central,77506,Pasadena,Texas,United States,0.8,-11.0848,1,6.928,-1.6
US-2020-112200,2019-11-22,2019-11-28,Tony Chapman,Avery,"Avery Framed View Binder, EZD Ring (Locking), Navy, 1 1/2""",Home Office,Office Supplies,Binders,Central,60440,Bolingbrook,Illinois,United States,0.8,-16.467,5,9.98,-1.65
US-2020-125682,2019-11-22,2019-11-25,Robert Barroso,Hammermil,Hammermill CopyPlus Copy Paper (20Lb. and 84 Bright),Corporate,Office Supplies,Paper,South,30318,Atlanta,Georgia,United States,0.0,4.8804,2,9.96,0.49
US-2020-129091,2019-11-22,2019-11-27,Ruben Ausman,Other,Holmes Harmony HEPA Air Purifier for 17 x 20 Room,Corporate,Office Supplies,Appliances,South,31907,Columbus,Georgia,United States,0.0,290.3016,3,675.12,0.43
US-2020-129091,2019-11-22,2019-11-27,Ruben Ausman,GBC,GBC ProClick Punch Binding System,Corporate,Office Supplies,Binders,South,31907,Columbus,Georgia,United States,0.0,156.751,5,319.9,0.49
US-2020-129091,2019-11-22,2019-11-27,Ruben Ausman,Staple envelope,Staple envelope,Corporate,Office Supplies,Envelopes,South,31907,Columbus,Georgia,United States,0.0,5.3392,2,11.36,0.47
US-2020-129091,2019-11-22,2019-11-27,Ruben Ausman,Other,Fashion Color Clasp Envelopes,Corporate,Office Supplies,Envelopes,South,31907,Columbus,Georgia,United States,0.0,7.9527,3,16.23,0.49
US-2020-135090,2019-11-22,2019-11-26,Susan Pistek,Xerox,Xerox 1895,Consumer,Office Supplies,Paper,West,90036,Los Angeles,California,United States,0.0,24.219,9,53.82,0.45
US-2020-110352,2019-11-23,2019-11-29,Emily Ducich,Other,Alphabetical Labels for Top Tab Filing,Home Office,Office Supplies,Labels,Central,77036,Houston,Texas,United States,0.2,8.88,2,23.68,0.375
US-2020-120544,2019-11-23,2019-11-27,Saphhira Shifley,Staple-based wall hangings,Staple-based wall hangings,Corporate,Furniture,Furnishings,Central,75150,Mesquite,Texas,United States,0.6,-2.5472,2,6.368,-0.4
US-2020-120544,2019-11-23,2019-11-27,Saphhira Shifley,Other,"Conquest 14 Commercial Heavy-Duty Upright Vacuum, Collection System, Accessory Kit",Corporate,Office Supplies,Appliances,Central,75150,Mesquite,Texas,United States,0.8,-87.1488,3,34.176,-2.55
US-2020-120544,2019-11-23,2019-11-27,Saphhira Shifley,Maxell,Maxell 4.7GB DVD-R 5/Pack,Corporate,Technology,Accessories,Central,75150,Mesquite,Texas,United States,0.2,1.6632,7,5.544,0.3
US-2020-139283,2019-11-23,2019-11-27,Bobby Trafton,Other,UniKeep View Case Binders,Consumer,Office Supplies,Binders,Central,48227,Detroit,Michigan,United States,0.0,6.7482,3,14.67,0.46
US-2020-143721,2019-11-23,2019-11-26,Damala Kotsonis,Office Star,Office Star Flex Back Scooter Chair with White Frame,Corporate,Furniture,Chairs,Central,77095,Houston,Texas,United States,0.3,-35.5136,2,155.372,-0.228571429
US-2020-149055,2019-11-23,2019-11-28,Phillip Breyer,Other,Quality Park Security Envelopes,Corporate,Office Supplies,Envelopes,East,19134,Philadelphia,Pennsylvania,United States,0.2,21.1977,3,62.808,0.3375
US-2020-157385,2019-11-23,2019-11-25,Sanjit Chand,SAFCO,Safco Contoured Stacking Chairs,Consumer,Furniture,Chairs,West,90004,Los Angeles,California,United States,0.2,23.84,2,381.44,0.0625
US-2020-157385,2019-11-23,2019-11-25,Sanjit Chand,Novimex,Novimex Swivel Fabric Task Chair,Consumer,Furniture,Chairs,West,90004,Los Angeles,California,United States,0.2,-67.941,5,603.92,-0.1125
US-2020-157385,2019-11-23,2019-11-25,Sanjit Chand,Other,Pastel Pink Envelopes,Consumer,Office Supplies,Envelopes,West,90004,Los Angeles,California,United States,0.0,10.4832,3,21.84,0.48
US-2020-157385,2019-11-23,2019-11-25,Sanjit Chand,Belkin,Belkin F8E887 USB Wired Ergonomic Keyboard,Consumer,Technology,Accessories,West,90004,Los Angeles,California,United States,0.0,6.2979,1,29.99,0.21
US-2020-159625,2019-11-23,2019-11-28,Sally Matthias,Staple envelope,Staple envelope,Consumer,Office Supplies,Envelopes,West,85254,Scottsdale,Arizona,United States,0.2,8.802,3,23.472,0.375
US-2020-100762,2019-11-24,2019-11-29,Nat Gilpin,Hunt,"Hunt PowerHouse Electric Pencil Sharpener, Blue",Corporate,Office Supplies,Art,Central,49201,Jackson,Michigan,United States,0.0,45.576,4,151.92,0.3
US-2020-100762,2019-11-24,2019-11-29,Nat Gilpin,Other,"Dot Matrix Printer Tape Reel Labels, White, 5000/Box",Corporate,Office Supplies,Labels,Central,49201,Jackson,Michigan,United States,0.0,96.3438,2,196.62,0.49
US-2020-100762,2019-11-24,2019-11-29,Nat Gilpin,Xerox,Xerox 1885,Corporate,Office Supplies,Paper,Central,49201,Jackson,Michigan,United States,0.0,69.1776,3,144.12,0.48
US-2020-100762,2019-11-24,2019-11-29,Nat Gilpin,Adams,"Adams Telephone Message Book w/Frequently-Called Numbers Space, 400 Messages per Book",Corporate,Office Supplies,Paper,Central,49201,Jackson,Michigan,United States,0.0,7.98,2,15.96,0.5
US-2020-102295,2019-11-24,2019-11-26,Erica Hackney,Global,"Global Leather & Oak Executive Chair, Burgundy",Consumer,Furniture,Chairs,West,95823,Sacramento,California,United States,0.2,-18.1068,1,120.712,-0.15
US-2020-105984,2019-11-24,2019-11-24,Muhammed Yedwab,Global,Global Executive Mid-Back Manager's Chair,Corporate,Furniture,Chairs,East,43229,Columbus,Ohio,United States,0.3,-34.9176,3,611.058,-0.057142857
US-2020-105984,2019-11-24,2019-11-24,Muhammed Yedwab,Samsung,Samsung Galaxy S III - 16GB - pebble blue (T-Mobile),Corporate,Technology,Phones,East,43229,Columbus,Ohio,United States,0.4,-209.994,5,1049.97,-0.2
US-2020-111360,2019-11-24,2019-11-30,Alyssa Tate,Acco,Acco Expandable Hanging Binders,Home Office,Office Supplies,Binders,East,44312,Akron,Ohio,United States,0.7,-4.5936,3,5.742,-0.8
US-2020-115973,2019-11-24,2019-11-26,Nathan Gelder,Crayola,Crayola Colored Pencils,Consumer,Office Supplies,Art,East,45231,Cincinnati,Ohio,United States,0.2,0.4264,1,2.624,0.1625
US-2020-122217,2019-11-24,2019-11-29,Harold Pawlan,Executive Impressions,"Executive Impressions 14""",Home Office,Furniture,Furnishings,South,23464,Virginia Beach,Virginia,United States,0.0,48.906,5,111.15,0.44
US-2020-127131,2019-11-24,2019-11-30,Harold Ryan,Other,Peel & Stick Add-On Corner Pockets,Corporate,Office Supplies,Binders,West,98103,Seattle,Washington,United States,0.2,4.2336,7,12.096,0.35
US-2020-127131,2019-11-24,2019-11-30,Harold Ryan,Xerox,Xerox 220,Corporate,Office Supplies,Paper,West,98103,Seattle,Washington,United States,0.0,12.4416,4,25.92,0.48
US-2020-127131,2019-11-24,2019-11-30,Harold Ryan,Other,"Recycled Data-Pak for Archival Bound Computer Printouts, 12-1/2 x 12-1/2 x 16",Corporate,Office Supplies,Storage,West,98103,Seattle,Washington,United States,0.0,53.3466,2,197.58,0.27
US-2020-127131,2019-11-24,2019-11-30,Harold Ryan,Carina,"Carina 42""Hx23 3/4""W Media Storage Unit",Corporate,Office Supplies,Storage,West,98103,Seattle,Washington,United States,0.0,9.7176,6,485.88,0.02
US-2020-153850,2019-11-24,2019-11-29,Thea Hendricks,Eldon,"Eldon 200 Class Desk Accessories, Burgundy",Consumer,Furniture,Furnishings,East,43615,Toledo,Ohio,United States,0.2,9.6712,7,35.168,0.275
US-2020-153850,2019-11-24,2019-11-29,Thea Hendricks,Samsung,Samsung Galaxy S4,Consumer,Technology,Phones,East,43615,Toledo,Ohio,United States,0.4,-250.396,4,1502.376,-0.166666667
US-2020-158540,2019-11-24,2019-11-26,Vivek Gonzalez,Eldon,"Eldon Delta Triangular Chair Mat, 52"" x 58"", Clear",Consumer,Furniture,Furnishings,West,92037,San Diego,California,United States,0.0,27.3096,4,151.72,0.18
US-2020-163034,2019-11-24,2019-11-28,Darren Koutras,Fellowes,Fellowes Super Stor/Drawer Files,Consumer,Office Supplies,Storage,Central,60610,Chicago,Illinois,United States,0.2,-8.0775,5,646.2,-0.0125
US-2020-167360,2019-11-24,2019-11-29,Richard Bierner,Memorex,Memorex Mini Travel Drive 16 GB USB 2.0 Flash Drive,Consumer,Technology,Accessories,Central,63116,Saint Louis,Missouri,United States,0.0,43.5981,7,111.79,0.39
US-2020-107993,2019-11-25,2019-11-30,Sanjit Engle,Dixon,Dixon Ticonderoga Core-Lock Colored Pencils,Consumer,Office Supplies,Art,West,97477,Springfield,Oregon,United States,0.2,8.2901,7,51.016,0.1625
US-2020-119151,2019-11-25,2019-11-29,Mike Pelletier,Sauder,"Sauder Camden County Collection Libraries, Planked Cherry Finish",Home Office,Furniture,Bookcases,East,10009,New York City,New York,United States,0.2,-37.9434,3,275.952,-0.1375
US-2020-119151,2019-11-25,2019-11-29,Mike Pelletier,Tennsco,"Tennsco Snap-Together Open Shelving Units, Starter Sets and Add-On Units",Home Office,Office Supplies,Storage,East,10009,New York City,New York,United States,0.0,55.896,4,1117.92,0.05
US-2020-122588,2019-11-25,2019-11-27,Andy Reiter,DAX,DAX Black Cherry Wood-Tone Poster Frame,Consumer,Furniture,Furnishings,East,2895,Woonsocket,Rhode Island,United States,0.0,20.1248,2,52.96,0.38
US-2020-127446,2019-11-25,2019-11-30,Matt Collister,Master Caster,"Master Caster Door Stop, Brown",Corporate,Furniture,Furnishings,Central,76017,Arlington,Texas,United States,0.6,-3.9624,3,6.096,-0.65
US-2020-127446,2019-11-25,2019-11-30,Matt Collister,Bretford,Bretford CR4500 Series Slim Rectangular Table,Corporate,Furniture,Tables,Central,76017,Arlington,Texas,United States,0.3,-121.8735,5,1218.735,-0.1
US-2020-127446,2019-11-25,2019-11-30,Matt Collister,Avery,Avery 52,Corporate,Office Supplies,Labels,Central,76017,Arlington,Texas,United States,0.2,1.9926,2,5.904,0.3375
US-2020-127446,2019-11-25,2019-11-30,Matt Collister,Avery,Avery 520,Corporate,Office Supplies,Labels,Central,76017,Arlington,Texas,United States,0.2,0.882,1,2.52,0.35
US-2020-127446,2019-11-25,2019-11-30,Matt Collister,Southworth,Southworth 25% Cotton Granite Paper & Envelopes,Corporate,Office Supplies,Paper,Central,76017,Arlington,Texas,United States,0.2,5.1012,3,15.696,0.325
US-2020-127446,2019-11-25,2019-11-30,Matt Collister,KeyTronic,KeyTronic KT400U2 - Keyboard - Black,Corporate,Technology,Accessories,Central,76017,Arlington,Texas,United States,0.2,0.0,3,24.672,0.0
US-2020-144078,2019-11-25,2019-11-29,Richard Bierner,Hon,Hon GuestStacker Chair,Consumer,Furniture,Chairs,West,90004,Los Angeles,California,United States,0.2,54.4008,4,725.344,0.075
US-2020-144078,2019-11-25,2019-11-29,Richard Bierner,Staples in misc. colors,Staples in misc. colors,Consumer,Office Supplies,Art,West,90004,Los Angeles,California,United States,0.0,2.604,3,7.44,0.35
US-2020-144078,2019-11-25,2019-11-29,Richard Bierner,Logitech,Logitech Mobile Speakerphone P710e - speaker phone,Consumer,Technology,Phones,West,90004,Los Angeles,California,United States,0.2,47.243,5,539.92,0.0875
US-2020-164721,2019-11-25,2019-11-27,Laurel Workman,Staple-based wall hangings,Staple-based wall hangings,Corporate,Furniture,Furnishings,West,94513,Brentwood,California,United States,0.0,10.5072,3,23.88,0.44
US-2020-164721,2019-11-25,2019-11-27,Laurel Workman,Belkin,Belkin F9G930V10-GRY 9 Outlet Surge,Corporate,Office Supplies,Appliances,West,94513,Brentwood,California,United States,0.0,93.0552,6,320.88,0.29
US-2020-164721,2019-11-25,2019-11-27,Laurel Workman,Wirebound,"Wirebound Message Books, Four 2 3/4 x 5 White Forms per Page",Corporate,Office Supplies,Paper,West,94513,Brentwood,California,United States,0.0,12.3096,4,26.76,0.46
US-2020-124730,2019-11-26,2019-11-26,Lynn Smith,Pressboard,Pressboard Data Binders by Wilson Jones,Consumer,Office Supplies,Binders,East,13501,Utica,New York,United States,0.2,5.7672,4,17.088,0.3375
US-2020-124730,2019-11-26,2019-11-26,Lynn Smith,Acco,"Acco PRESSTEX Data Binder with Storage Hooks, Dark Blue, 14 7/8"" X 11""",Consumer,Office Supplies,Binders,East,13501,Utica,New York,United States,0.2,4.6806,3,12.912,0.3625
US-2020-124730,2019-11-26,2019-11-26,Lynn Smith,Avery,"Avery Address/Shipping Labels for Typewriters, 4"" x 2""",Consumer,Office Supplies,Labels,East,13501,Utica,New York,United States,0.0,44.712,9,93.15,0.48
US-2020-124730,2019-11-26,2019-11-26,Lynn Smith,Avery,Avery File Folder Labels,Consumer,Office Supplies,Labels,East,13501,Utica,New York,United States,0.0,5.6448,4,11.52,0.49
US-2020-124730,2019-11-26,2019-11-26,Lynn Smith,Clearsounds,ClearSounds CSC500 Amplified Spirit Phone Corded phone,Consumer,Technology,Phones,East,13501,Utica,New York,United States,0.0,78.3888,4,279.96,0.28
US-2020-141110,2019-11-26,2019-12-01,Luke Schmidt,Fellowes,Fellowes Mighty 8 Compact Surge Protector,Corporate,Office Supplies,Appliances,West,93727,Fresno,California,United States,0.0,11.3512,2,40.54,0.28
US-2020-141110,2019-11-26,2019-12-01,Luke Schmidt,Other,SpineVue Locking Slant-D Ring Binders by Cardinal,Corporate,Office Supplies,Binders,West,93727,Fresno,California,United States,0.2,2.5592,1,7.312,0.35
US-2020-141110,2019-11-26,2019-12-01,Luke Schmidt,Wilson Jones,Wilson Jones Easy Flow II Sheet Lifters,Corporate,Office Supplies,Binders,West,93727,Fresno,California,United States,0.2,1.512,3,4.32,0.35
US-2020-141110,2019-11-26,2019-12-01,Luke Schmidt,Xerox,Xerox 1970,Corporate,Office Supplies,Paper,West,93727,Fresno,California,United States,0.0,7.0218,3,14.94,0.47
US-2020-147606,2019-11-26,2019-12-01,Joel Eaton,Eldon,"Eldon Expressions Desk Accessory, Wood Pencil Holder, Oak",Consumer,Furniture,Furnishings,Central,77070,Houston,Texas,United States,0.6,-14.475,5,19.3,-0.75
US-2020-147648,2019-11-26,2019-12-01,Lindsay Shagiari,Xerox,Xerox 1893,Home Office,Office Supplies,Paper,West,94109,San Francisco,California,United States,0.0,40.1702,2,81.98,0.49
US-2020-168984,2019-11-26,2019-12-02,Natalie Webber,Xerox,Xerox 2,Consumer,Office Supplies,Paper,West,97224,Tigard,Oregon,United States,0.2,5.4432,3,15.552,0.35
US-2020-168984,2019-11-26,2019-12-02,Natalie Webber,Office Impressions,Office Impressions Heavy Duty Welded Shelving & Multimedia Storage Drawers,Consumer,Office Supplies,Storage,West,97224,Tigard,Oregon,United States,0.2,-167.27,5,669.08,-0.25
US-2020-168984,2019-11-26,2019-12-02,Natalie Webber,Jawbone,Jawbone MINI JAMBOX Wireless Bluetooth Speaker,Consumer,Technology,Phones,West,97224,Tigard,Oregon,United States,0.2,-87.6672,4,438.336,-0.2
US-2020-119032,2019-11-27,2019-12-03,Maxwell Schwartz,Other,Staples,Consumer,Office Supplies,Fasteners,East,10035,New York City,New York,United States,0.0,1.316,2,3.76,0.35
US-2020-167486,2019-11-27,2019-12-01,Jack O'Briant,Eldon,Eldon Radial Chair Mat for Low to Medium Pile Carpets,Corporate,Furniture,Furnishings,East,14215,Buffalo,New York,United States,0.0,39.98,5,199.9,0.2
US-2020-101560,2019-11-28,2019-12-01,Chris Selesnick,Eldon,Eldon Cleatmat Plus Chair Mats for High Pile Carpets,Corporate,Furniture,Furnishings,South,29203,Columbia,South Carolina,United States,0.0,43.736,5,397.6,0.11
US-2020-101560,2019-11-28,2019-12-01,Chris Selesnick,Crayola,Crayola Colored Pencils,Corporate,Office Supplies,Art,South,29203,Columbia,South Carolina,United States,0.0,4.3296,4,13.12,0.33
US-2020-101560,2019-11-28,2019-12-01,Chris Selesnick,GBC,"GBC Twin Loop Wire Binding Elements, 9/16"" Spine, Black",Corporate,Office Supplies,Binders,South,29203,Columbia,South Carolina,United States,0.0,22.3734,3,45.66,0.49
US-2020-101560,2019-11-28,2019-12-01,Chris Selesnick,Xerox,Xerox 1933,Corporate,Office Supplies,Paper,South,29203,Columbia,South Carolina,United States,0.0,40.4012,7,85.96,0.47
US-2020-105249,2019-11-28,2019-11-28,Duane Huffman,Sauder,"Sauder Camden County Barrister Bookcase, Planked Cherry Finish",Home Office,Furniture,Bookcases,West,94122,San Francisco,California,United States,0.15,-4.8392,4,411.332,-0.011764706
US-2020-105249,2019-11-28,2019-11-28,Duane Huffman,Avery,Avery 489,Home Office,Office Supplies,Labels,West,94122,San Francisco,California,United States,0.0,19.872,4,41.4,0.48
US-2020-105249,2019-11-28,2019-11-28,Duane Huffman,Staple remover,Staple remover,Home Office,Office Supplies,Supplies,West,94122,San Francisco,California,United States,0.0,0.1472,2,7.36,0.02
US-2020-120175,2019-11-28,2019-12-03,Matthew Clasen,Other,Laser & Ink Jet Business Envelopes,Corporate,Office Supplies,Envelopes,Central,47374,Richmond,Indiana,United States,0.0,29.4492,6,64.02,0.46
US-2020-121167,2019-11-28,2019-11-30,Mary O'Rourke,GBC,"GBC Standard Recycled Report Covers, Clear Plastic Sheets",Consumer,Office Supplies,Binders,East,11520,Freeport,New York,United States,0.2,6.0368,2,17.248,0.35
US-2020-121629,2019-11-28,2019-12-02,Brian Thompson,Other,StarTech.com 10/100 VDSL2 Ethernet Extender Kit,Consumer,Technology,Machines,Central,77041,Houston,Texas,United States,0.4,-199.77,5,998.85,-0.2
US-2020-159800,2019-11-28,2019-12-01,Sheri Gordon,Acco,Acco 6 Outlet Guardian Premium Surge Suppressor,Consumer,Office Supplies,Appliances,West,94109,San Francisco,California,United States,0.0,11.7936,3,43.68,0.27
US-2020-159800,2019-11-28,2019-12-01,Sheri Gordon,Other,Micropad Numeric Keypads,Consumer,Technology,Accessories,West,94109,San Francisco,California,United States,0.0,34.9825,7,139.93,0.25
US-2020-163013,2019-11-28,2019-12-04,Bart Folk,Newell,Newell 331,Consumer,Office Supplies,Art,South,36116,Montgomery,Alabama,United States,0.0,3.9609,3,14.67,0.27
US-2020-111353,2019-11-29,2019-12-06,Philip Brown,Avery,Avery 485,Consumer,Office Supplies,Labels,East,10009,New York City,New York,United States,0.0,11.7782,2,25.06,0.47
US-2020-134712,2019-11-29,2019-12-04,Bill Stewart,Other,Staples,Corporate,Office Supplies,Fasteners,Central,60076,Skokie,Illinois,United States,0.2,3.945,2,12.624,0.3125
US-2020-136280,2019-11-29,2019-12-06,Corey-Lock,Avery,Avery 488,Consumer,Office Supplies,Labels,East,19143,Philadelphia,Pennsylvania,United States,0.2,1.764,2,5.04,0.35
US-2020-153983,2019-11-29,2019-12-06,Alan Hwang,Other,Staples,Consumer,Office Supplies,Fasteners,West,94122,San Francisco,California,United States,0.0,15.2,5,30.4,0.5
US-2020-153983,2019-11-29,2019-12-06,Alan Hwang,Other,Wilson SignalBoost 841262 DB PRO Amplifier Kit,Consumer,Technology,Phones,West,94122,San Francisco,California,United States,0.2,71.99,2,575.92,0.125
US-2020-103590,2019-11-30,2019-12-04,Jeremy Lonsdale,Other,Park Ridge Embossed Executive Business Envelopes,Consumer,Office Supplies,Envelopes,East,10550,Mount Vernon,New York,United States,0.0,29.2716,4,62.28,0.47
US-2020-146843,2019-11-30,2019-12-06,Philip Brown,Acme,Acme Office Executive Series Stainless Steel Trimmers,Consumer,Office Supplies,Supplies,West,85323,Avondale,Arizona,United States,0.2,3.5994,7,47.992,0.075
US-2020-146843,2019-11-30,2019-12-06,Philip Brown,Memorex,"Memorex 25GB 6X Branded Blu-Ray Recordable Disc, 30/Pack",Consumer,Technology,Accessories,West,85323,Avondale,Arizona,United States,0.2,-16.614,4,102.24,-0.1625
US-2020-148425,2019-11-30,2019-12-04,Randy Ferguson,Avery,"Avery Triangle Shaped Sheet Lifters, Black, 2/Pack",Corporate,Office Supplies,Binders,South,32839,Orlando,Florida,United States,0.7,-4.428,9,6.642,-0.666666667
US-2020-120474,2019-12-01,2019-12-03,Resi Pölking,Office Star,Office Star - Professional Matrix Back Chair with 2-to-1 Synchro Tilt and Mesh Fabric Seat,Consumer,Furniture,Chairs,Central,53711,Madison,Wisconsin,United States,0.0,673.8816,8,2807.84,0.24
US-2020-120474,2019-12-01,2019-12-03,Resi Pölking,Hunt,"Hunt BOSTON Vista Battery-Operated Pencil Sharpener, Black",Consumer,Office Supplies,Art,Central,53711,Madison,Wisconsin,United States,0.0,12.5928,4,46.64,0.27
US-2020-131051,2019-12-01,2019-12-05,Toby Ritter,Other,"Floodlight Indoor Halogen Bulbs, 1 Bulb per Pack, 60 Watts",Consumer,Furniture,Furnishings,West,94122,San Francisco,California,United States,0.0,28.518,3,58.2,0.49
US-2020-131527,2019-12-01,2019-12-07,Toby Braunhardt,Other,"BlueLounge Milo Smartphone Stand, White/Metallic",Consumer,Technology,Phones,South,28540,Jacksonville,North Carolina,United States,0.2,9.5968,4,95.968,0.1
US-2020-143210,2019-12-01,2019-12-03,Anna Andreadi,Ultra,Ultra Door Push Plate,Consumer,Furniture,Furnishings,East,1852,Lowell,Massachusetts,United States,0.0,3.2406,2,9.82,0.33
US-2020-143210,2019-12-01,2019-12-03,Anna Andreadi,Linden,"Linden 10"" Round Wall Clock, Black",Consumer,Furniture,Furnishings,East,1852,Lowell,Massachusetts,United States,0.0,15.5856,3,45.84,0.34
US-2020-143210,2019-12-01,2019-12-03,Anna Andreadi,Cisco,Cisco IP Phone 7961G VoIP phone - Dark gray,Consumer,Technology,Phones,East,1852,Lowell,Massachusetts,United States,0.0,78.851,2,271.9,0.29
US-2020-150798,2019-12-01,2019-12-03,Joe Kamberova,Hon,Hon Multipurpose Stacking Arm Chairs,Consumer,Furniture,Chairs,East,43229,Columbus,Ohio,United States,0.3,-51.984,6,909.72,-0.057142857
US-2020-150798,2019-12-01,2019-12-03,Joe Kamberova,Master Caster,"Master Caster Door Stop, Brown",Consumer,Furniture,Furnishings,East,43229,Columbus,Ohio,United States,0.2,1.4224,2,8.128,0.175
US-2020-150798,2019-12-01,2019-12-03,Joe Kamberova,Xerox,Xerox 214,Consumer,Office Supplies,Paper,East,43229,Columbus,Ohio,United States,0.2,12.7008,7,36.288,0.35
US-2020-150798,2019-12-01,2019-12-03,Joe Kamberova,Sharp,Sharp 1540cs Digital Laser Copier,Consumer,Technology,Copiers,East,43229,Columbus,Ohio,United States,0.4,109.998,2,659.988,0.166666667
US-2020-161613,2019-12-01,2019-12-03,Matt Connell,Hon,Hon 4070 Series Pagoda Round Back Stacking Chairs,Corporate,Furniture,Chairs,Central,77070,Houston,Texas,United States,0.3,-19.2588,3,674.058,-0.028571429
US-2020-101147,2019-12-02,2019-12-04,Matt Collins,Staple holder,Staple holder,Consumer,Office Supplies,Appliances,Central,60623,Chicago,Illinois,United States,0.8,-6.3441,1,2.394,-2.65
US-2020-103807,2019-12-02,2019-12-09,Elizabeth Moffitt,Other,"RSVP Cards & Envelopes, Blank White, 8-1/2"" X 11"", 24 Cards/25 Envelopes/Set",Corporate,Office Supplies,Paper,South,30328,Sandy Springs,Georgia,United States,0.0,7.1628,3,15.24,0.47
US-2020-103807,2019-12-02,2019-12-09,Elizabeth Moffitt,Kingston,Kingston Digital DataTraveler 8GB USB 2.0,Corporate,Technology,Accessories,South,30328,Sandy Springs,Georgia,United States,0.0,0.833,1,5.95,0.14
US-2020-112158,2019-12-02,2019-12-04,David Philippe,O'Sullivan,O'Sullivan Living Dimensions 5-Shelf Bookcases,Consumer,Furniture,Bookcases,East,10035,New York City,New York,United States,0.2,-110.49,5,883.92,-0.125
US-2020-112158,2019-12-02,2019-12-04,David Philippe,Angle-D,"Angle-D Binders with Locking Rings, Label Holders",Consumer,Office Supplies,Binders,East,10035,New York City,New York,United States,0.2,15.768,8,46.72,0.3375
US-2020-112158,2019-12-02,2019-12-04,David Philippe,Logitech,Logitech 910-002974 M325 Wireless Mouse for Web Scrolling,Consumer,Technology,Accessories,East,10035,New York City,New York,United States,0.0,52.7824,4,119.96,0.44
US-2020-117744,2019-12-02,2019-12-06,Michael Dominguez,Deflect-o,"Deflect-o SuperTray Unbreakable Stackable Tray, Letter, Black",Corporate,Furniture,Furnishings,Central,78415,Corpus Christi,Texas,United States,0.6,-24.803,5,58.36,-0.425
US-2020-117744,2019-12-02,2019-12-06,Michael Dominguez,Other,12-1/2 Diameter Round Wall Clock,Corporate,Furniture,Furnishings,Central,78415,Corpus Christi,Texas,United States,0.6,-23.976,5,39.96,-0.6
US-2020-117744,2019-12-02,2019-12-06,Michael Dominguez,Newell,Newell 343,Corporate,Office Supplies,Art,Central,78415,Corpus Christi,Texas,United States,0.2,1.4406,7,16.464,0.0875
US-2020-132864,2019-12-02,2019-12-07,Katherine Nockton,Imation,Imation 32GB Pocket Pro USB 3.0 Flash Drive - 32 GB - Black - 1 P ...,Corporate,Technology,Accessories,East,43229,Columbus,Ohio,United States,0.2,29.95,5,119.8,0.25
US-2020-154095,2019-12-02,2019-12-07,Odella Nelson,Global,"Global Stack Chair with Arms, Black",Corporate,Furniture,Chairs,East,20735,Clinton,Maryland,United States,0.0,64.7568,8,239.84,0.27
US-2020-154095,2019-12-02,2019-12-07,Odella Nelson,DAX,"DAX Metal Frame, Desktop, Stepped-Edge",Corporate,Furniture,Furnishings,East,20735,Clinton,Maryland,United States,0.0,23.6808,3,60.72,0.39
US-2020-154095,2019-12-02,2019-12-07,Odella Nelson,Avery,Avery 509,Corporate,Office Supplies,Labels,East,20735,Clinton,Maryland,United States,0.0,7.2036,6,15.66,0.46
US-2020-154095,2019-12-02,2019-12-07,Odella Nelson,Xerox,Xerox 1942,Corporate,Office Supplies,Paper,East,20735,Clinton,Maryland,United States,0.0,73.41,3,146.82,0.5
US-2020-122749,2019-12-03,2019-12-09,Nathan Gelder,Jabra,Jabra Supreme Plus Driver Edition Headset,Consumer,Technology,Phones,Central,73120,Oklahoma City,Oklahoma,United States,0.0,134.3888,4,479.96,0.28
US-2020-164861,2019-12-03,2019-12-06,Matthew Clasen,Xerox,Xerox 214,Corporate,Office Supplies,Paper,Central,63116,Saint Louis,Missouri,United States,0.0,12.4416,4,25.92,0.48
US-2020-127187,2019-12-04,2019-12-08,Cathy Prescott,Plantronics,Plantronics Voyager Pro HD - Bluetooth Headset,Corporate,Technology,Phones,East,10024,New York City,New York,United States,0.0,62.3904,2,129.98,0.48
US-2020-106376,2019-12-05,2019-12-10,Brendan Sweed,Hunt,"Hunt BOSTON Model 1606 High-Volume Electric Pencil Sharpener, Beige",Corporate,Office Supplies,Art,West,85234,Gilbert,Arizona,United States,0.2,111.3024,8,1113.024,0.1
US-2020-106376,2019-12-05,2019-12-10,Brendan Sweed,Other,netTALK DUO VoIP Telephone Service,Corporate,Technology,Phones,West,85234,Gilbert,Arizona,United States,0.2,62.988,4,167.968,0.375
US-2020-125542,2019-12-05,2019-12-07,Nona Balk,Other,Cameo Buff Policy Envelopes,Corporate,Office Supplies,Envelopes,East,19134,Philadelphia,Pennsylvania,United States,0.2,117.6147,7,348.488,0.3375
US-2020-125542,2019-12-05,2019-12-07,Nona Balk,Fellowes,Fellowes Bankers Box Recycled Super Stor/Drawer,Corporate,Office Supplies,Storage,East,19134,Philadelphia,Pennsylvania,United States,0.2,-30.2288,4,172.736,-0.175
US-2020-133830,2019-12-05,2019-12-10,Rob Lucas,Prang,Prang Colored Pencils,Consumer,Office Supplies,Art,West,90045,Los Angeles,California,United States,0.0,11.907,9,26.46,0.45
US-2020-133830,2019-12-05,2019-12-10,Rob Lucas,Advantus,Advantus Plastic Paper Clips,Consumer,Office Supplies,Fasteners,West,90045,Los Angeles,California,United States,0.0,7.2,3,15.0,0.48
US-2020-133830,2019-12-05,2019-12-10,Rob Lucas,Xerox,Xerox 1933,Consumer,Office Supplies,Paper,West,90045,Los Angeles,California,United States,0.0,23.0864,4,49.12,0.47
US-2020-138296,2019-12-05,2019-12-12,Roy Collins,Other,Recycled Eldon Regeneration Jumbo File,Consumer,Office Supplies,Storage,South,22304,Alexandria,Virginia,United States,0.0,6.8768,2,24.56,0.28
US-2020-150203,2019-12-05,2019-12-07,Joni Blumstein,Fellowes,Fellowes 8 Outlet Superior Workstation Surge Protector,Consumer,Office Supplies,Appliances,West,90032,Los Angeles,California,United States,0.0,72.5754,6,250.26,0.29
US-2020-151162,2019-12-05,2019-12-09,Erin Ashbrook,Other,Large Capacity Hanging Post Binders,Corporate,Office Supplies,Binders,East,43229,Columbus,Ohio,United States,0.7,-23.952,4,29.94,-0.8
US-2020-151162,2019-12-05,2019-12-09,Erin Ashbrook,Xerox,Xerox 1893,Corporate,Office Supplies,Paper,East,43229,Columbus,Ohio,United States,0.2,35.6613,3,98.376,0.3625
US-2020-151162,2019-12-05,2019-12-09,Erin Ashbrook,Other,"Black Print Carbonless 8 1/2"" x 8 1/4"" Rapid Memo Book",Corporate,Office Supplies,Paper,East,43229,Columbus,Ohio,United States,0.2,5.6784,3,17.472,0.325
US-2020-151162,2019-12-05,2019-12-09,Erin Ashbrook,Panasonic,Panasonic KX T7736-B Digital phone,Corporate,Technology,Phones,East,43229,Columbus,Ohio,United States,0.4,-44.985,2,179.94,-0.25
US-2020-151162,2019-12-05,2019-12-09,Erin Ashbrook,Other,Lunatik TT5L-002 Taktik Strike Impact Protection System for iPhone 5,Corporate,Technology,Phones,East,43229,Columbus,Ohio,United States,0.4,-9.1845,1,36.738,-0.25
US-2020-166191,2019-12-05,2019-12-09,David Kendrick,Tenex,"Tenex File Box, Personal Filing Tote with Lid, Black",Corporate,Office Supplies,Storage,Central,62521,Decatur,Illinois,United States,0.2,1.8612,2,24.816,0.075
US-2020-166191,2019-12-05,2019-12-09,David Kendrick,Imation,Imation Secure+ Hardware Encrypted USB 2.0 Flash Drive; 16GB,Corporate,Technology,Accessories,Central,62521,Decatur,Illinois,United States,0.2,76.6395,7,408.744,0.1875
US-2020-106726,2019-12-06,2019-12-08,Roland Schwarz,Standard,Standard Rollaway File with Lock,Corporate,Office Supplies,Storage,West,90008,Los Angeles,California,United States,0.0,327.9458,7,1261.33,0.26
US-2020-110030,2019-12-06,2019-12-08,Luke Foster,Other,12-1/2 Diameter Round Wall Clock,Consumer,Furniture,Furnishings,Central,77095,Houston,Texas,United States,0.6,-14.3856,3,23.976,-0.6
US-2020-112872,2019-12-06,2019-12-11,Ryan Crowe,Chromcraft,"Chromcraft Bull-Nose Wood 48"" x 96"" Rectangular Conference Tables",Consumer,Furniture,Tables,West,97477,Springfield,Oregon,United States,0.5,-170.8038,1,275.49,-0.62
US-2020-112872,2019-12-06,2019-12-11,Ryan Crowe,Other,File Shuttle I and Handi-File,Consumer,Office Supplies,Storage,West,97477,Springfield,Oregon,United States,0.2,4.6746,3,53.424,0.0875
US-2020-140452,2019-12-06,2019-12-10,Berenike Kampe,Nu-Dell,Nu-Dell Float Frame 11 x 14 1/2,Consumer,Furniture,Furnishings,Central,60610,Chicago,Illinois,United States,0.6,-4.8492,3,10.776,-0.45
US-2020-140452,2019-12-06,2019-12-10,Berenike Kampe,KI,KI Adjustable-Height Table,Consumer,Furniture,Tables,Central,60610,Chicago,Illinois,United States,0.5,-120.372,5,214.95,-0.56
US-2020-140452,2019-12-06,2019-12-10,Berenike Kampe,Bionaire,Bionaire 99.97% HEPA Air Cleaner,Consumer,Office Supplies,Appliances,Central,60610,Chicago,Illinois,United States,0.8,-31.536,4,14.016,-2.25
US-2020-140452,2019-12-06,2019-12-10,Berenike Kampe,Ibico,Ibico Covers for Plastic or Wire Binding Elements,Consumer,Office Supplies,Binders,Central,60610,Chicago,Illinois,United States,0.8,-8.05,2,4.6,-1.75
US-2020-140452,2019-12-06,2019-12-10,Berenike Kampe,Rogers,Rogers Deluxe File Chest,Consumer,Office Supplies,Storage,Central,60610,Chicago,Illinois,United States,0.2,-8.3524,2,35.168,-0.2375
US-2020-140452,2019-12-06,2019-12-10,Berenike Kampe,Other,Shocksock Galaxy S4 Armband,Consumer,Technology,Phones,Central,60610,Chicago,Illinois,United States,0.2,-7.008,4,35.04,-0.2
US-2020-155390,2019-12-06,2019-12-11,Barry Gonzalez,Xerox,Xerox 1909,Consumer,Office Supplies,Paper,South,38109,Memphis,Tennessee,United States,0.2,13.7176,2,42.208,0.325
US-2020-101392,2019-12-07,2019-12-13,Ann Steele,Advantus,Advantus Rolling Drawer Organizers,Home Office,Office Supplies,Storage,West,98103,Seattle,Washington,United States,0.0,70.0336,7,269.36,0.26
US-2020-138737,2019-12-07,2019-12-10,Frank Preis,Newell,Newell 32,Consumer,Office Supplies,Art,West,90049,Los Angeles,California,United States,0.0,2.4192,3,8.64,0.28
US-2020-154592,2019-12-07,2019-12-08,Erica Hernandez,Other,Green Bar Computer Printout Paper,Home Office,Office Supplies,Paper,West,94109,San Francisco,California,United States,0.0,80.7912,3,164.88,0.49
US-2020-159681,2019-12-07,2019-12-13,Patrick O'Brill,Xerox,Xerox 1909,Consumer,Office Supplies,Paper,South,23464,Virginia Beach,Virginia,United States,0.0,48.5392,4,105.52,0.46
US-2020-104773,2019-12-08,2019-12-13,Thomas Boland,Other,"Companion Letter/Legal File, Black",Corporate,Office Supplies,Storage,Central,77041,Houston,Texas,United States,0.2,6.0416,2,60.416,0.1
US-2020-129364,2019-12-08,2019-12-13,Tim Brockman,Acco,"Acco PRESSTEX Data Binder with Storage Hooks, Dark Blue, 9 1/2"" X 11""",Consumer,Office Supplies,Binders,West,97301,Salem,Oregon,United States,0.7,-4.5192,4,6.456,-0.7
US-2020-129364,2019-12-08,2019-12-13,Tim Brockman,Avery,Avery 499,Consumer,Office Supplies,Labels,West,97301,Salem,Oregon,United States,0.2,9.0636,7,27.888,0.325
US-2020-129364,2019-12-08,2019-12-13,Tim Brockman,Avery,Avery 492,Consumer,Office Supplies,Labels,West,97301,Salem,Oregon,United States,0.2,3.744,5,11.52,0.325
US-2020-129364,2019-12-08,2019-12-13,Tim Brockman,Xerox,Xerox 232,Consumer,Office Supplies,Paper,West,97301,Salem,Oregon,United States,0.2,3.6288,2,10.368,0.35
US-2020-129364,2019-12-08,2019-12-13,Tim Brockman,Other,Adjustable Personal File Tote,Consumer,Office Supplies,Storage,West,97301,Salem,Oregon,United States,0.2,2.9304,3,39.072,0.075
US-2020-129364,2019-12-08,2019-12-13,Tim Brockman,Acco,Acco Side-Punched Conventional Columnar Pads,Consumer,Office Supplies,Supplies,West,97301,Salem,Oregon,United States,0.2,-2.6025,5,13.88,-0.1875
US-2020-129364,2019-12-08,2019-12-13,Tim Brockman,SanDisk,SanDisk Ultra 16 GB MicroSDHC Class 10 Memory Card,Consumer,Technology,Accessories,West,97301,Salem,Oregon,United States,0.2,-18.186,10,103.92,-0.175
US-2020-129364,2019-12-08,2019-12-13,Tim Brockman,Samsung,Samsung HM1900 Bluetooth Headset,Consumer,Technology,Phones,West,97301,Salem,Oregon,United States,0.2,19.755,3,52.68,0.375
US-2020-135608,2019-12-08,2019-12-10,Jim Karlsson,DMI,DMI Arturo Collection Mission-style Design Wood Chair,Consumer,Furniture,Chairs,West,98502,Olympia,Washington,United States,0.2,45.294,5,603.92,0.075
US-2020-135608,2019-12-08,2019-12-10,Jim Karlsson,Xerox,Xerox 1964,Consumer,Office Supplies,Paper,West,98502,Olympia,Washington,United States,0.0,21.0128,2,45.68,0.46
US-2020-144071,2019-12-08,2019-12-15,Denny Joy,Luxo,Luxo Economy Swing Arm Lamp,Corporate,Furniture,Furnishings,West,94110,San Francisco,California,United States,0.0,11.1664,2,39.88,0.28
US-2020-144071,2019-12-08,2019-12-15,Denny Joy,DAX,DAX Natural Wood-Tone Poster Frame,Corporate,Furniture,Furnishings,West,94110,San Francisco,California,United States,0.0,28.5984,3,79.44,0.36
US-2020-101175,2019-12-09,2019-12-14,Dario Medina,Acco,Acco Perma 3000 Stacking Storage Drawers,Corporate,Office Supplies,Storage,West,85204,Mesa,Arizona,United States,0.2,-1.2588,6,100.704,-0.0125
US-2020-104976,2019-12-09,2019-12-16,Cyma Kinney,Xerox,Xerox 1987,Corporate,Office Supplies,Paper,West,94122,San Francisco,California,United States,0.0,16.9932,6,34.68,0.49
US-2020-109932,2019-12-09,2019-12-11,Victoria Pisteka,Xerox,Xerox 195,Corporate,Office Supplies,Paper,Central,78521,Brownsville,Texas,United States,0.2,3.7408,2,10.688,0.35
US-2020-109932,2019-12-09,2019-12-11,Victoria Pisteka,Other,"Recycled Data-Pak for Archival Bound Computer Printouts, 12-1/2 x 12-1/2 x 16",Corporate,Office Supplies,Storage,Central,78521,Brownsville,Texas,United States,0.2,20.7459,3,237.096,0.0875
US-2020-138128,2019-12-09,2019-12-15,Frank Preis,Global,Globe Weis Peel & Seel First Class Envelopes,Consumer,Office Supplies,Envelopes,East,19134,Philadelphia,Pennsylvania,United States,0.2,9.585,3,30.672,0.3125
US-2020-138128,2019-12-09,2019-12-15,Frank Preis,Canon,Canon PC940 Copier,Consumer,Technology,Copiers,East,19134,Philadelphia,Pennsylvania,United States,0.4,125.9972,4,1079.976,0.116666667
US-2020-169649,2019-12-09,2019-12-15,Thomas Seio,Tripp Lite,Tripp Lite TLP810NET Broadband Surge for Modem/Fax,Corporate,Office Supplies,Appliances,Central,60653,Chicago,Illinois,United States,0.8,-53.0088,2,20.388,-2.6
US-2020-169649,2019-12-09,2019-12-15,Thomas Seio,Other,Astroparche Fine Business Paper,Corporate,Office Supplies,Paper,Central,60653,Chicago,Illinois,United States,0.2,2.9568,2,8.448,0.35
US-2020-112991,2019-12-10,2019-12-14,Sally Hughsby,Office Star,Office Star - Contemporary Swivel Chair with Padded Adjustable Arms and Flex Back,Corporate,Furniture,Chairs,West,83605,Caldwell,Idaho,United States,0.2,4.2294,3,338.352,0.0125
US-2020-112991,2019-12-10,2019-12-14,Sally Hughsby,Xerox,Xerox 1931,Corporate,Office Supplies,Paper,West,83605,Caldwell,Idaho,United States,0.0,12.4416,4,25.92,0.48
US-2020-112991,2019-12-10,2019-12-14,Sally Hughsby,Xerox,"Xerox Color Copier Paper, 11"" x 17"", Ream",Corporate,Office Supplies,Paper,West,83605,Caldwell,Idaho,United States,0.0,42.0256,4,91.36,0.46
US-2020-148488,2019-12-10,2019-12-15,Sally Matthias,Poly,Poly Designer Cover & Back,Consumer,Office Supplies,Binders,East,10009,New York City,New York,United States,0.2,37.2204,7,106.344,0.35
US-2020-148488,2019-12-10,2019-12-15,Sally Matthias,Adams,"Adams Write n' Stick Phone Message Book, 11"" X 5 1/4"", 200 Messages",Consumer,Office Supplies,Paper,East,10009,New York City,New York,United States,0.0,5.2256,2,11.36,0.46
US-2020-107573,2019-12-12,2019-12-17,Philip Brown,Staple envelope,Staple envelope,Consumer,Office Supplies,Envelopes,South,33178,Miami,Florida,United States,0.2,7.6284,3,23.472,0.325
US-2020-113320,2019-12-12,2019-12-15,Logan Haushalter,Other,Longer-Life Soft White Bulbs,Consumer,Furniture,Furnishings,West,94601,Oakland,California,United States,0.0,4.4352,3,9.24,0.48
US-2020-113320,2019-12-12,2019-12-15,Logan Haushalter,Eldon,"Eldon Image Series Desk Accessories, Burgundy",Consumer,Furniture,Furnishings,West,94601,Oakland,California,United States,0.0,4.5144,3,12.54,0.36
US-2020-113320,2019-12-12,2019-12-15,Logan Haushalter,Other,Woodgrain Magazine Files by Perma,Consumer,Office Supplies,Storage,West,94601,Oakland,California,United States,0.0,0.6258,3,8.94,0.07
US-2020-122959,2019-12-12,2019-12-12,Craig Yedwab,GBC,GBC DocuBind 300 Electric Binding Machine,Corporate,Office Supplies,Binders,Central,78207,San Antonio,Texas,United States,0.8,-336.6272,2,210.392,-1.6
US-2020-141607,2019-12-12,2019-12-17,William Brown,Eldon,Eldon Advantage Chair Mats for Low to Medium Pile Carpets,Consumer,Furniture,Furnishings,West,94521,Concord,California,United States,0.0,4.331,1,43.31,0.1
US-2020-168494,2019-12-12,2019-12-14,Nora Preis,Bestar,Bestar Classic Bookcase,Consumer,Furniture,Bookcases,West,93727,Fresno,California,United States,0.15,11.9988,3,254.9745,0.047058824
US-2020-168494,2019-12-12,2019-12-14,Nora Preis,Bretford,Bretford Rectangular Conference Table Tops,Consumer,Furniture,Tables,West,93727,Fresno,California,United States,0.2,135.4068,12,3610.848,0.0375
US-2020-168494,2019-12-12,2019-12-14,Nora Preis,Hon,Hon Non-Folding Utility Tables,Consumer,Furniture,Tables,West,93727,Fresno,California,United States,0.2,95.586,6,764.688,0.125
US-2020-102631,2019-12-13,2019-12-17,Ellis Ballard,Howard Miller,Howard Miller 12-3/4 Diameter Accuwave DS  Wall Clock,Corporate,Furniture,Furnishings,Central,60623,Chicago,Illinois,United States,0.6,-42.4926,3,94.428,-0.45
US-2020-113579,2019-12-13,2019-12-15,Katherine Ducich,Other,White GlueTop Scratch Pads,Consumer,Office Supplies,Paper,West,90049,Los Angeles,California,United States,0.0,41.5104,6,90.24,0.46
US-2020-124079,2019-12-13,2019-12-17,Randy Ferguson,Electrix,"Electrix Incandescent Magnifying Lamp, Black",Corporate,Furniture,Furnishings,West,85023,Phoenix,Arizona,United States,0.2,7.6965,3,87.96,0.0875
US-2020-124079,2019-12-13,2019-12-17,Randy Ferguson,Cardinal,"Cardinal Slant-D Ring Binder, Heavy Gauge Vinyl",Corporate,Office Supplies,Binders,West,85023,Phoenix,Arizona,United States,0.7,-4.1712,2,5.214,-0.8
US-2020-129819,2019-12-13,2019-12-15,Kimberly Carter,ACCOHIDE,"ACCOHIDE 3-Ring Binder, Blue, 1""",Corporate,Office Supplies,Binders,South,42420,Henderson,Kentucky,United States,0.0,5.8233,3,12.39,0.47
US-2020-154186,2019-12-13,2019-12-15,Ralph Arnett,Acme,Acme Value Line Scissors,Consumer,Office Supplies,Supplies,Central,77070,Houston,Texas,United States,0.2,0.365,1,2.92,0.125
US-2020-116568,2019-12-14,2019-12-20,Bryan Mills,Iceberg,"Iceberg Nesting Folding Chair, 19w x 6d x 43h",Consumer,Furniture,Chairs,South,32725,Deltona,Florida,United States,0.2,13.9728,4,186.304,0.075
US-2020-123519,2019-12-14,2019-12-21,Sung Shariari,Hon,Hon Rectangular Conference Tables,Consumer,Furniture,Tables,East,43302,Marion,Ohio,United States,0.4,-52.3365,1,136.53,-0.383333333
US-2020-123519,2019-12-14,2019-12-21,Sung Shariari,Newell,Newell 35,Consumer,Office Supplies,Art,East,43302,Marion,Ohio,United States,0.2,0.2952,1,2.624,0.1125
US-2020-123519,2019-12-14,2019-12-21,Sung Shariari,Plantronics,Plantronics CS510 - Over-the-Head monaural Wireless Headset System,Consumer,Technology,Accessories,East,43302,Marion,Ohio,United States,0.2,42.8935,1,263.96,0.1625
US-2020-130575,2019-12-14,2019-12-16,Cari Sayre,GBC,GBC VeloBind Cover Sets,Corporate,Office Supplies,Binders,Central,60623,Chicago,Illinois,United States,0.8,-13.896,3,9.264,-1.5
US-2020-145541,2019-12-14,2019-12-21,Tom Boeckenhauer,Hewlett-Packard,"HP Designjet T520 Inkjet Large Format Printer - 24"" Color",Consumer,Technology,Machines,East,10024,New York City,New York,United States,0.0,2239.9872,4,6999.96,0.32
US-2020-148950,2019-12-14,2019-12-19,Joy Daniels,Avery,Avery Heavy-Duty EZD View Binder with Locking Rings,Consumer,Office Supplies,Binders,Central,60610,Chicago,Illinois,United States,0.8,-8.6768,4,5.104,-1.7
US-2020-148950,2019-12-14,2019-12-19,Joy Daniels,Other,Assorted Color Push Pins,Consumer,Office Supplies,Fasteners,Central,60610,Chicago,Illinois,United States,0.2,0.4706,2,2.896,0.1625
US-2020-148950,2019-12-14,2019-12-19,Joy Daniels,Belkin,Belkin Standard 104 key USB Keyboard,Consumer,Technology,Accessories,Central,60610,Chicago,Illinois,United States,0.2,-2.1885,3,35.016,-0.0625
US-2020-101602,2019-12-15,2019-12-18,Mick Crebagga,Other,"Lifetime Advantage Folding Chairs, 4/Carton",Consumer,Furniture,Chairs,Central,79907,El Paso,Texas,United States,0.3,-21.808,5,763.28,-0.028571429
US-2020-101602,2019-12-15,2019-12-18,Mick Crebagga,Other,ARKON Windshield Dashboard Air Vent Car Mount Holder,Consumer,Technology,Phones,Central,79907,El Paso,Texas,United States,0.2,-9.153,3,40.68,-0.225
US-2020-116673,2019-12-15,2019-12-19,Jas O'Carroll,Other,Stackable Trays,Consumer,Furniture,Furnishings,West,92037,San Diego,California,United States,0.0,1.9712,2,6.16,0.32
US-2020-119466,2019-12-15,2019-12-21,Sung Pak,Dana,Dana Swing-Arm Lamps,Corporate,Furniture,Furnishings,Central,60623,Chicago,Illinois,United States,0.6,-7.476,2,8.544,-0.875
US-2020-129938,2019-12-15,2019-12-17,Ed Braxton,Global,"Global Wood Trimmed Manager's Task Chair, Khaki",Corporate,Furniture,Chairs,East,19140,Philadelphia,Pennsylvania,United States,0.3,-108.2662,7,445.802,-0.242857143
US-2020-100706,2019-12-16,2019-12-18,Laurel Elliston,Ultra,Ultra Door Push Plate,Consumer,Furniture,Furnishings,South,22153,Springfield,Virginia,United States,0.0,9.7218,6,29.46,0.33
US-2020-100706,2019-12-16,2019-12-18,Laurel Elliston,Other,Case Logic 2.4GHz Wireless Keyboard,Consumer,Technology,Accessories,South,22153,Springfield,Virginia,United States,0.0,7.9984,2,99.98,0.08
US-2020-108273,2019-12-16,2019-12-21,Ed Jacobs,Tenex,"Tenex Carpeted, Granite-Look or Clear Contemporary Contour Shape Chair Mats",Consumer,Furniture,Furnishings,Central,77340,Huntsville,Texas,United States,0.6,-74.9526,2,56.568,-1.325
US-2020-108273,2019-12-16,2019-12-21,Ed Jacobs,Xerox,Xerox 224,Consumer,Office Supplies,Paper,Central,77340,Huntsville,Texas,United States,0.2,12.7008,7,36.288,0.35
US-2020-112718,2019-12-16,2019-12-21,Kean Nguyen,Avery,Avery Binder Labels,Corporate,Office Supplies,Binders,South,32216,Jacksonville,Florida,United States,0.7,-0.8558,1,1.167,-0.733333333
US-2020-113257,2019-12-16,2019-12-18,Sean Christensen,Other,Longer-Life Soft White Bulbs,Consumer,Furniture,Furnishings,Central,77705,Beaumont,Texas,United States,0.6,-2.5872,7,8.624,-0.3
US-2020-113257,2019-12-16,2019-12-18,Sean Christensen,Razer,Razer Kraken 7.1 Surround Sound Over Ear USB Gaming Headset,Consumer,Technology,Accessories,Central,77705,Beaumont,Texas,United States,0.2,95.9904,4,319.968,0.3
US-2020-124247,2019-12-16,2019-12-21,Stefanie Holloman,Office Star,Office Star - Professional Matrix Back Chair with 2-to-1 Synchro Tilt and Mesh Fabric Seat,Corporate,Furniture,Chairs,West,95823,Sacramento,California,United States,0.2,70.196,5,1403.92,0.05
US-2020-136399,2019-12-16,2019-12-17,Chad Cunningham,DMI,DMI Arturo Collection Mission-style Design Wood Chair,Home Office,Furniture,Chairs,West,90049,Los Angeles,California,United States,0.2,18.1176,2,241.568,0.075
US-2020-136399,2019-12-16,2019-12-17,Chad Cunningham,Executive Impressions,"Executive Impressions 14"" Contract Wall Clock",Home Office,Furniture,Furnishings,West,90049,Los Angeles,California,United States,0.0,14.6718,2,44.46,0.33
US-2020-136399,2019-12-16,2019-12-17,Chad Cunningham,First Data,First Data FD10 PIN Pad,Home Office,Technology,Accessories,West,90049,Los Angeles,California,United States,0.0,39.5,5,395.0,0.1
US-2020-136399,2019-12-16,2019-12-17,Chad Cunningham,GE,GE 30524EE4,Home Office,Technology,Phones,West,90049,Los Angeles,California,United States,0.2,70.5564,4,627.168,0.1125
US-2020-151379,2019-12-16,2019-12-20,Steve Chapman,Xerox,Xerox 1929,Corporate,Office Supplies,Paper,Central,48227,Detroit,Michigan,United States,0.0,52.532,5,114.2,0.46
US-2020-153913,2019-12-16,2019-12-20,Ken Black,Hon,Hon Olson Stacker Stools,Corporate,Furniture,Chairs,South,33012,Hialeah,Florida,United States,0.2,101.3832,9,1013.832,0.1
US-2020-153913,2019-12-16,2019-12-20,Ken Black,OIC,"OIC Binder Clips, Mini, 1/4"" Capacity, Black",Corporate,Office Supplies,Fasteners,South,33012,Hialeah,Florida,United States,0.2,0.6696,2,1.984,0.3375
US-2020-123925,2019-12-17,2019-12-19,Roy Französisch,Stanley,Stanley Contemporary Battery Pencil Sharpeners,Consumer,Office Supplies,Art,South,31907,Columbus,Georgia,United States,0.0,11.214,3,40.05,0.28
US-2020-139633,2019-12-17,2019-12-24,Erin Creighton,Newell,Newell 3-Hole Punched Plastic Slotted Magazine Holders for Binders,Consumer,Office Supplies,Binders,East,43229,Columbus,Ohio,United States,0.7,-4.0216,4,5.484,-0.733333333
US-2020-120768,2019-12-19,2019-12-21,Irene Maddox,Other,High-Back Leather Manager's Chair,Consumer,Furniture,Chairs,South,35630,Florence,Alabama,United States,0.0,163.7874,14,1819.86,0.09
US-2020-120768,2019-12-19,2019-12-21,Irene Maddox,Other,Canvas Sectional Post Binders,Consumer,Office Supplies,Binders,South,35630,Florence,Alabama,United States,0.0,74.8524,6,152.76,0.49
US-2020-120768,2019-12-19,2019-12-21,Irene Maddox,Acme,Acme Stainless Steel Office Snips,Consumer,Office Supplies,Supplies,South,35630,Florence,Alabama,United States,0.0,1.9629,1,7.27,0.27
US-2020-150574,2019-12-19,2019-12-25,Mike Kennedy,Other,Insertable Tab Post Binder Dividers,Consumer,Office Supplies,Binders,South,32216,Jacksonville,Florida,United States,0.7,-3.6892,2,4.812,-0.766666667
US-2020-150574,2019-12-19,2019-12-25,Mike Kennedy,Belkin,Belkin QODE FastFit Bluetooth Keyboard,Consumer,Technology,Accessories,South,32216,Jacksonville,Florida,United States,0.2,-18.585,5,247.8,-0.075
US-2020-162992,2019-12-19,2019-12-21,Bart Pistole,Advantus,Advantus T-Pin Paper Clips,Corporate,Office Supplies,Fasteners,West,90008,Los Angeles,California,United States,0.0,8.7945,5,22.55,0.39
US-2020-162992,2019-12-19,2019-12-21,Bart Pistole,Avery,Avery 516,Corporate,Office Supplies,Labels,West,90008,Los Angeles,California,United States,0.0,6.8714,2,14.62,0.47
US-2020-162992,2019-12-19,2019-12-21,Bart Pistole,Other,Wi-Ex zBoost YX540 Cellular Phone Signal Booster,Corporate,Technology,Phones,West,90008,Los Angeles,California,United States,0.2,72.975,5,583.8,0.125
US-2020-162992,2019-12-19,2019-12-21,Bart Pistole,Other,Clarity 53712,Corporate,Technology,Phones,West,90008,Los Angeles,California,United States,0.2,15.8376,4,211.168,0.075
US-2020-169446,2019-12-19,2019-12-25,Speros Goranitis,Xerox,Xerox 229,Consumer,Office Supplies,Paper,Central,60623,Chicago,Illinois,United States,0.2,5.4432,3,15.552,0.35
US-2020-169446,2019-12-19,2019-12-25,Speros Goranitis,Rogers,"Rogers Jumbo File, Granite",Consumer,Office Supplies,Storage,Central,60623,Chicago,Illinois,United States,0.2,-7.7406,3,32.592,-0.2375
US-2020-169446,2019-12-19,2019-12-25,Speros Goranitis,RCA,RCA ViSYS 25425RE1 Corded phone,Consumer,Technology,Phones,Central,60623,Chicago,Illinois,United States,0.2,36.4473,3,323.976,0.1125
US-2020-103100,2019-12-20,2019-12-23,Adrian Barton,Ibico,Ibico Ibimaster 300 Manual Binding System,Consumer,Office Supplies,Binders,Central,46203,Indianapolis,Indiana,United States,0.0,496.7865,3,1103.97,0.45
US-2020-103100,2019-12-20,2019-12-23,Adrian Barton,Avery,Avery 487,Consumer,Office Supplies,Labels,Central,46203,Indianapolis,Indiana,United States,0.0,1.7343,1,3.69,0.47
US-2020-109036,2019-12-20,2019-12-25,Keith Herrera,Avery,Avery 489,Consumer,Office Supplies,Labels,West,98103,Seattle,Washington,United States,0.0,14.904,3,31.05,0.48
US-2020-120852,2019-12-20,2019-12-25,William Brown,Belkin,Belkin Premiere Surge Master II 8-outlet surge protector,Consumer,Office Supplies,Appliances,Central,75051,Grand Prairie,Texas,United States,0.8,-49.5516,2,19.432,-2.55
US-2020-120852,2019-12-20,2019-12-25,William Brown,Logitech,Logitech Desktop MK120 Mouse and keyboard Combo,Consumer,Technology,Accessories,Central,75051,Grand Prairie,Texas,United States,0.2,-8.18,5,65.44,-0.125
US-2020-134551,2019-12-20,2019-12-25,Tony Sayre,SAFCO,SAFCO Arco Folding Chair,Consumer,Furniture,Chairs,South,38401,Columbia,Tennessee,United States,0.2,74.574,3,662.88,0.1125
US-2020-134551,2019-12-20,2019-12-25,Tony Sayre,Hoover,Hoover Commercial Soft Guard Upright Vacuum And Disposable Filtration Bags,Consumer,Office Supplies,Appliances,South,38401,Columbia,Tennessee,United States,0.2,3.8073,7,43.512,0.0875
US-2020-134551,2019-12-20,2019-12-25,Tony Sayre,Other,Weyerhaeuser First Choice Laser/Copy Paper (20Lb. and 88 Bright),Consumer,Office Supplies,Paper,South,38401,Columbia,Tennessee,United States,0.2,9.072,5,25.92,0.35
US-2020-136567,2019-12-20,2019-12-21,Penelope Sewall,Hon,"Hon Practical Foundations 30 x 60 Training Table, Light Gray/Charcoal",Home Office,Furniture,Tables,South,22801,Harrisonburg,Virginia,United States,0.0,100.122,2,455.1,0.22
US-2020-136567,2019-12-20,2019-12-21,Penelope Sewall,Chromcraft,"Chromcraft 48"" x 96"" Racetrack Double Pedestal Table",Home Office,Furniture,Tables,South,22801,Harrisonburg,Virginia,United States,0.0,493.7856,7,2244.48,0.22
US-2020-136567,2019-12-20,2019-12-21,Penelope Sewall,Wilson Jones,Wilson Jones Century Plastic Molded Ring Binders,Home Office,Office Supplies,Binders,South,22801,Harrisonburg,Virginia,United States,0.0,29.2857,3,62.31,0.47
US-2020-136567,2019-12-20,2019-12-21,Penelope Sewall,SAFCO,"SAFCO Commercial Wire Shelving, 72h",Home Office,Office Supplies,Storage,South,22801,Harrisonburg,Virginia,United States,0.0,0.0,2,122.48,0.0
US-2020-138681,2019-12-20,2019-12-22,Carol Triggs,Global,Global Low Back Tilter Chair,Consumer,Furniture,Chairs,West,85705,Tucson,Arizona,United States,0.2,-42.4116,3,242.352,-0.175
US-2020-138681,2019-12-20,2019-12-22,Carol Triggs,Other,"Computer Room Manger, 14""",Consumer,Furniture,Furnishings,West,85705,Tucson,Arizona,United States,0.2,10.3936,2,51.968,0.2
US-2020-138681,2019-12-20,2019-12-22,Carol Triggs,Xerox,Xerox 1888,Consumer,Office Supplies,Paper,West,85705,Tucson,Arizona,United States,0.2,77.672,5,221.92,0.35
US-2020-138681,2019-12-20,2019-12-22,Carol Triggs,Xerox,Xerox 1954,Consumer,Office Supplies,Paper,West,85705,Tucson,Arizona,United States,0.2,2.64,2,8.448,0.3125
US-2020-138681,2019-12-20,2019-12-22,Carol Triggs,Logitech,Logitech 910-002974 M325 Wireless Mouse for Web Scrolling,Consumer,Technology,Accessories,West,85705,Tucson,Arizona,United States,0.2,21.5928,3,71.976,0.3
US-2020-140816,2019-12-20,2019-12-20,Toby Carlisle,Logitech,Logitech G430 Surround Sound Gaming Headset with Dolby 7.1 Technology,Consumer,Technology,Accessories,West,80229,Thornton,Colorado,United States,0.2,89.5888,7,447.944,0.2
US-2020-156594,2019-12-20,2019-12-23,Michael Chen,Boston,Boston Home & Office Model 2000 Electric Pencil Sharpeners,Consumer,Office Supplies,Art,West,90008,Los Angeles,California,United States,0.0,12.298,2,47.3,0.26
US-2020-156594,2019-12-20,2019-12-23,Michael Chen,Newell,Newell 31,Consumer,Office Supplies,Art,West,90008,Los Angeles,California,United States,0.0,1.1564,1,4.13,0.28
US-2020-156594,2019-12-20,2019-12-23,Michael Chen,Other,"Premium Transparent Presentation Covers, No Pattern/Clear, 8 1/2"" x 11""",Consumer,Office Supplies,Binders,West,90008,Los Angeles,California,United States,0.2,50.414,5,155.12,0.325
US-2020-156594,2019-12-20,2019-12-23,Michael Chen,Ibico,Ibico Hi-Tech Manual Binding System,Consumer,Office Supplies,Binders,West,90008,Los Angeles,California,United States,0.2,152.495,2,487.984,0.3125
US-2020-160157,2019-12-20,2019-12-27,Mark Hamilton,Eldon,Eldon Cleatmat Plus Chair Mats for High Pile Carpets,Consumer,Furniture,Furnishings,East,45011,Hamilton,Ohio,United States,0.2,-21.4704,3,190.848,-0.1125
US-2020-163412,2019-12-20,2019-12-23,Suzanne McNair,Other,Harbour Creations 67200 Series Stacking Chairs,Corporate,Furniture,Chairs,East,10035,New York City,New York,United States,0.1,36.3018,3,192.186,0.188888889
US-2020-109127,2019-12-21,2019-12-25,John Castell,Avery,Avery 492,Consumer,Office Supplies,Labels,East,19711,Newark,Delaware,United States,0.0,7.9488,6,17.28,0.46
US-2020-134621,2019-12-21,2019-12-28,Dennis Pardue,Ibico,Ibico Plastic Spiral Binding Combs,Home Office,Office Supplies,Binders,South,38401,Columbia,Tennessee,United States,0.7,-14.592,2,18.24,-0.8
US-2020-154893,2019-12-21,2019-12-27,Gary McGarr,SAFCO,Safco Contoured Stacking Chairs,Consumer,Furniture,Chairs,West,92024,San Diego,California,United States,0.2,35.76,3,572.16,0.0625
US-2020-154893,2019-12-21,2019-12-27,Gary McGarr,SAFCO,SAFCO Arco Folding Chair,Consumer,Furniture,Chairs,West,92024,San Diego,California,United States,0.2,149.148,6,1325.76,0.1125
US-2020-101364,2019-12-22,2019-12-26,Tamara Willingham,Other,Lock-Up Easel 'Spel-Binder',Home Office,Office Supplies,Binders,East,10011,New York City,New York,United States,0.2,100.1403,13,296.712,0.3375
US-2020-133543,2019-12-22,2019-12-26,Khloe Miller,Newell,Newell 332,Consumer,Office Supplies,Art,West,95123,San Jose,California,United States,0.0,3.1752,4,11.76,0.27
US-2020-142510,2019-12-22,2019-12-29,Nora Preis,Other,Recycled Easel Ring Binders,Consumer,Office Supplies,Binders,Central,60623,Chicago,Illinois,United States,0.8,-31.332,6,17.904,-1.75
US-2020-142510,2019-12-22,2019-12-29,Nora Preis,Other,White Computer Printout Paper by Universal,Consumer,Office Supplies,Paper,Central,60623,Chicago,Illinois,United States,0.2,44.9616,4,124.032,0.3625
US-2020-142510,2019-12-22,2019-12-29,Nora Preis,Other,Economy Rollaway Files,Consumer,Office Supplies,Storage,Central,60623,Chicago,Illinois,United States,0.2,9.912,1,132.16,0.075
US-2020-146864,2019-12-22,2019-12-26,Bradley Talbott,Other,Desktop 3-Pocket Hot File,Home Office,Office Supplies,Storage,East,10024,New York City,New York,United States,0.0,56.264,4,216.4,0.26
US-2020-114517,2019-12-23,2019-12-27,Tiffany House,Hon,Hon 61000 Series Interactive Training Tables,Corporate,Furniture,Tables,East,10024,New York City,New York,United States,0.4,-19.5492,2,53.316,-0.366666667
US-2020-114517,2019-12-23,2019-12-27,Tiffany House,Belkin,Belkin F9H710-06 7 Outlet SurgeMaster Surge Protector,Corporate,Office Supplies,Appliances,East,10024,New York City,New York,United States,0.0,15.8256,3,56.52,0.28
US-2020-126333,2019-12-23,2019-12-28,Michelle Ellison,Xerox,Xerox 2000,Corporate,Office Supplies,Paper,Central,77642,Port Arthur,Texas,United States,0.2,1.8144,1,5.184,0.35
US-2020-142314,2019-12-23,2019-12-28,Sarah Foster,Belkin,Belkin F9H710-06 7 Outlet SurgeMaster Surge Protector,Consumer,Office Supplies,Appliances,Central,47374,Richmond,Indiana,United States,0.0,58.0272,11,207.24,0.28
US-2020-154158,2019-12-23,2019-12-27,Craig Carreira,Other,"Padded Folding Chairs, Black, 4/Carton",Consumer,Furniture,Chairs,South,33614,Tampa,Florida,United States,0.2,6.4784,1,64.784,0.1
US-2020-154158,2019-12-23,2019-12-27,Craig Carreira,Prang,Prang Dustless Chalk Sticks,Consumer,Office Supplies,Art,South,33614,Tampa,Florida,United States,0.2,0.504,1,1.344,0.375
US-2020-154158,2019-12-23,2019-12-27,Craig Carreira,Other,Computer Printout Paper with Letter-Trim Perforations,Consumer,Office Supplies,Paper,South,33614,Tampa,Florida,United States,0.2,15.9348,3,45.528,0.35
US-2020-154158,2019-12-23,2019-12-27,Craig Carreira,Tennsco,Tennsco 6- and 18-Compartment Lockers,Consumer,Office Supplies,Storage,South,33614,Tampa,Florida,United States,0.2,-10.6068,2,424.272,-0.025
US-2020-154158,2019-12-23,2019-12-27,Craig Carreira,Acco,Acco Perma 3000 Stacking Storage Drawers,Consumer,Office Supplies,Storage,South,33614,Tampa,Florida,United States,0.2,-1.049,5,83.92,-0.0125
US-2020-113166,2019-12-24,2019-12-26,Luke Foster,Xerox,Xerox 1974,Consumer,Office Supplies,Paper,South,33180,Miami,Florida,United States,0.2,3.4684,2,9.568,0.3625
US-2020-132913,2019-12-24,2019-12-26,Adam Shillingsburg,Belkin,Belkin 7-Outlet SurgeMaster Home Series,Consumer,Office Supplies,Appliances,West,92037,San Diego,California,United States,0.0,3.6322,1,13.97,0.26
US-2020-138247,2019-12-24,2019-12-29,Ben Ferrer,Westinghouse,"Westinghouse Floor Lamp with Metal Mesh Shade, Black",Home Office,Furniture,Furnishings,West,90045,Los Angeles,California,United States,0.0,5.5177,1,23.99,0.23
US-2020-138247,2019-12-24,2019-12-29,Ben Ferrer,Avanti,Avanti 4.4 Cu. Ft. Refrigerator,Home Office,Office Supplies,Appliances,West,90045,Los Angeles,California,United States,0.0,101.3488,2,361.96,0.28
US-2020-138247,2019-12-24,2019-12-29,Ben Ferrer,Tennsco,Tennsco Commercial Shelving,Home Office,Office Supplies,Storage,West,90045,Los Angeles,California,United States,0.0,0.2034,1,20.34,0.01
US-2020-138247,2019-12-24,2019-12-29,Ben Ferrer,Sony,Sony 32GB Class 10 Micro SDHC R40 Memory Card,Home Office,Technology,Accessories,West,90045,Los Angeles,California,United States,0.0,13.1985,3,62.85,0.21
US-2020-138247,2019-12-24,2019-12-29,Ben Ferrer,Other,Seidio BD2-HK3IPH5-BK DILEX Case and Holster Combo for Apple iPhone 5/5s - Black,Home Office,Technology,Phones,West,90045,Los Angeles,California,United States,0.2,17.3656,7,173.656,0.1
US-2020-138247,2019-12-24,2019-12-29,Ben Ferrer,Cisco,Cisco Unified IP Phone 7945G VoIP phone,Home Office,Technology,Phones,West,90045,Los Angeles,California,United States,0.2,51.1485,3,818.376,0.0625
US-2020-156314,2019-12-24,2019-12-26,Resi Pölking,Other,"Master Giant Foot Doorstop, Safety Yellow",Consumer,Furniture,Furnishings,East,44105,Cleveland,Ohio,United States,0.2,8.7285,5,30.36,0.2875
US-2020-167738,2019-12-24,2019-12-29,Julie Creighton,Global,"Global Value Mid-Back Manager's Chair, Gray",Corporate,Furniture,Chairs,West,90045,Los Angeles,California,United States,0.2,18.267,6,292.272,0.0625
US-2020-167738,2019-12-24,2019-12-29,Julie Creighton,Other,Letter Size Cart,Corporate,Office Supplies,Storage,West,90045,Los Angeles,California,United States,0.0,41.4294,1,142.86,0.29
US-2020-101427,2019-12-26,2019-12-30,Andy Yotov,Eldon,"Eldon Spacemaker Box, Quick-Snap Lid, Clear",Corporate,Office Supplies,Art,East,19140,Philadelphia,Pennsylvania,United States,0.2,1.1022,3,8.016,0.1375
US-2020-106264,2019-12-26,2019-12-30,Clytie Kelty,Eldon,"Eldon Regeneration Recycled Desk Accessories, Smoke",Consumer,Furniture,Furnishings,West,92024,San Diego,California,United States,0.0,1.1136,2,3.48,0.32
US-2020-106264,2019-12-26,2019-12-30,Clytie Kelty,Acme,Acme Rosewood Handle Letter Opener,Consumer,Office Supplies,Supplies,West,92024,San Diego,California,United States,0.0,0.1191,3,11.91,0.01
US-2020-111171,2019-12-26,2019-12-31,Christina Anderson,Cardinal,"Cardinal Slant-D Ring Binder, Heavy Gauge Vinyl",Consumer,Office Supplies,Binders,Central,60610,Chicago,Illinois,United States,0.8,-14.773,5,8.69,-1.7
US-2020-111451,2019-12-26,2019-12-28,Kelly Lampkin,Global,Global Deluxe Office Fabric Chairs,Corporate,Furniture,Chairs,West,80906,Colorado Springs,Colorado,United States,0.2,20.1558,3,230.352,0.0875
US-2020-111451,2019-12-26,2019-12-28,Kelly Lampkin,Eldon,Eldon ClusterMat Chair Mat with Cordless Antistatic Protection,Corporate,Furniture,Furnishings,West,80906,Colorado Springs,Colorado,United States,0.2,-24.5646,3,218.352,-0.1125
US-2020-111451,2019-12-26,2019-12-28,Kelly Lampkin,Howard Miller,"Howard Miller 13"" Diameter Goldtone Round Wall Clock",Corporate,Furniture,Furnishings,West,80906,Colorado Springs,Colorado,United States,0.2,78.8592,8,300.416,0.2625
US-2020-111451,2019-12-26,2019-12-28,Kelly Lampkin,Ibico,Ibico Laser Imprintable Binding System Covers,Corporate,Office Supplies,Binders,West,80906,Colorado Springs,Colorado,United States,0.7,-62.88,5,78.6,-0.8
US-2020-111451,2019-12-26,2019-12-28,Kelly Lampkin,Other,"Vinyl Coated Wire Paper Clips in Organizer Box, 800/Box",Corporate,Office Supplies,Fasteners,West,80906,Colorado Springs,Colorado,United States,0.2,9.2988,3,27.552,0.3375
US-2020-139598,2019-12-26,2019-12-31,Maureen Gnade,Holmes,Holmes 99% HEPA Air Purifier,Consumer,Office Supplies,Appliances,East,19134,Philadelphia,Pennsylvania,United States,0.2,5.6316,2,34.656,0.1625
US-2020-139598,2019-12-26,2019-12-31,Maureen Gnade,Tripp Lite,Tripp Lite TLP810NET Broadband Surge for Modem/Fax,Consumer,Office Supplies,Appliances,East,19134,Philadelphia,Pennsylvania,United States,0.2,8.1552,2,81.552,0.1
US-2020-139598,2019-12-26,2019-12-31,Maureen Gnade,Wirebound,"Wirebound Message Books, Two 4 1/4"" x 5"" Forms per Page",Consumer,Office Supplies,Paper,East,19134,Philadelphia,Pennsylvania,United States,0.2,6.1641,3,18.264,0.3375
US-2020-139598,2019-12-26,2019-12-31,Maureen Gnade,Other,Sensible Storage WireTech Storage Systems,Consumer,Office Supplies,Storage,East,19134,Philadelphia,Pennsylvania,United States,0.2,-42.588,4,227.136,-0.1875
US-2020-152030,2019-12-26,2019-12-28,Alan Dominguez,Global,Global Deluxe High-Back Manager's Chair,Home Office,Furniture,Chairs,Central,77041,Houston,Texas,United States,0.3,-8.5794,3,600.558,-0.014285714
US-2020-168473,2019-12-26,2020-01-01,Tracy Blumstein,Fellowes,Fellowes Bankers Box Stor/Drawer Steel Plus,Consumer,Office Supplies,Storage,East,10009,New York City,New York,United States,0.0,19.188,6,191.88,0.1
US-2020-106334,2019-12-27,2020-01-02,Jeremy Farry,Bevis,Bevis Steel Folding Chairs,Consumer,Furniture,Chairs,West,94122,San Francisco,California,United States,0.2,23.028,3,230.28,0.1
US-2020-106334,2019-12-27,2020-01-02,Jeremy Farry,Xerox,Xerox 1927,Consumer,Office Supplies,Paper,West,94122,San Francisco,California,United States,0.0,5.778,3,12.84,0.45
US-2020-120243,2019-12-27,2019-12-30,Alyssa Tate,Staple-on labels,Staple-on labels,Home Office,Office Supplies,Labels,West,90004,Los Angeles,California,United States,0.0,5.4332,4,11.56,0.47
US-2020-148383,2019-12-27,2019-12-31,Resi Pölking,GBC,GBC DocuBind 300 Electric Binding Machine,Consumer,Office Supplies,Binders,West,85023,Phoenix,Arizona,United States,0.7,-694.2936,6,946.764,-0.733333333
US-2020-153087,2019-12-27,2020-01-03,Tamara Chand,Xerox,Xerox 1983,Corporate,Office Supplies,Paper,South,35601,Decatur,Alabama,United States,0.0,11.7208,4,23.92,0.49
US-2020-153087,2019-12-27,2020-01-03,Tamara Chand,Enermax,Enermax Acrylux Wireless Keyboard,Corporate,Technology,Accessories,South,35601,Decatur,Alabama,United States,0.0,184.26,5,498.0,0.37
US-2020-159611,2019-12-27,2020-01-01,Karl Braun,Eldon,"Eldon ""L"" Workstation Diamond Chairmat",Consumer,Furniture,Furnishings,East,44105,Cleveland,Ohio,United States,0.2,-18.2352,3,182.352,-0.1
US-2020-159611,2019-12-27,2020-01-01,Karl Braun,SAFCO,Safco Industrial Shelving,Consumer,Office Supplies,Storage,East,44105,Cleveland,Ohio,United States,0.2,-25.109,2,118.16,-0.2125
US-2020-162866,2019-12-27,2019-12-31,Corey-Lock,DAX,DAX Wood Document Frame,Consumer,Furniture,Furnishings,Central,60076,Skokie,Illinois,United States,0.6,-19.7712,6,32.952,-0.6
US-2020-162866,2019-12-27,2019-12-31,Corey-Lock,Staple magnet,Staple magnet,Consumer,Office Supplies,Storage,Central,60076,Skokie,Illinois,United States,0.2,3.0016,4,30.016,0.1
US-2020-163447,2019-12-27,2019-12-31,Thomas Brumley,Global,"Global Push Button Manager's Chair, Indigo",Home Office,Furniture,Chairs,East,10011,New York City,New York,United States,0.1,161.9674,14,767.214,0.211111111
US-2020-165393,2019-12-27,2019-12-30,Nathan Cano,GBC,GBC Standard Therm-A-Bind Covers,Consumer,Office Supplies,Binders,Central,76106,Fort Worth,Texas,United States,0.8,-8.4728,1,4.984,-1.7
US-2020-166961,2019-12-27,2019-12-31,Cynthia Delaney,Staple holder,Staple holder,Home Office,Office Supplies,Appliances,West,92553,Moreno Valley,California,United States,0.0,2.9646,1,10.98,0.27
US-2020-166961,2019-12-27,2019-12-31,Cynthia Delaney,GBC,GBC VeloBind Cover Sets,Home Office,Office Supplies,Binders,West,92553,Moreno Valley,California,United States,0.2,13.896,3,37.056,0.375
US-2020-166961,2019-12-27,2019-12-31,Cynthia Delaney,Other,Staples,Home Office,Office Supplies,Fasteners,West,92553,Moreno Valley,California,United States,0.0,3.6156,3,7.86,0.46
US-2020-166961,2019-12-27,2019-12-31,Cynthia Delaney,Advantus,Advantus Rolling Storage Box,Home Office,Office Supplies,Storage,West,92553,Moreno Valley,California,United States,0.0,13.8915,3,51.45,0.27
US-2020-141313,2019-12-28,2020-01-01,Anthony Jacobs,Hoover,Hoover Upright Vacuum With Dirt Cup,Corporate,Office Supplies,Appliances,East,1915,Beverly,Massachusetts,United States,0.0,503.7822,6,1737.18,0.29
US-2020-141313,2019-12-28,2020-01-01,Anthony Jacobs,Xerox,Xerox 1906,Corporate,Office Supplies,Paper,East,1915,Beverly,Massachusetts,United States,0.0,66.6272,4,141.76,0.47
US-2020-141313,2019-12-28,2020-01-01,Anthony Jacobs,Fellowes,"Fellowes Strictly Business Drawer File, Letter/Legal Size",Corporate,Office Supplies,Storage,East,1915,Beverly,Massachusetts,United States,0.0,84.51,5,704.25,0.12
US-2020-143371,2019-12-28,2020-01-03,Maribeth Dona,Carina,"Carina Mini System Audio Rack, Model AR050B",Consumer,Office Supplies,Storage,West,92804,Anaheim,California,United States,0.0,29.9646,9,998.82,0.03
US-2020-143371,2019-12-28,2020-01-03,Maribeth Dona,Acme,Acme Box Cutter Scissors,Consumer,Office Supplies,Supplies,West,92804,Anaheim,California,United States,0.0,13.299,5,51.15,0.26
US-2020-164259,2019-12-28,2019-12-30,Sung Pak,Boston,"Boston School Pro Electric Pencil Sharpener, 1670",Corporate,Office Supplies,Art,East,19143,Philadelphia,Pennsylvania,United States,0.2,8.6744,4,99.136,0.0875
US-2020-102330,2019-12-29,2020-01-03,Arianne Irving,Other,Alphabetical Labels for Top Tab Filing,Consumer,Office Supplies,Labels,West,94513,Brentwood,California,United States,0.0,44.4,6,88.8,0.5
US-2020-102330,2019-12-29,2020-01-03,Arianne Irving,HTC,HTC One,Consumer,Technology,Phones,West,94513,Brentwood,California,United States,0.2,35.9964,4,319.968,0.1125
US-2020-106803,2019-12-29,2020-01-02,Debra Catini,Other,Recycled Eldon Regeneration Jumbo File,Consumer,Office Supplies,Storage,Central,55016,Cottage Grove,Minnesota,United States,0.0,6.8768,2,24.56,0.28
US-2020-106803,2019-12-29,2020-01-02,Debra Catini,Imation,Imation 32GB Pocket Pro USB 3.0 Flash Drive - 32 GB - Black - 1 P ...,Consumer,Technology,Accessories,Central,55016,Cottage Grove,Minnesota,United States,0.0,47.92,4,119.8,0.4
US-2020-110786,2019-12-29,2020-01-02,Anthony Johnson,Other,Stacking Trays by OIC,Corporate,Furniture,Furnishings,West,94110,San Francisco,California,United States,0.0,8.217,5,24.9,0.33
US-2020-110786,2019-12-29,2020-01-02,Anthony Johnson,Executive Impressions,"Executive Impressions 10"" Spectator Wall Clock",Corporate,Furniture,Furnishings,West,94110,San Francisco,California,United States,0.0,23.9904,6,70.56,0.34
US-2020-110786,2019-12-29,2020-01-02,Anthony Johnson,Avery,Avery Hanging File Binders,Corporate,Office Supplies,Binders,West,94110,San Francisco,California,United States,0.2,4.6644,3,14.352,0.325
US-2020-110786,2019-12-29,2020-01-02,Anthony Johnson,Avery,Avery 477,Corporate,Office Supplies,Labels,West,94110,San Francisco,California,United States,0.0,126.3942,9,274.77,0.46
US-2020-110786,2019-12-29,2020-01-02,Anthony Johnson,Xerox,Xerox 1981,Corporate,Office Supplies,Paper,West,94110,San Francisco,California,United States,0.0,9.504,4,21.12,0.45
US-2020-110786,2019-12-29,2020-01-02,Anthony Johnson,Other,DYMO CardScan Personal V9 Business Card Scanner,Corporate,Technology,Machines,West,94110,San Francisco,California,United States,0.2,287.982,6,767.952,0.375
US-2020-110786,2019-12-29,2020-01-02,Anthony Johnson,Other,Mophie Juice Pack Helium for iPhone,Corporate,Technology,Phones,West,94110,San Francisco,California,United States,0.2,19.1976,3,191.976,0.1
US-2020-118276,2019-12-29,2020-01-02,Michael Granlund,Master Caster,"Master Caster Door Stop, Large Brown",Home Office,Furniture,Furnishings,Central,60174,Saint Charles,Illinois,United States,0.6,-4.8048,3,8.736,-0.55
US-2020-126802,2019-12-29,2020-01-05,Zuschuss Carroll,Tenex,Tenex Chairmats For Use with Hard Floors,Consumer,Furniture,Furnishings,Central,60610,Chicago,Illinois,United States,0.6,-50.6688,3,38.976,-1.3
US-2020-152345,2019-12-29,2020-01-03,Shui Tom,Fellowes,Fellowes Bases and Tops For Staxonsteel/High-Stak Systems,Consumer,Office Supplies,Storage,West,87105,Albuquerque,New Mexico,United States,0.0,7.9896,1,33.29,0.24
US-2020-152345,2019-12-29,2020-01-03,Shui Tom,Other,Mediabridge Sport Armband iPhone 5s,Consumer,Technology,Phones,West,87105,Albuquerque,New Mexico,United States,0.2,-5.6943,3,23.976,-0.2375
US-2020-165477,2019-12-29,2019-12-31,Ricardo Emerson,Acco,Acco 6 Outlet Guardian Standard Surge Suppressor,Consumer,Office Supplies,Appliances,East,44240,Kent,Ohio,United States,0.2,6.045,5,48.36,0.125
US-2020-104738,2019-12-30,2020-01-01,Stefania Perrino,Acco,Acco Hanging Data Binders,Corporate,Office Supplies,Binders,Central,78041,Laredo,Texas,United States,0.8,-3.6576,3,2.286,-1.6
US-2020-104738,2019-12-30,2020-01-01,Stefania Perrino,Other,Fashion Color Clasp Envelopes,Corporate,Office Supplies,Envelopes,Central,78041,Laredo,Texas,United States,0.2,4.7067,3,12.984,0.3625
US-2020-104738,2019-12-30,2020-01-01,Stefania Perrino,Logitech,Logitech 910-002974 M325 Wireless Mouse for Web Scrolling,Corporate,Technology,Accessories,Central,78041,Laredo,Texas,United States,0.2,14.3952,2,47.984,0.3
US-2020-104738,2019-12-30,2020-01-01,Stefania Perrino,AT&T,AT&T 1080 Corded phone,Corporate,Technology,Phones,Central,78041,Laredo,Texas,United States,0.2,28.7679,3,328.776,0.0875
US-2020-104738,2019-12-30,2020-01-01,Stefania Perrino,Plantronics,"Plantronics CS 50-USB - headset - Convertible, Monaural",Corporate,Technology,Phones,Central,78041,Laredo,Texas,United States,0.2,19.0386,2,217.584,0.0875
US-2020-115189,2019-12-30,2020-01-03,Alex Russell,Hon,Hon 5100 Series Wood Tables,Corporate,Furniture,Tables,East,19143,Philadelphia,Pennsylvania,United States,0.4,-192.0468,3,523.764,-0.366666667
US-2020-115189,2019-12-30,2020-01-03,Alex Russell,Clearsounds,ClearSounds CSC500 Amplified Spirit Phone Corded phone,Corporate,Technology,Phones,East,19143,Philadelphia,Pennsylvania,United States,0.4,-50.3928,6,251.964,-0.2
US-2020-130960,2019-12-30,2020-01-04,Ken Brennan,Newell,Newell 350,Corporate,Office Supplies,Art,Central,48180,Taylor,Michigan,United States,0.0,2.8536,3,9.84,0.29
US-2020-131800,2019-12-30,2020-01-04,Astrea Jones,Kensington,Kensington 6 Outlet SmartSocket Surge Protector,Consumer,Office Supplies,Appliances,East,10035,New York City,New York,United States,0.0,30.735,3,122.94,0.25
US-2020-131800,2019-12-30,2020-01-04,Astrea Jones,Cardinal,"Cardinal HOLDit! Binder Insert Strips,Extra Strips",Consumer,Office Supplies,Binders,East,10035,New York City,New York,United States,0.2,12.8499,7,35.448,0.3625
US-2020-138072,2019-12-30,2020-01-03,Guy Armstrong,Maxell,"Maxell Pro 80 Minute CD-R, 10/Pack",Consumer,Technology,Accessories,East,19120,Philadelphia,Pennsylvania,United States,0.2,6.992,2,27.968,0.25
US-2020-166730,2019-12-30,2020-01-01,Dorothy Dickinson,Tennsco,Tennsco Industrial Shelving,Consumer,Office Supplies,Storage,South,38109,Memphis,Tennessee,United States,0.2,-8.8038,1,39.128,-0.225
US-2020-169789,2019-12-30,2020-01-04,Maureen Fritzler,Ibico,Ibico Ibimaster 300 Manual Binding System,Corporate,Office Supplies,Binders,West,85023,Phoenix,Arizona,United States,0.7,-459.9875,5,551.985,-0.833333333
US-2020-111150,2019-12-31,2020-01-04,Rob Williams,BIC,"BIC Brite Liner Grip Highlighters, Assorted, 5/Pack",Corporate,Office Supplies,Art,Central,65203,Columbia,Missouri,United States,0.0,11.5752,7,29.68,0.39
US-2020-111150,2019-12-31,2020-01-04,Rob Williams,Other,Sabrent 4-Port USB 2.0 Hub,Corporate,Technology,Accessories,Central,65203,Columbia,Missouri,United States,0.0,16.1602,7,47.53,0.34
US-2020-127383,2019-12-31,2020-01-05,Candace McMahon,Staple envelope,Staple envelope,Corporate,Office Supplies,Envelopes,Central,79907,El Paso,Texas,United States,0.2,17.9684,2,49.568,0.3625
US-2020-133592,2019-12-31,2020-01-07,Katherine Murray,Sauder,Sauder Inglewood Library Bookcases,Home Office,Furniture,Bookcases,East,2908,Providence,Rhode Island,United States,0.0,78.6508,2,341.96,0.23
US-2020-133592,2019-12-31,2020-01-07,Katherine Murray,Global,"Global Fabric Manager's Chair, Dark Gray",Home Office,Furniture,Chairs,East,2908,Providence,Rhode Island,United States,0.0,151.47,6,605.88,0.25
US-2020-133592,2019-12-31,2020-01-07,Katherine Murray,Xerox,Xerox 1970,Home Office,Office Supplies,Paper,East,2908,Providence,Rhode Island,United States,0.0,7.0218,3,14.94,0.47
US-2020-133592,2019-12-31,2020-01-07,Katherine Murray,Xerox,Xerox 1917,Home Office,Office Supplies,Paper,East,2908,Providence,Rhode Island,United States,0.0,91.9508,4,195.64,0.47
US-2020-133592,2019-12-31,2020-01-07,Katherine Murray,Plantronics,Plantronics Savi W720 Multi-Device Wireless Headset System,Home Office,Technology,Accessories,East,2908,Providence,Rhode Island,United States,0.0,742.632,4,1687.8,0.44
US-2020-133949,2019-12-31,2019-12-31,James Lanier,Panasonic,Panasonic KX TS3282W Corded phone,Home Office,Technology,Phones,West,89502,Reno,Nevada,United States,0.2,59.493,7,475.944,0.125
US-2020-143231,2019-12-31,2020-01-03,Gary Mitchum,Nu-Dell,Nu-Dell Executive Frame,Home Office,Furniture,Furnishings,East,2038,Franklin,Massachusetts,United States,0.0,23.384,5,63.2,0.37
US-2020-143231,2019-12-31,2020-01-03,Gary Mitchum,Imation,Imation Secure Drive + Hardware Encrypted USB flash drive - 16 GB,Home Office,Technology,Accessories,East,2038,Franklin,Massachusetts,United States,0.0,27.3528,3,113.97,0.24
US-2020-150245,2019-12-31,2020-01-04,Pamela Coakley,Atlantic,"Atlantic Metals Mobile 4-Shelf Bookcases, Custom Colors",Corporate,Furniture,Bookcases,East,13601,Watertown,New York,United States,0.2,196.686,7,1573.488,0.125
US-2020-157644,2019-12-31,2020-01-01,Aaron Hawkins,Avery,Avery 51,Corporate,Office Supplies,Labels,East,10035,New York City,New York,United States,0.0,8.694,3,18.9,0.46
US-2020-157644,2019-12-31,2020-01-01,Aaron Hawkins,Verbatim,"Verbatim 25 GB 6x Blu-ray Single Layer Recordable Disc, 10/Pack",Corporate,Technology,Accessories,East,10035,New York City,New York,United States,0.0,11.4741,3,34.77,0.33
